domain,available,registered,score,source,checked_at,http_status,elapsed_ms,remaining_requests,error
airveil.com,False,True,47.5,curated,2026-08-30T20:12:21.954359+00:00,200,965,,
arcveil.com,False,True,47.5,curated,2026-08-30T20:12:23.250090+00:00,200,1614,,
zenveil.com,False,,47.5,curated,2026-08-30T20:12:27.738668+00:00,429,122,,"{""statusCode"":429,""message"":""Rate limit exceeded."",""limit_reason"":""rate_limit"",""upgrade_url"":""https://whoisjson.com/dashboard/subscription""}"
aeroveil.com,False,True,46.15,curated,2026-08-30T20:12:21.252227+00:00,200,263,,
aircloak.com,False,True,46.15,curated,2026-08-30T20:12:22.334225+00:00,200,1081,,
airvault.com,False,True,46.15,curated,2026-08-30T20:12:22.284948+00:00,200,1296,,
arcroute.com,False,True,46.15,curated,2026-08-30T20:12:22.786463+00:00,200,743,,
arcvault.com,False,True,46.15,curated,2026-08-30T20:12:22.217579+00:00,200,263,,
auraveil.com,False,True,46.15,curated,2026-08-30T20:12:24.486143+00:00,200,2039,,
everveil.com,False,,46.15,curated,2026-08-30T20:12:25.110849+00:00,429,106,,"{""statusCode"":429,""message"":""Rate limit exceeded."",""limit_reason"":""rate_limit"",""upgrade_url"":""https://whoisjson.com/dashboard/subscription""}"
fluxveil.com,False,,46.15,curated,2026-08-30T20:12:25.378961+00:00,429,192,,"{""statusCode"":429,""message"":""Rate limit exceeded."",""limit_reason"":""rate_limit"",""upgrade_url"":""https://whoisjson.com/dashboard/subscription""}"
haloveil.com,False,,46.15,curated,2026-08-30T20:12:25.621959+00:00,429,99,,"{""statusCode"":429,""message"":""Rate limit exceeded."",""limit_reason"":""rate_limit"",""upgrade_url"":""https://whoisjson.com/dashboard/subscription""}"
hushveil.com,False,,46.15,curated,2026-08-30T20:12:25.905774+00:00,429,199,,"{""statusCode"":429,""message"":""Rate limit exceeded."",""limit_reason"":""rate_limit"",""upgrade_url"":""https://whoisjson.com/dashboard/subscription""}"
lumaveil.com,False,,46.15,curated,2026-08-30T20:12:26.142433+00:00,429,109,,"{""statusCode"":429,""message"":""Rate limit exceeded."",""limit_reason"":""rate_limit"",""upgrade_url"":""https://whoisjson.com/dashboard/subscription""}"
mistveil.com,False,,46.15,curated,2026-08-30T20:12:26.453318+00:00,429,117,,"{""statusCode"":429,""message"":""Rate limit exceeded."",""limit_reason"":""rate_limit"",""upgrade_url"":""https://whoisjson.com/dashboard/subscription""}"
novaveil.com,False,,46.15,curated,2026-08-30T20:12:26.569903+00:00,429,116,,"{""statusCode"":429,""message"":""Rate limit exceeded."",""limit_reason"":""rate_limit"",""upgrade_url"":""https://whoisjson.com/dashboard/subscription""}"
roamveil.com,False,,46.15,curated,2026-08-30T20:12:27.098487+00:00,429,124,,"{""statusCode"":429,""message"":""Rate limit exceeded."",""limit_reason"":""rate_limit"",""upgrade_url"":""https://whoisjson.com/dashboard/subscription""}"
trueveil.com,False,,46.15,curated,2026-08-30T20:12:27.495947+00:00,429,116,,"{""statusCode"":429,""message"":""Rate limit exceeded."",""limit_reason"":""rate_limit"",""upgrade_url"":""https://whoisjson.com/dashboard/subscription""}"
veilpath.com,False,,46.15,curated,2026-08-30T20:12:28.257926+00:00,429,112,,"{""statusCode"":429,""message"":""Rate limit exceeded."",""limit_reason"":""rate_limit"",""upgrade_url"":""https://whoisjson.com/dashboard/subscription""}"
veloveil.com,False,,46.15,curated,2026-08-30T20:12:27.612637+00:00,429,116,,"{""statusCode"":429,""message"":""Rate limit exceeded."",""limit_reason"":""rate_limit"",""upgrade_url"":""https://whoisjson.com/dashboard/subscription""}"
zencloak.com,False,,46.15,curated,2026-08-30T20:12:27.907434+00:00,429,191,,"{""statusCode"":429,""message"":""Rate limit exceeded."",""limit_reason"":""rate_limit"",""upgrade_url"":""https://whoisjson.com/dashboard/subscription""}"
zenrelay.com,False,,46.15,curated,2026-08-30T20:12:27.911220+00:00,429,179,,"{""statusCode"":429,""message"":""Rate limit exceeded."",""limit_reason"":""rate_limit"",""upgrade_url"":""https://whoisjson.com/dashboard/subscription""}"
zenroute.com,False,,46.15,curated,2026-08-30T20:12:27.909736+00:00,429,188,,"{""statusCode"":429,""message"":""Rate limit exceeded."",""limit_reason"":""rate_limit"",""upgrade_url"":""https://whoisjson.com/dashboard/subscription""}"
zenvault.com,False,,46.15,curated,2026-08-30T20:12:27.740447+00:00,429,111,,"{""statusCode"":429,""message"":""Rate limit exceeded."",""limit_reason"":""rate_limit"",""upgrade_url"":""https://whoisjson.com/dashboard/subscription""}"
aerocloak.com,False,True,44.8,curated,2026-08-30T20:12:21.634787+00:00,200,646,,
aerovault.com,False,True,44.8,curated,2026-08-30T20:12:21.635080+00:00,200,646,,
auracloak.com,False,True,44.8,curated,2026-08-30T20:12:23.087427+00:00,200,300,,
auraroute.com,False,True,44.8,curated,2026-08-30T20:12:23.611515+00:00,200,523,,
auravault.com,False,True,44.8,curated,2026-08-30T20:12:23.180026+00:00,200,443,,
blinkveil.com,True,False,44.8,curated,2026-08-30T20:14:35.724835+00:00,200,144,77,
clearveil.com,False,True,44.8,curated,2026-08-30T20:15:59.021199+00:00,200,928,55,
cloudveil.com,False,True,44.8,curated,2026-08-30T20:16:28.183018+00:00,200,223,47,
driftveil.com,False,True,44.8,curated,2026-08-30T20:17:03.688440+00:00,200,1121,38,
emberveil.com,False,True,44.8,curated,2026-08-30T20:17:32.922152+00:00,200,177,30,
evercloak.com,False,,44.8,curated,2026-08-30T20:12:25.281587+00:00,429,199,,"{""statusCode"":429,""message"":""Rate limit exceeded."",""limit_reason"":""rate_limit"",""upgrade_url"":""https://whoisjson.com/dashboard/subscription""}"
evervault.com,False,,44.8,curated,2026-08-30T20:12:25.122627+00:00,429,110,,"{""statusCode"":429,""message"":""Rate limit exceeded."",""limit_reason"":""rate_limit"",""upgrade_url"":""https://whoisjson.com/dashboard/subscription""}"
fluxcloak.com,False,,44.8,curated,2026-08-30T20:12:25.390998+00:00,429,109,,"{""statusCode"":429,""message"":""Rate limit exceeded."",""limit_reason"":""rate_limit"",""upgrade_url"":""https://whoisjson.com/dashboard/subscription""}"
fluxrelay.com,False,,44.8,curated,2026-08-30T20:12:25.391357+00:00,429,109,,"{""statusCode"":429,""message"":""Rate limit exceeded."",""limit_reason"":""rate_limit"",""upgrade_url"":""https://whoisjson.com/dashboard/subscription""}"
fluxroute.com,False,,44.8,curated,2026-08-30T20:12:25.398727+00:00,429,116,,"{""statusCode"":429,""message"":""Rate limit exceeded."",""limit_reason"":""rate_limit"",""upgrade_url"":""https://whoisjson.com/dashboard/subscription""}"
fluxvault.com,False,,44.8,curated,2026-08-30T20:12:25.390560+00:00,429,109,,"{""statusCode"":429,""message"":""Rate limit exceeded."",""limit_reason"":""rate_limit"",""upgrade_url"":""https://whoisjson.com/dashboard/subscription""}"
glideveil.com,False,,44.8,curated,2026-08-30T20:12:25.522893+00:00,429,131,,"{""statusCode"":429,""message"":""Rate limit exceeded."",""limit_reason"":""rate_limit"",""upgrade_url"":""https://whoisjson.com/dashboard/subscription""}"
halocloak.com,False,,44.8,curated,2026-08-30T20:12:25.706485+00:00,429,108,,"{""statusCode"":429,""message"":""Rate limit exceeded."",""limit_reason"":""rate_limit"",""upgrade_url"":""https://whoisjson.com/dashboard/subscription""}"
halorelay.com,False,,44.8,curated,2026-08-30T20:12:25.803175+00:00,429,176,,"{""statusCode"":429,""message"":""Rate limit exceeded."",""limit_reason"":""rate_limit"",""upgrade_url"":""https://whoisjson.com/dashboard/subscription""}"
haloroute.com,False,,44.8,curated,2026-08-30T20:12:25.802991+00:00,429,176,,"{""statusCode"":429,""message"":""Rate limit exceeded."",""limit_reason"":""rate_limit"",""upgrade_url"":""https://whoisjson.com/dashboard/subscription""}"
halovault.com,False,,44.8,curated,2026-08-30T20:12:25.627104+00:00,429,103,,"{""statusCode"":429,""message"":""Rate limit exceeded."",""limit_reason"":""rate_limit"",""upgrade_url"":""https://whoisjson.com/dashboard/subscription""}"
hushcloak.com,False,,44.8,curated,2026-08-30T20:12:25.920606+00:00,429,117,,"{""statusCode"":429,""message"":""Rate limit exceeded."",""limit_reason"":""rate_limit"",""upgrade_url"":""https://whoisjson.com/dashboard/subscription""}"
hushrelay.com,False,,44.8,curated,2026-08-30T20:12:25.916221+00:00,429,112,,"{""statusCode"":429,""message"":""Rate limit exceeded."",""limit_reason"":""rate_limit"",""upgrade_url"":""https://whoisjson.com/dashboard/subscription""}"
hushroute.com,False,,44.8,curated,2026-08-30T20:12:25.923256+00:00,429,120,,"{""statusCode"":429,""message"":""Rate limit exceeded."",""limit_reason"":""rate_limit"",""upgrade_url"":""https://whoisjson.com/dashboard/subscription""}"
hushvault.com,False,,44.8,curated,2026-08-30T20:12:25.921745+00:00,429,119,,"{""statusCode"":429,""message"":""Rate limit exceeded."",""limit_reason"":""rate_limit"",""upgrade_url"":""https://whoisjson.com/dashboard/subscription""}"
ivoryveil.com,False,,44.8,curated,2026-08-30T20:12:26.032631+00:00,429,111,,"{""statusCode"":429,""message"":""Rate limit exceeded."",""limit_reason"":""rate_limit"",""upgrade_url"":""https://whoisjson.com/dashboard/subscription""}"
lumacloak.com,False,,44.8,curated,2026-08-30T20:12:26.335558+00:00,429,197,,"{""statusCode"":429,""message"":""Rate limit exceeded."",""limit_reason"":""rate_limit"",""upgrade_url"":""https://whoisjson.com/dashboard/subscription""}"
lumarelay.com,False,,44.8,curated,2026-08-30T20:12:26.343031+00:00,429,192,,"{""statusCode"":429,""message"":""Rate limit exceeded."",""limit_reason"":""rate_limit"",""upgrade_url"":""https://whoisjson.com/dashboard/subscription""}"
lumavault.com,False,,44.8,curated,2026-08-30T20:12:26.150062+00:00,429,112,,"{""statusCode"":429,""message"":""Rate limit exceeded."",""limit_reason"":""rate_limit"",""upgrade_url"":""https://whoisjson.com/dashboard/subscription""}"
lunaroute.com,False,,44.8,curated,2026-08-30T20:12:26.335040+00:00,429,192,,"{""statusCode"":429,""message"":""Rate limit exceeded."",""limit_reason"":""rate_limit"",""upgrade_url"":""https://whoisjson.com/dashboard/subscription""}"
mistcloak.com,False,,44.8,curated,2026-08-30T20:12:26.448860+00:00,429,112,,"{""statusCode"":429,""message"":""Rate limit exceeded."",""limit_reason"":""rate_limit"",""upgrade_url"":""https://whoisjson.com/dashboard/subscription""}"
mistrelay.com,False,,44.8,curated,2026-08-30T20:12:26.452931+00:00,429,109,,"{""statusCode"":429,""message"":""Rate limit exceeded."",""limit_reason"":""rate_limit"",""upgrade_url"":""https://whoisjson.com/dashboard/subscription""}"
mistroute.com,False,,44.8,curated,2026-08-30T20:12:26.455987+00:00,429,118,,"{""statusCode"":429,""message"":""Rate limit exceeded."",""limit_reason"":""rate_limit"",""upgrade_url"":""https://whoisjson.com/dashboard/subscription""}"
mistvault.com,False,,44.8,curated,2026-08-30T20:12:26.463134+00:00,429,127,,"{""statusCode"":429,""message"":""Rate limit exceeded."",""limit_reason"":""rate_limit"",""upgrade_url"":""https://whoisjson.com/dashboard/subscription""}"
novacloak.com,False,,44.8,curated,2026-08-30T20:12:26.568115+00:00,429,112,,"{""statusCode"":429,""message"":""Rate limit exceeded."",""limit_reason"":""rate_limit"",""upgrade_url"":""https://whoisjson.com/dashboard/subscription""}"
novarelay.com,False,,44.8,curated,2026-08-30T20:12:26.681671+00:00,429,113,,"{""statusCode"":429,""message"":""Rate limit exceeded."",""limit_reason"":""rate_limit"",""upgrade_url"":""https://whoisjson.com/dashboard/subscription""}"
novaroute.com,False,,44.8,curated,2026-08-30T20:12:26.669832+00:00,429,120,,"{""statusCode"":429,""message"":""Rate limit exceeded."",""limit_reason"":""rate_limit"",""upgrade_url"":""https://whoisjson.com/dashboard/subscription""}"
novavault.com,False,,44.8,curated,2026-08-30T20:12:26.568457+00:00,429,114,,"{""statusCode"":429,""message"":""Rate limit exceeded."",""limit_reason"":""rate_limit"",""upgrade_url"":""https://whoisjson.com/dashboard/subscription""}"
orbitveil.com,False,,44.8,curated,2026-08-30T20:12:26.682111+00:00,429,112,,"{""statusCode"":429,""message"":""Rate limit exceeded."",""limit_reason"":""rate_limit"",""upgrade_url"":""https://whoisjson.com/dashboard/subscription""}"
quietveil.com,False,,44.8,curated,2026-08-30T20:12:26.981219+00:00,429,127,,"{""statusCode"":429,""message"":""Rate limit exceeded."",""limit_reason"":""rate_limit"",""upgrade_url"":""https://whoisjson.com/dashboard/subscription""}"
roamcloak.com,False,,44.8,curated,2026-08-30T20:12:27.096931+00:00,429,120,,"{""statusCode"":429,""message"":""Rate limit exceeded."",""limit_reason"":""rate_limit"",""upgrade_url"":""https://whoisjson.com/dashboard/subscription""}"
roamrelay.com,False,,44.8,curated,2026-08-30T20:12:27.189849+00:00,429,110,,"{""statusCode"":429,""message"":""Rate limit exceeded."",""limit_reason"":""rate_limit"",""upgrade_url"":""https://whoisjson.com/dashboard/subscription""}"
roamroute.com,False,,44.8,curated,2026-08-30T20:12:27.185639+00:00,429,113,,"{""statusCode"":429,""message"":""Rate limit exceeded."",""limit_reason"":""rate_limit"",""upgrade_url"":""https://whoisjson.com/dashboard/subscription""}"
roamvault.com,False,,44.8,curated,2026-08-30T20:12:27.096695+00:00,429,122,,"{""statusCode"":429,""message"":""Rate limit exceeded."",""limit_reason"":""rate_limit"",""upgrade_url"":""https://whoisjson.com/dashboard/subscription""}"
swiftveil.com,False,,44.8,curated,2026-08-30T20:12:27.221444+00:00,429,124,,"{""statusCode"":429,""message"":""Rate limit exceeded."",""limit_reason"":""rate_limit"",""upgrade_url"":""https://whoisjson.com/dashboard/subscription""}"
truecloak.com,False,,44.8,curated,2026-08-30T20:12:27.495537+00:00,429,115,,"{""statusCode"":429,""message"":""Rate limit exceeded."",""limit_reason"":""rate_limit"",""upgrade_url"":""https://whoisjson.com/dashboard/subscription""}"
truerelay.com,False,,44.8,curated,2026-08-30T20:12:27.496122+00:00,429,115,,"{""statusCode"":429,""message"":""Rate limit exceeded."",""limit_reason"":""rate_limit"",""upgrade_url"":""https://whoisjson.com/dashboard/subscription""}"
trueroute.com,False,,44.8,curated,2026-08-30T20:12:27.490652+00:00,429,110,,"{""statusCode"":429,""message"":""Rate limit exceeded."",""limit_reason"":""rate_limit"",""upgrade_url"":""https://whoisjson.com/dashboard/subscription""}"
truevault.com,False,,44.8,curated,2026-08-30T20:12:27.498885+00:00,429,119,,"{""statusCode"":429,""message"":""Rate limit exceeded."",""limit_reason"":""rate_limit"",""upgrade_url"":""https://whoisjson.com/dashboard/subscription""}"
vaultlane.com,False,,44.8,curated,2026-08-30T20:12:28.293199+00:00,429,112,,"{""statusCode"":429,""message"":""Rate limit exceeded."",""limit_reason"":""rate_limit"",""upgrade_url"":""https://whoisjson.com/dashboard/subscription""}"
veilroute.com,False,,44.8,curated,2026-08-30T20:12:28.283955+00:00,429,129,,"{""statusCode"":429,""message"":""Rate limit exceeded."",""limit_reason"":""rate_limit"",""upgrade_url"":""https://whoisjson.com/dashboard/subscription""}"
velocloak.com,False,,44.8,curated,2026-08-30T20:12:27.612124+00:00,429,115,,"{""statusCode"":429,""message"":""Rate limit exceeded."",""limit_reason"":""rate_limit"",""upgrade_url"":""https://whoisjson.com/dashboard/subscription""}"
velorelay.com,False,,44.8,curated,2026-08-30T20:12:27.715408+00:00,429,103,,"{""statusCode"":429,""message"":""Rate limit exceeded."",""limit_reason"":""rate_limit"",""upgrade_url"":""https://whoisjson.com/dashboard/subscription""}"
veloroute.com,False,,44.8,curated,2026-08-30T20:12:27.715869+00:00,429,117,,"{""statusCode"":429,""message"":""Rate limit exceeded."",""limit_reason"":""rate_limit"",""upgrade_url"":""https://whoisjson.com/dashboard/subscription""}"
velovault.com,False,,44.8,curated,2026-08-30T20:12:27.597818+00:00,429,101,,"{""statusCode"":429,""message"":""Rate limit exceeded."",""limit_reason"":""rate_limit"",""upgrade_url"":""https://whoisjson.com/dashboard/subscription""}"
zenshield.com,False,,44.8,curated,2026-08-30T20:12:27.912580+00:00,429,172,,"{""statusCode"":429,""message"":""Rate limit exceeded."",""limit_reason"":""rate_limit"",""upgrade_url"":""https://whoisjson.com/dashboard/subscription""}"
arcdash.com,False,True,43.5,curated,2026-08-30T20:12:22.446746+00:00,200,161,,
arclane.com,False,True,43.5,curated,2026-08-30T20:12:23.354243+00:00,200,1200,,
arcnest.com,False,True,43.5,curated,2026-08-30T20:12:22.919539+00:00,200,701,,
ciphora.com,False,True,43.5,curated,2026-08-30T20:15:28.629059+00:00,200,580,63,
zenlane.com,False,,43.5,curated,2026-08-30T20:12:27.911508+00:00,429,195,,"{""statusCode"":429,""message"":""Rate limit exceeded."",""limit_reason"":""rate_limit"",""upgrade_url"":""https://whoisjson.com/dashboard/subscription""}"
arcprivate.com,False,,43.45,curated,2026-08-30T20:12:28.012522+00:00,429,104,,"{""statusCode"":429,""message"":""Rate limit exceeded."",""limit_reason"":""rate_limit"",""upgrade_url"":""https://whoisjson.com/dashboard/subscription""}"
blinkcloak.com,True,False,43.45,curated,2026-08-30T20:14:43.840854+00:00,200,188,75,
blinkroute.com,False,True,43.45,curated,2026-08-30T20:14:49.281001+00:00,200,2200,74,
blinkvault.com,False,True,43.45,curated,2026-08-30T20:14:40.421458+00:00,200,1466,76,
brightveil.com,False,True,43.45,curated,2026-08-30T20:15:07.284799+00:00,200,172,69,
cipherveil.com,False,True,43.45,curated,2026-08-30T20:15:43.222895+00:00,200,435,59,
clearcloak.com,False,True,43.45,curated,2026-08-30T20:16:13.358732+00:00,200,846,51,
clearvault.com,False,True,43.45,curated,2026-08-30T20:16:09.278224+00:00,200,198,52,
cloakroute.com,False,,43.45,curated,2026-08-30T20:12:28.022991+00:00,429,113,,"{""statusCode"":429,""message"":""Rate limit exceeded."",""limit_reason"":""rate_limit"",""upgrade_url"":""https://whoisjson.com/dashboard/subscription""}"
cloudcloak.com,False,True,43.45,curated,2026-08-30T20:16:40.689891+00:00,200,1011,44,
cloudrelay.com,False,True,43.45,curated,2026-08-30T20:16:59.328684+00:00,200,146,39,
cloudroute.com,False,True,43.45,curated,2026-08-30T20:16:44.079676+00:00,200,154,43,
cloudvault.com,False,True,43.45,curated,2026-08-30T20:16:36.444283+00:00,200,1278,45,
driftcloak.com,True,False,43.45,curated,2026-08-30T20:17:14.319759+00:00,200,213,35,
driftrelay.com,False,True,43.45,curated,2026-08-30T20:17:22.624104+00:00,200,1403,33,
driftroute.com,False,True,43.45,curated,2026-08-30T20:17:17.989941+00:00,200,434,34,
driftvault.com,False,True,43.45,curated,2026-08-30T20:17:07.239458+00:00,200,312,37,
embercloak.com,False,,43.45,curated,2026-08-30T20:12:25.004026+00:00,429,115,,"{""statusCode"":429,""message"":""Rate limit exceeded."",""limit_reason"":""rate_limit"",""upgrade_url"":""https://whoisjson.com/dashboard/subscription""}"
embervault.com,False,,43.45,curated,2026-08-30T20:12:25.011998+00:00,429,125,,"{""statusCode"":429,""message"":""Rate limit exceeded."",""limit_reason"":""rate_limit"",""upgrade_url"":""https://whoisjson.com/dashboard/subscription""}"
evershield.com,False,,43.45,curated,2026-08-30T20:12:25.281391+00:00,429,158,,"{""statusCode"":429,""message"":""Rate limit exceeded."",""limit_reason"":""rate_limit"",""upgrade_url"":""https://whoisjson.com/dashboard/subscription""}"
fluxshield.com,False,,43.45,curated,2026-08-30T20:12:25.522565+00:00,429,131,,"{""statusCode"":429,""message"":""Rate limit exceeded."",""limit_reason"":""rate_limit"",""upgrade_url"":""https://whoisjson.com/dashboard/subscription""}"
glidecloak.com,False,,43.45,curated,2026-08-30T20:12:25.514693+00:00,429,115,,"{""statusCode"":429,""message"":""Rate limit exceeded."",""limit_reason"":""rate_limit"",""upgrade_url"":""https://whoisjson.com/dashboard/subscription""}"
gliderelay.com,False,,43.45,curated,2026-08-30T20:12:25.626885+00:00,429,112,,"{""statusCode"":429,""message"":""Rate limit exceeded."",""limit_reason"":""rate_limit"",""upgrade_url"":""https://whoisjson.com/dashboard/subscription""}"
glideroute.com,False,,43.45,curated,2026-08-30T20:12:25.598235+00:00,429,106,,"{""statusCode"":429,""message"":""Rate limit exceeded."",""limit_reason"":""rate_limit"",""upgrade_url"":""https://whoisjson.com/dashboard/subscription""}"
glidevault.com,False,,43.45,curated,2026-08-30T20:12:25.514510+00:00,429,123,,"{""statusCode"":429,""message"":""Rate limit exceeded."",""limit_reason"":""rate_limit"",""upgrade_url"":""https://whoisjson.com/dashboard/subscription""}"
haloshield.com,False,,43.45,curated,2026-08-30T20:12:25.802861+00:00,429,152,,"{""statusCode"":429,""message"":""Rate limit exceeded."",""limit_reason"":""rate_limit"",""upgrade_url"":""https://whoisjson.com/dashboard/subscription""}"
hushshield.com,False,,43.45,curated,2026-08-30T20:12:26.026025+00:00,429,109,,"{""statusCode"":429,""message"":""Rate limit exceeded."",""limit_reason"":""rate_limit"",""upgrade_url"":""https://whoisjson.com/dashboard/subscription""}"
ivorycloak.com,False,,43.45,curated,2026-08-30T20:12:26.037270+00:00,429,113,,"{""statusCode"":429,""message"":""Rate limit exceeded."",""limit_reason"":""rate_limit"",""upgrade_url"":""https://whoisjson.com/dashboard/subscription""}"
ivoryrelay.com,False,,43.45,curated,2026-08-30T20:12:26.142071+00:00,429,115,,"{""statusCode"":429,""message"":""Rate limit exceeded."",""limit_reason"":""rate_limit"",""upgrade_url"":""https://whoisjson.com/dashboard/subscription""}"
ivoryroute.com,False,,43.45,curated,2026-08-30T20:12:26.137768+00:00,429,111,,"{""statusCode"":429,""message"":""Rate limit exceeded."",""limit_reason"":""rate_limit"",""upgrade_url"":""https://whoisjson.com/dashboard/subscription""}"
ivoryvault.com,False,,43.45,curated,2026-08-30T20:12:26.031670+00:00,429,109,,"{""statusCode"":429,""message"":""Rate limit exceeded."",""limit_reason"":""rate_limit"",""upgrade_url"":""https://whoisjson.com/dashboard/subscription""}"
lumashield.com,False,,43.45,curated,2026-08-30T20:12:26.335924+00:00,429,185,,"{""statusCode"":429,""message"":""Rate limit exceeded."",""limit_reason"":""rate_limit"",""upgrade_url"":""https://whoisjson.com/dashboard/subscription""}"
mistshield.com,False,,43.45,curated,2026-08-30T20:12:26.567711+00:00,429,114,,"{""statusCode"":429,""message"":""Rate limit exceeded."",""limit_reason"":""rate_limit"",""upgrade_url"":""https://whoisjson.com/dashboard/subscription""}"
novashield.com,False,,43.45,curated,2026-08-30T20:12:26.682264+00:00,429,113,,"{""statusCode"":429,""message"":""Rate limit exceeded."",""limit_reason"":""rate_limit"",""upgrade_url"":""https://whoisjson.com/dashboard/subscription""}"
orbitcloak.com,False,,43.45,curated,2026-08-30T20:12:26.853311+00:00,429,183,,"{""statusCode"":429,""message"":""Rate limit exceeded."",""limit_reason"":""rate_limit"",""upgrade_url"":""https://whoisjson.com/dashboard/subscription""}"
orbitrelay.com,False,,43.45,curated,2026-08-30T20:12:26.856846+00:00,429,174,,"{""statusCode"":429,""message"":""Rate limit exceeded."",""limit_reason"":""rate_limit"",""upgrade_url"":""https://whoisjson.com/dashboard/subscription""}"
orbitroute.com,False,,43.45,curated,2026-08-30T20:12:26.855158+00:00,429,173,,"{""statusCode"":429,""message"":""Rate limit exceeded."",""limit_reason"":""rate_limit"",""upgrade_url"":""https://whoisjson.com/dashboard/subscription""}"
orbitvault.com,False,,43.45,curated,2026-08-30T20:12:26.687278+00:00,429,116,,"{""statusCode"":429,""message"":""Rate limit exceeded."",""limit_reason"":""rate_limit"",""upgrade_url"":""https://whoisjson.com/dashboard/subscription""}"
privyroute.com,False,,43.45,curated,2026-08-30T20:12:28.144827+00:00,429,132,,"{""statusCode"":429,""message"":""Rate limit exceeded."",""limit_reason"":""rate_limit"",""upgrade_url"":""https://whoisjson.com/dashboard/subscription""}"
quietcloak.com,False,,43.45,curated,2026-08-30T20:12:26.973922+00:00,429,118,,"{""statusCode"":429,""message"":""Rate limit exceeded."",""limit_reason"":""rate_limit"",""upgrade_url"":""https://whoisjson.com/dashboard/subscription""}"
quietrelay.com,False,,43.45,curated,2026-08-30T20:12:26.969096+00:00,429,111,,"{""statusCode"":429,""message"":""Rate limit exceeded."",""limit_reason"":""rate_limit"",""upgrade_url"":""https://whoisjson.com/dashboard/subscription""}"
quietroute.com,False,,43.45,curated,2026-08-30T20:12:26.974494+00:00,429,117,,"{""statusCode"":429,""message"":""Rate limit exceeded."",""limit_reason"":""rate_limit"",""upgrade_url"":""https://whoisjson.com/dashboard/subscription""}"
quietvault.com,False,,43.45,curated,2026-08-30T20:12:26.976005+00:00,429,122,,"{""statusCode"":429,""message"":""Rate limit exceeded."",""limit_reason"":""rate_limit"",""upgrade_url"":""https://whoisjson.com/dashboard/subscription""}"
roamshield.com,False,,43.45,curated,2026-08-30T20:12:27.217372+00:00,429,120,,"{""statusCode"":429,""message"":""Rate limit exceeded."",""limit_reason"":""rate_limit"",""upgrade_url"":""https://whoisjson.com/dashboard/subscription""}"
shieldlane.com,False,,43.45,curated,2026-08-30T20:12:28.180837+00:00,429,136,,"{""statusCode"":429,""message"":""Rate limit exceeded."",""limit_reason"":""rate_limit"",""upgrade_url"":""https://whoisjson.com/dashboard/subscription""}"
swiftcloak.com,False,,43.45,curated,2026-08-30T20:12:27.379220+00:00,429,193,,"{""statusCode"":429,""message"":""Rate limit exceeded."",""limit_reason"":""rate_limit"",""upgrade_url"":""https://whoisjson.com/dashboard/subscription""}"
swiftrelay.com,False,,43.45,curated,2026-08-30T20:12:27.380288+00:00,429,160,,"{""statusCode"":429,""message"":""Rate limit exceeded."",""limit_reason"":""rate_limit"",""upgrade_url"":""https://whoisjson.com/dashboard/subscription""}"
swiftroute.com,False,,43.45,curated,2026-08-30T20:12:27.379652+00:00,429,184,,"{""statusCode"":429,""message"":""Rate limit exceeded."",""limit_reason"":""rate_limit"",""upgrade_url"":""https://whoisjson.com/dashboard/subscription""}"
swiftvault.com,False,,43.45,curated,2026-08-30T20:12:27.220854+00:00,429,122,,"{""statusCode"":429,""message"":""Rate limit exceeded."",""limit_reason"":""rate_limit"",""upgrade_url"":""https://whoisjson.com/dashboard/subscription""}"
trueshield.com,False,,43.45,curated,2026-08-30T20:12:27.612442+00:00,429,121,,"{""statusCode"":429,""message"":""Rate limit exceeded."",""limit_reason"":""rate_limit"",""upgrade_url"":""https://whoisjson.com/dashboard/subscription""}"
veloshield.com,False,,43.45,curated,2026-08-30T20:12:27.720729+00:00,429,108,,"{""statusCode"":429,""message"":""Rate limit exceeded."",""limit_reason"":""rate_limit"",""upgrade_url"":""https://whoisjson.com/dashboard/subscription""}"
arccloak.com,True,False,43.15,curated,2026-08-30T20:12:22.153146+00:00,200,178,,
veillink.com,False,,43.15,curated,2026-08-30T20:12:28.250152+00:00,429,118,,"{""statusCode"":429,""message"":""Rate limit exceeded."",""limit_reason"":""rate_limit"",""upgrade_url"":""https://whoisjson.com/dashboard/subscription""}"
aerolane.com,False,True,42.15,curated,2026-08-30T20:12:22.042901+00:00,200,1054,,
airhaven.com,False,True,42.15,curated,2026-08-30T20:12:21.974387+00:00,200,339,,
airyveil.com,False,,42.15,semantic,2026-08-30T20:12:38.204359+00:00,429,116,,"{""statusCode"":429,""message"":""Rate limit exceeded."",""limit_reason"":""rate_limit"",""upgrade_url"":""https://whoisjson.com/dashboard/subscription""}"
arcdrift.com,False,True,42.15,curated,2026-08-30T20:12:22.736382+00:00,200,402,,
arcrelay.com,False,,42.15,semantic,2026-08-30T20:12:38.390604+00:00,429,172,,"{""statusCode"":429,""message"":""Rate limit exceeded."",""limit_reason"":""rate_limit"",""upgrade_url"":""https://whoisjson.com/dashboard/subscription""}"
auragate.com,False,True,42.15,curated,2026-08-30T20:12:24.054142+00:00,200,874,,
auralane.com,False,True,42.15,curated,2026-08-30T20:12:23.939908+00:00,200,1020,,
calmveil.com,False,,42.15,semantic,2026-08-30T20:12:39.803912+00:00,429,107,,"{""statusCode"":429,""message"":""Rate limit exceeded."",""limit_reason"":""rate_limit"",""upgrade_url"":""https://whoisjson.com/dashboard/subscription""}"
everlane.com,False,,42.15,curated,2026-08-30T20:12:25.186364+00:00,429,104,,"{""statusCode"":429,""message"":""Rate limit exceeded."",""limit_reason"":""rate_limit"",""upgrade_url"":""https://whoisjson.com/dashboard/subscription""}"
fluxlane.com,False,,42.15,curated,2026-08-30T20:12:25.402733+00:00,429,120,,"{""statusCode"":429,""message"":""Rate limit exceeded."",""limit_reason"":""rate_limit"",""upgrade_url"":""https://whoisjson.com/dashboard/subscription""}"
halolane.com,False,,42.15,curated,2026-08-30T20:12:25.801984+00:00,429,179,,"{""statusCode"":429,""message"":""Rate limit exceeded."",""limit_reason"":""rate_limit"",""upgrade_url"":""https://whoisjson.com/dashboard/subscription""}"
hushlane.com,False,,42.15,curated,2026-08-30T20:12:25.932644+00:00,429,129,,"{""statusCode"":429,""message"":""Rate limit exceeded."",""limit_reason"":""rate_limit"",""upgrade_url"":""https://whoisjson.com/dashboard/subscription""}"
hushpath.com,False,,42.15,curated,2026-08-30T20:12:28.043755+00:00,429,131,,"{""statusCode"":429,""message"":""Rate limit exceeded."",""limit_reason"":""rate_limit"",""upgrade_url"":""https://whoisjson.com/dashboard/subscription""}"
lumalane.com,False,,42.15,curated,2026-08-30T20:12:26.337558+00:00,429,195,,"{""statusCode"":429,""message"":""Rate limit exceeded."",""limit_reason"":""rate_limit"",""upgrade_url"":""https://whoisjson.com/dashboard/subscription""}"
mistlane.com,False,,42.15,curated,2026-08-30T20:12:26.453751+00:00,429,116,,"{""statusCode"":429,""message"":""Rate limit exceeded."",""limit_reason"":""rate_limit"",""upgrade_url"":""https://whoisjson.com/dashboard/subscription""}"
mistpath.com,False,,42.15,curated,2026-08-30T20:12:28.044506+00:00,429,131,,"{""statusCode"":429,""message"":""Rate limit exceeded."",""limit_reason"":""rate_limit"",""upgrade_url"":""https://whoisjson.com/dashboard/subscription""}"
novalane.com,False,,42.15,curated,2026-08-30T20:12:26.570202+00:00,429,107,,"{""statusCode"":429,""message"":""Rate limit exceeded."",""limit_reason"":""rate_limit"",""upgrade_url"":""https://whoisjson.com/dashboard/subscription""}"
roamlane.com,False,,42.15,curated,2026-08-30T20:12:27.085172+00:00,429,103,,"{""statusCode"":429,""message"":""Rate limit exceeded."",""limit_reason"":""rate_limit"",""upgrade_url"":""https://whoisjson.com/dashboard/subscription""}"
truelane.com,False,,42.15,curated,2026-08-30T20:12:27.490265+00:00,429,110,,"{""statusCode"":429,""message"":""Rate limit exceeded."",""limit_reason"":""rate_limit"",""upgrade_url"":""https://whoisjson.com/dashboard/subscription""}"
velolane.com,False,,42.15,curated,2026-08-30T20:12:27.628714+00:00,429,129,,"{""statusCode"":429,""message"":""Rate limit exceeded."",""limit_reason"":""rate_limit"",""upgrade_url"":""https://whoisjson.com/dashboard/subscription""}"
zenhaven.com,False,,42.15,curated,2026-08-30T20:12:27.912775+00:00,429,173,,"{""statusCode"":429,""message"":""Rate limit exceeded."",""limit_reason"":""rate_limit"",""upgrade_url"":""https://whoisjson.com/dashboard/subscription""}"
everrelay.com,False,,41.8,curated,2026-08-30T20:12:25.282181+00:00,429,171,,"{""statusCode"":429,""message"":""Rate limit exceeded."",""limit_reason"":""rate_limit"",""upgrade_url"":""https://whoisjson.com/dashboard/subscription""}"
everroute.com,False,,41.8,curated,2026-08-30T20:12:25.282048+00:00,429,192,,"{""statusCode"":429,""message"":""Rate limit exceeded."",""limit_reason"":""rate_limit"",""upgrade_url"":""https://whoisjson.com/dashboard/subscription""}"
arcbay.com,False,,40.85,semantic,2026-08-30T20:12:38.217500+00:00,429,114,,"{""statusCode"":429,""message"":""Rate limit exceeded."",""limit_reason"":""rate_limit"",""upgrade_url"":""https://whoisjson.com/dashboard/subscription""}"
archop.com,False,,40.85,semantic,2026-08-30T20:12:38.394245+00:00,429,188,,"{""statusCode"":429,""message"":""Rate limit exceeded."",""limit_reason"":""rate_limit"",""upgrade_url"":""https://whoisjson.com/dashboard/subscription""}"
aerorelay.com,False,,40.8,semantic,2026-08-30T20:12:37.588368+00:00,429,115,,"{""statusCode"":429,""message"":""Rate limit exceeded."",""limit_reason"":""rate_limit"",""upgrade_url"":""https://whoisjson.com/dashboard/subscription""}"
aeroroute.com,False,,40.8,semantic,2026-08-30T20:12:37.687730+00:00,429,113,,"{""statusCode"":429,""message"":""Rate limit exceeded."",""limit_reason"":""rate_limit"",""upgrade_url"":""https://whoisjson.com/dashboard/subscription""}"
airycloak.com,False,,40.8,semantic,2026-08-30T20:12:37.865080+00:00,429,176,,"{""statusCode"":429,""message"":""Rate limit exceeded."",""limit_reason"":""rate_limit"",""upgrade_url"":""https://whoisjson.com/dashboard/subscription""}"
airyrelay.com,False,,40.8,semantic,2026-08-30T20:12:38.087230+00:00,429,108,,"{""statusCode"":429,""message"":""Rate limit exceeded."",""limit_reason"":""rate_limit"",""upgrade_url"":""https://whoisjson.com/dashboard/subscription""}"
airyroute.com,False,,40.8,semantic,2026-08-30T20:12:38.087498+00:00,429,108,,"{""statusCode"":429,""message"":""Rate limit exceeded."",""limit_reason"":""rate_limit"",""upgrade_url"":""https://whoisjson.com/dashboard/subscription""}"
airyvault.com,False,,40.8,semantic,2026-08-30T20:12:38.100799+00:00,429,111,,"{""statusCode"":429,""message"":""Rate limit exceeded."",""limit_reason"":""rate_limit"",""upgrade_url"":""https://whoisjson.com/dashboard/subscription""}"
arcshield.com,False,,40.8,semantic,2026-08-30T20:12:38.524766+00:00,429,133,,"{""statusCode"":429,""message"":""Rate limit exceeded."",""limit_reason"":""rate_limit"",""upgrade_url"":""https://whoisjson.com/dashboard/subscription""}"
auradrift.com,False,True,40.8,curated,2026-08-30T20:12:23.493162+00:00,200,242,,
aurahaven.com,False,True,40.8,curated,2026-08-30T20:14:32.356716+00:00,200,1009,78,
aurarelay.com,False,,40.8,semantic,2026-08-30T20:12:38.753753+00:00,429,119,,"{""statusCode"":429,""message"":""Rate limit exceeded."",""limit_reason"":""rate_limit"",""upgrade_url"":""https://whoisjson.com/dashboard/subscription""}"
blinklane.com,False,True,40.8,curated,2026-08-30T20:14:52.829676+00:00,200,316,73,
calmcloak.com,False,,40.8,semantic,2026-08-30T20:12:39.574480+00:00,429,126,,"{""statusCode"":429,""message"":""Rate limit exceeded."",""limit_reason"":""rate_limit"",""upgrade_url"":""https://whoisjson.com/dashboard/subscription""}"
calmrelay.com,False,,40.8,semantic,2026-08-30T20:12:39.695885+00:00,429,121,,"{""statusCode"":429,""message"":""Rate limit exceeded."",""limit_reason"":""rate_limit"",""upgrade_url"":""https://whoisjson.com/dashboard/subscription""}"
calmroute.com,False,,40.8,semantic,2026-08-30T20:12:39.778493+00:00,429,121,,"{""statusCode"":429,""message"":""Rate limit exceeded."",""limit_reason"":""rate_limit"",""upgrade_url"":""https://whoisjson.com/dashboard/subscription""}"
calmvault.com,False,,40.8,semantic,2026-08-30T20:12:39.803050+00:00,429,107,,"{""statusCode"":429,""message"":""Rate limit exceeded."",""limit_reason"":""rate_limit"",""upgrade_url"":""https://whoisjson.com/dashboard/subscription""}"
cipherbay.com,False,True,40.8,curated,2026-08-30T20:15:32.058052+00:00,200,197,62,
clearlane.com,False,True,40.8,curated,2026-08-30T20:16:05.848506+00:00,200,142,53,
cloudlane.com,False,True,40.8,curated,2026-08-30T20:16:47.830151+00:00,200,521,42,
driftlane.com,False,True,40.8,curated,2026-08-30T20:17:10.868560+00:00,200,389,36,
emberlane.com,False,True,40.8,curated,2026-08-30T20:17:36.972333+00:00,200,816,29,
everhaven.com,False,,40.8,curated,2026-08-30T20:12:25.281735+00:00,429,166,,"{""statusCode"":429,""message"":""Rate limit exceeded."",""limit_reason"":""rate_limit"",""upgrade_url"":""https://whoisjson.com/dashboard/subscription""}"
fastcloak.com,False,,40.8,semantic,2026-08-30T20:12:42.177879+00:00,429,112,,"{""statusCode"":429,""message"":""Rate limit exceeded."",""limit_reason"":""rate_limit"",""upgrade_url"":""https://whoisjson.com/dashboard/subscription""}"
fastrelay.com,False,,40.8,semantic,2026-08-30T20:12:42.384883+00:00,429,105,,"{""statusCode"":429,""message"":""Rate limit exceeded."",""limit_reason"":""rate_limit"",""upgrade_url"":""https://whoisjson.com/dashboard/subscription""}"
fastroute.com,False,,40.8,semantic,2026-08-30T20:12:42.396916+00:00,429,113,,"{""statusCode"":429,""message"":""Rate limit exceeded."",""limit_reason"":""rate_limit"",""upgrade_url"":""https://whoisjson.com/dashboard/subscription""}"
fastvault.com,False,,40.8,semantic,2026-08-30T20:12:42.385769+00:00,429,98,,"{""statusCode"":429,""message"":""Rate limit exceeded."",""limit_reason"":""rate_limit"",""upgrade_url"":""https://whoisjson.com/dashboard/subscription""}"
fluxhaven.com,False,,40.8,curated,2026-08-30T20:12:25.491747+00:00,429,112,,"{""statusCode"":429,""message"":""Rate limit exceeded."",""limit_reason"":""rate_limit"",""upgrade_url"":""https://whoisjson.com/dashboard/subscription""}"
glidelane.com,False,,40.8,curated,2026-08-30T20:12:25.523250+00:00,429,120,,"{""statusCode"":429,""message"":""Rate limit exceeded."",""limit_reason"":""rate_limit"",""upgrade_url"":""https://whoisjson.com/dashboard/subscription""}"
halohaven.com,False,,40.8,curated,2026-08-30T20:12:25.802703+00:00,429,175,,"{""statusCode"":429,""message"":""Rate limit exceeded."",""limit_reason"":""rate_limit"",""upgrade_url"":""https://whoisjson.com/dashboard/subscription""}"
ivorylane.com,False,,40.8,curated,2026-08-30T20:12:26.031319+00:00,429,98,,"{""statusCode"":429,""message"":""Rate limit exceeded."",""limit_reason"":""rate_limit"",""upgrade_url"":""https://whoisjson.com/dashboard/subscription""}"
lumahaven.com,False,,40.8,curated,2026-08-30T20:12:26.337742+00:00,429,187,,"{""statusCode"":429,""message"":""Rate limit exceeded."",""limit_reason"":""rate_limit"",""upgrade_url"":""https://whoisjson.com/dashboard/subscription""}"
misthaven.com,False,,40.8,curated,2026-08-30T20:12:26.549614+00:00,429,100,,"{""statusCode"":429,""message"":""Rate limit exceeded."",""limit_reason"":""rate_limit"",""upgrade_url"":""https://whoisjson.com/dashboard/subscription""}"
novahaven.com,False,,40.8,curated,2026-08-30T20:12:26.681456+00:00,429,113,,"{""statusCode"":429,""message"":""Rate limit exceeded."",""limit_reason"":""rate_limit"",""upgrade_url"":""https://whoisjson.com/dashboard/subscription""}"
orbitlane.com,False,,40.8,curated,2026-08-30T20:12:26.857041+00:00,429,175,,"{""statusCode"":429,""message"":""Rate limit exceeded."",""limit_reason"":""rate_limit"",""upgrade_url"":""https://whoisjson.com/dashboard/subscription""}"
quietlane.com,False,,40.8,curated,2026-08-30T20:12:26.963179+00:00,429,107,,"{""statusCode"":429,""message"":""Rate limit exceeded."",""limit_reason"":""rate_limit"",""upgrade_url"":""https://whoisjson.com/dashboard/subscription""}"
quietpath.com,False,,40.8,curated,2026-08-30T20:12:28.182751+00:00,429,159,,"{""statusCode"":429,""message"":""Rate limit exceeded."",""limit_reason"":""rate_limit"",""upgrade_url"":""https://whoisjson.com/dashboard/subscription""}"
roamhaven.com,False,,40.8,curated,2026-08-30T20:12:27.194961+00:00,429,109,,"{""statusCode"":429,""message"":""Rate limit exceeded."",""limit_reason"":""rate_limit"",""upgrade_url"":""https://whoisjson.com/dashboard/subscription""}"
safeorbit.com,False,,40.8,curated,2026-08-30T20:12:28.131359+00:00,429,107,,"{""statusCode"":429,""message"":""Rate limit exceeded."",""limit_reason"":""rate_limit"",""upgrade_url"":""https://whoisjson.com/dashboard/subscription""}"
swiftlane.com,False,,40.8,curated,2026-08-30T20:12:27.380176+00:00,429,190,,"{""statusCode"":429,""message"":""Rate limit exceeded."",""limit_reason"":""rate_limit"",""upgrade_url"":""https://whoisjson.com/dashboard/subscription""}"
truehaven.com,False,,40.8,curated,2026-08-30T20:12:27.616053+00:00,429,125,,"{""statusCode"":429,""message"":""Rate limit exceeded."",""limit_reason"":""rate_limit"",""upgrade_url"":""https://whoisjson.com/dashboard/subscription""}"
velohaven.com,False,,40.8,curated,2026-08-30T20:12:27.731236+00:00,429,118,,"{""statusCode"":429,""message"":""Rate limit exceeded."",""limit_reason"":""rate_limit"",""upgrade_url"":""https://whoisjson.com/dashboard/subscription""}"
clearrelay.com,False,True,40.45,curated,2026-08-30T20:16:20.907956+00:00,200,805,49,
clearroute.com,False,True,40.45,curated,2026-08-30T20:16:16.869400+00:00,200,279,50,
emberrelay.com,False,,40.45,curated,2026-08-30T20:12:25.082267+00:00,429,112,,"{""statusCode"":429,""message"":""Rate limit exceeded."",""limit_reason"":""rate_limit"",""upgrade_url"":""https://whoisjson.com/dashboard/subscription""}"
emberroute.com,False,,40.45,curated,2026-08-30T20:12:25.082072+00:00,429,112,,"{""statusCode"":429,""message"":""Rate limit exceeded."",""limit_reason"":""rate_limit"",""upgrade_url"":""https://whoisjson.com/dashboard/subscription""}"
aerobay.com,False,,39.5,semantic,2026-08-30T20:12:37.472114+00:00,429,121,,"{""statusCode"":429,""message"":""Rate limit exceeded."",""limit_reason"":""rate_limit"",""upgrade_url"":""https://whoisjson.com/dashboard/subscription""}"
aerohop.com,False,,39.5,semantic,2026-08-30T20:12:37.574149+00:00,429,108,,"{""statusCode"":429,""message"":""Rate limit exceeded."",""limit_reason"":""rate_limit"",""upgrade_url"":""https://whoisjson.com/dashboard/subscription""}"
airybay.com,False,,39.5,semantic,2026-08-30T20:12:37.870147+00:00,429,182,,"{""statusCode"":429,""message"":""Rate limit exceeded."",""limit_reason"":""rate_limit"",""upgrade_url"":""https://whoisjson.com/dashboard/subscription""}"
airyhop.com,False,,39.5,semantic,2026-08-30T20:12:37.988328+00:00,429,122,,"{""statusCode"":429,""message"":""Rate limit exceeded."",""limit_reason"":""rate_limit"",""upgrade_url"":""https://whoisjson.com/dashboard/subscription""}"
arcgate.com,False,,39.5,semantic,2026-08-30T20:12:38.218447+00:00,429,115,,"{""statusCode"":429,""message"":""Rate limit exceeded."",""limit_reason"":""rate_limit"",""upgrade_url"":""https://whoisjson.com/dashboard/subscription""}"
arclink.com,False,,39.5,semantic,2026-08-30T20:12:38.391118+00:00,429,176,,"{""statusCode"":429,""message"":""Rate limit exceeded."",""limit_reason"":""rate_limit"",""upgrade_url"":""https://whoisjson.com/dashboard/subscription""}"
arcmesh.com,False,,39.5,semantic,2026-08-30T20:12:38.392295+00:00,429,175,,"{""statusCode"":429,""message"":""Rate limit exceeded."",""limit_reason"":""rate_limit"",""upgrade_url"":""https://whoisjson.com/dashboard/subscription""}"
arcpath.com,False,,39.5,semantic,2026-08-30T20:12:38.392757+00:00,429,175,,"{""statusCode"":429,""message"":""Rate limit exceeded."",""limit_reason"":""rate_limit"",""upgrade_url"":""https://whoisjson.com/dashboard/subscription""}"
arcwave.com,False,,39.5,semantic,2026-08-30T20:12:38.531738+00:00,429,138,,"{""statusCode"":429,""message"":""Rate limit exceeded."",""limit_reason"":""rate_limit"",""upgrade_url"":""https://whoisjson.com/dashboard/subscription""}"
arcwing.com,False,,39.5,semantic,2026-08-30T20:12:38.528284+00:00,429,133,,"{""statusCode"":429,""message"":""Rate limit exceeded."",""limit_reason"":""rate_limit"",""upgrade_url"":""https://whoisjson.com/dashboard/subscription""}"
arcwire.com,False,,39.5,semantic,2026-08-30T20:12:38.526879+00:00,429,131,,"{""statusCode"":429,""message"":""Rate limit exceeded."",""limit_reason"":""rate_limit"",""upgrade_url"":""https://whoisjson.com/dashboard/subscription""}"
aurabay.com,False,,39.5,semantic,2026-08-30T20:12:38.631033+00:00,429,115,,"{""statusCode"":429,""message"":""Rate limit exceeded."",""limit_reason"":""rate_limit"",""upgrade_url"":""https://whoisjson.com/dashboard/subscription""}"
aurahop.com,False,,39.5,semantic,2026-08-30T20:12:38.634329+00:00,429,109,,"{""statusCode"":429,""message"":""Rate limit exceeded."",""limit_reason"":""rate_limit"",""upgrade_url"":""https://whoisjson.com/dashboard/subscription""}"
calmbay.com,False,,39.5,semantic,2026-08-30T20:12:39.540626+00:00,429,206,,"{""statusCode"":429,""message"":""Rate limit exceeded."",""limit_reason"":""rate_limit"",""upgrade_url"":""https://whoisjson.com/dashboard/subscription""}"
calmhop.com,False,,39.5,semantic,2026-08-30T20:12:39.572713+00:00,429,117,,"{""statusCode"":429,""message"":""Rate limit exceeded."",""limit_reason"":""rate_limit"",""upgrade_url"":""https://whoisjson.com/dashboard/subscription""}"
everbay.com,False,,39.5,semantic,2026-08-30T20:12:41.888852+00:00,429,112,,"{""statusCode"":429,""message"":""Rate limit exceeded."",""limit_reason"":""rate_limit"",""upgrade_url"":""https://whoisjson.com/dashboard/subscription""}"
everhop.com,False,,39.5,semantic,2026-08-30T20:12:41.891609+00:00,429,112,,"{""statusCode"":429,""message"":""Rate limit exceeded."",""limit_reason"":""rate_limit"",""upgrade_url"":""https://whoisjson.com/dashboard/subscription""}"
fastbay.com,False,,39.5,semantic,2026-08-30T20:12:42.172919+00:00,429,108,,"{""statusCode"":429,""message"":""Rate limit exceeded."",""limit_reason"":""rate_limit"",""upgrade_url"":""https://whoisjson.com/dashboard/subscription""}"
fasthop.com,False,,39.5,semantic,2026-08-30T20:12:42.287511+00:00,429,114,,"{""statusCode"":429,""message"":""Rate limit exceeded."",""limit_reason"":""rate_limit"",""upgrade_url"":""https://whoisjson.com/dashboard/subscription""}"
aeroshield.com,False,,39.45,semantic,2026-08-30T20:12:37.686742+00:00,429,112,,"{""statusCode"":429,""message"":""Rate limit exceeded."",""limit_reason"":""rate_limit"",""upgrade_url"":""https://whoisjson.com/dashboard/subscription""}"
airyshield.com,False,,39.45,semantic,2026-08-30T20:12:38.102452+00:00,429,114,,"{""statusCode"":429,""message"":""Rate limit exceeded."",""limit_reason"":""rate_limit"",""upgrade_url"":""https://whoisjson.com/dashboard/subscription""}"
aurashield.com,False,,39.45,semantic,2026-08-30T20:12:38.762814+00:00,429,119,,"{""statusCode"":429,""message"":""Rate limit exceeded."",""limit_reason"":""rate_limit"",""upgrade_url"":""https://whoisjson.com/dashboard/subscription""}"
blinkhaven.com,False,True,39.45,curated,2026-08-30T20:14:56.275237+00:00,200,223,72,
blinkrelay.com,False,,39.45,semantic,2026-08-30T20:12:39.042670+00:00,429,113,,"{""statusCode"":429,""message"":""Rate limit exceeded."",""limit_reason"":""rate_limit"",""upgrade_url"":""https://whoisjson.com/dashboard/subscription""}"
brightlane.com,False,True,39.45,curated,2026-08-30T20:15:17.470437+00:00,200,145,66,
calmshield.com,False,,39.45,semantic,2026-08-30T20:12:39.798925+00:00,429,110,,"{""statusCode"":429,""message"":""Rate limit exceeded."",""limit_reason"":""rate_limit"",""upgrade_url"":""https://whoisjson.com/dashboard/subscription""}"
cipherlane.com,False,True,39.45,curated,2026-08-30T20:15:39.558761+00:00,200,640,60,
ciphernest.com,False,True,39.45,curated,2026-08-30T20:15:47.003664+00:00,200,547,58,
cipherpath.com,False,True,39.45,curated,2026-08-30T20:15:50.608080+00:00,200,373,57,
cipherwave.com,False,True,39.45,curated,2026-08-30T20:16:02.474468+00:00,200,220,54,
clearhaven.com,False,True,39.45,curated,2026-08-30T20:16:24.719777+00:00,200,572,48,
cloudhaven.com,False,True,39.45,curated,2026-08-30T20:16:55.946238+00:00,200,186,40,
covertlane.com,False,,39.45,curated,2026-08-30T20:12:28.044682+00:00,429,133,,"{""statusCode"":429,""message"":""Rate limit exceeded."",""limit_reason"":""rate_limit"",""upgrade_url"":""https://whoisjson.com/dashboard/subscription""}"
covertveil.com,False,,39.45,semantic,2026-08-30T20:12:41.160186+00:00,429,128,,"{""statusCode"":429,""message"":""Rate limit exceeded."",""limit_reason"":""rate_limit"",""upgrade_url"":""https://whoisjson.com/dashboard/subscription""}"
drifthaven.com,False,True,39.45,curated,2026-08-30T20:17:26.130771+00:00,200,269,32,
emberhaven.com,False,,39.45,curated,2026-08-30T20:12:25.089339+00:00,429,108,,"{""statusCode"":429,""message"":""Rate limit exceeded."",""limit_reason"":""rate_limit"",""upgrade_url"":""https://whoisjson.com/dashboard/subscription""}"
fastshield.com,False,,39.45,semantic,2026-08-30T20:12:42.386728+00:00,429,102,,"{""statusCode"":429,""message"":""Rate limit exceeded."",""limit_reason"":""rate_limit"",""upgrade_url"":""https://whoisjson.com/dashboard/subscription""}"
glidehaven.com,False,,39.45,curated,2026-08-30T20:12:25.626994+00:00,429,112,,"{""statusCode"":429,""message"":""Rate limit exceeded."",""limit_reason"":""rate_limit"",""upgrade_url"":""https://whoisjson.com/dashboard/subscription""}"
ivoryhaven.com,False,,39.45,curated,2026-08-30T20:12:26.150597+00:00,429,119,,"{""statusCode"":429,""message"":""Rate limit exceeded."",""limit_reason"":""rate_limit"",""upgrade_url"":""https://whoisjson.com/dashboard/subscription""}"
orbithaven.com,False,,39.45,curated,2026-08-30T20:12:26.855567+00:00,429,173,,"{""statusCode"":429,""message"":""Rate limit exceeded."",""limit_reason"":""rate_limit"",""upgrade_url"":""https://whoisjson.com/dashboard/subscription""}"
quiethaven.com,False,,39.45,curated,2026-08-30T20:12:27.071423+00:00,429,108,,"{""statusCode"":429,""message"":""Rate limit exceeded."",""limit_reason"":""rate_limit"",""upgrade_url"":""https://whoisjson.com/dashboard/subscription""}"
swifthaven.com,False,,39.45,curated,2026-08-30T20:12:27.379985+00:00,429,159,,"{""statusCode"":429,""message"":""Rate limit exceeded."",""limit_reason"":""rate_limit"",""upgrade_url"":""https://whoisjson.com/dashboard/subscription""}"
blinkshield.com,False,True,39.1,curated,2026-08-30T20:14:59.728954+00:00,200,213,71,
brightcloak.com,True,False,39.1,curated,2026-08-30T20:15:14.099196+00:00,200,219,67,
brightrelay.com,False,True,39.1,curated,2026-08-30T20:15:35.683897+00:00,200,394,61,
brightroute.com,False,True,39.1,curated,2026-08-30T20:15:21.239616+00:00,200,541,65,
brightvault.com,False,True,39.1,curated,2026-08-30T20:15:10.646701+00:00,200,132,68,
ciphervault.com,False,True,39.1,curated,2026-08-30T20:15:54.860009+00:00,200,1018,56,
cloudshield.com,False,True,39.1,curated,2026-08-30T20:16:52.522585+00:00,200,1464,41,
driftshield.com,False,True,39.1,curated,2026-08-30T20:17:29.509257+00:00,200,148,31,
embershield.com,False,,39.1,curated,2026-08-30T20:12:25.115498+00:00,429,115,,"{""statusCode"":429,""message"":""Rate limit exceeded."",""limit_reason"":""rate_limit"",""upgrade_url"":""https://whoisjson.com/dashboard/subscription""}"
glideshield.com,False,,39.1,curated,2026-08-30T20:12:25.649973+00:00,429,127,,"{""statusCode"":429,""message"":""Rate limit exceeded."",""limit_reason"":""rate_limit"",""upgrade_url"":""https://whoisjson.com/dashboard/subscription""}"
ivoryshield.com,False,,39.1,curated,2026-08-30T20:12:26.150764+00:00,429,119,,"{""statusCode"":429,""message"":""Rate limit exceeded."",""limit_reason"":""rate_limit"",""upgrade_url"":""https://whoisjson.com/dashboard/subscription""}"
orbitshield.com,False,,39.1,curated,2026-08-30T20:12:26.853708+00:00,429,166,,"{""statusCode"":429,""message"":""Rate limit exceeded."",""limit_reason"":""rate_limit"",""upgrade_url"":""https://whoisjson.com/dashboard/subscription""}"
quietshield.com,False,,39.1,curated,2026-08-30T20:12:27.079019+00:00,429,109,,"{""statusCode"":429,""message"":""Rate limit exceeded."",""limit_reason"":""rate_limit"",""upgrade_url"":""https://whoisjson.com/dashboard/subscription""}"
swiftshield.com,False,,39.1,curated,2026-08-30T20:12:27.380397+00:00,429,158,,"{""statusCode"":429,""message"":""Rate limit exceeded."",""limit_reason"":""rate_limit"",""upgrade_url"":""https://whoisjson.com/dashboard/subscription""}"
aeriba.com,False,,38.85,invented,2026-08-30T20:12:28.294464+00:00,429,111,,"{""statusCode"":429,""message"":""Rate limit exceeded."",""limit_reason"":""rate_limit"",""upgrade_url"":""https://whoisjson.com/dashboard/subscription""}"
aerica.com,False,,38.85,invented,2026-08-30T20:12:28.294722+00:00,429,111,,"{""statusCode"":429,""message"":""Rate limit exceeded."",""limit_reason"":""rate_limit"",""upgrade_url"":""https://whoisjson.com/dashboard/subscription""}"
aerida.com,False,,38.85,invented,2026-08-30T20:12:28.435057+00:00,429,184,,"{""statusCode"":429,""message"":""Rate limit exceeded."",""limit_reason"":""rate_limit"",""upgrade_url"":""https://whoisjson.com/dashboard/subscription""}"
aerido.com,False,,38.85,invented,2026-08-30T20:12:28.949980+00:00,429,184,,"{""statusCode"":429,""message"":""Rate limit exceeded."",""limit_reason"":""rate_limit"",""upgrade_url"":""https://whoisjson.com/dashboard/subscription""}"
aerifa.com,False,,38.85,invented,2026-08-30T20:12:28.435273+00:00,429,177,,"{""statusCode"":429,""message"":""Rate limit exceeded."",""limit_reason"":""rate_limit"",""upgrade_url"":""https://whoisjson.com/dashboard/subscription""}"
aerigo.com,False,,38.85,invented,2026-08-30T20:12:28.434672+00:00,429,150,,"{""statusCode"":429,""message"":""Rate limit exceeded."",""limit_reason"":""rate_limit"",""upgrade_url"":""https://whoisjson.com/dashboard/subscription""}"
aerika.com,False,,38.85,invented,2026-08-30T20:12:28.436484+00:00,429,143,,"{""statusCode"":429,""message"":""Rate limit exceeded."",""limit_reason"":""rate_limit"",""upgrade_url"":""https://whoisjson.com/dashboard/subscription""}"
aeriko.com,False,,38.85,invented,2026-08-30T20:12:28.436683+00:00,429,142,,"{""statusCode"":429,""message"":""Rate limit exceeded."",""limit_reason"":""rate_limit"",""upgrade_url"":""https://whoisjson.com/dashboard/subscription""}"
aerila.com,False,,38.85,invented,2026-08-30T20:12:28.436871+00:00,429,142,,"{""statusCode"":429,""message"":""Rate limit exceeded."",""limit_reason"":""rate_limit"",""upgrade_url"":""https://whoisjson.com/dashboard/subscription""}"
aerili.com,False,,38.85,invented,2026-08-30T20:12:28.949739+00:00,429,184,,"{""statusCode"":429,""message"":""Rate limit exceeded."",""limit_reason"":""rate_limit"",""upgrade_url"":""https://whoisjson.com/dashboard/subscription""}"
aerilo.com,False,,38.85,invented,2026-08-30T20:12:28.539658+00:00,429,104,,"{""statusCode"":429,""message"":""Rate limit exceeded."",""limit_reason"":""rate_limit"",""upgrade_url"":""https://whoisjson.com/dashboard/subscription""}"
aerima.com,False,,38.85,invented,2026-08-30T20:12:28.540080+00:00,429,104,,"{""statusCode"":429,""message"":""Rate limit exceeded."",""limit_reason"":""rate_limit"",""upgrade_url"":""https://whoisjson.com/dashboard/subscription""}"
aerimi.com,False,,38.85,invented,2026-08-30T20:12:28.949596+00:00,429,179,,"{""statusCode"":429,""message"":""Rate limit exceeded."",""limit_reason"":""rate_limit"",""upgrade_url"":""https://whoisjson.com/dashboard/subscription""}"
aerimo.com,False,,38.85,invented,2026-08-30T20:12:28.544121+00:00,429,108,,"{""statusCode"":429,""message"":""Rate limit exceeded."",""limit_reason"":""rate_limit"",""upgrade_url"":""https://whoisjson.com/dashboard/subscription""}"
aerina.com,False,,38.85,invented,2026-08-30T20:12:28.539799+00:00,429,103,,"{""statusCode"":429,""message"":""Rate limit exceeded."",""limit_reason"":""rate_limit"",""upgrade_url"":""https://whoisjson.com/dashboard/subscription""}"
aerini.com,False,,38.85,invented,2026-08-30T20:12:28.949000+00:00,429,178,,"{""statusCode"":429,""message"":""Rate limit exceeded."",""limit_reason"":""rate_limit"",""upgrade_url"":""https://whoisjson.com/dashboard/subscription""}"
aerino.com,False,,38.85,invented,2026-08-30T20:12:28.542314+00:00,429,105,,"{""statusCode"":429,""message"":""Rate limit exceeded."",""limit_reason"":""rate_limit"",""upgrade_url"":""https://whoisjson.com/dashboard/subscription""}"
aeripa.com,False,,38.85,invented,2026-08-30T20:12:28.544224+00:00,429,107,,"{""statusCode"":429,""message"":""Rate limit exceeded."",""limit_reason"":""rate_limit"",""upgrade_url"":""https://whoisjson.com/dashboard/subscription""}"
aeripo.com,False,,38.85,invented,2026-08-30T20:12:28.648655+00:00,429,108,,"{""statusCode"":429,""message"":""Rate limit exceeded."",""limit_reason"":""rate_limit"",""upgrade_url"":""https://whoisjson.com/dashboard/subscription""}"
aerira.com,False,,38.85,invented,2026-08-30T20:12:28.648785+00:00,429,108,,"{""statusCode"":429,""message"":""Rate limit exceeded."",""limit_reason"":""rate_limit"",""upgrade_url"":""https://whoisjson.com/dashboard/subscription""}"
aeriri.com,False,,38.85,invented,2026-08-30T20:12:28.948614+00:00,429,177,,"{""statusCode"":429,""message"":""Rate limit exceeded."",""limit_reason"":""rate_limit"",""upgrade_url"":""https://whoisjson.com/dashboard/subscription""}"
aeriro.com,False,,38.85,invented,2026-08-30T20:12:28.658004+00:00,429,117,,"{""statusCode"":429,""message"":""Rate limit exceeded."",""limit_reason"":""rate_limit"",""upgrade_url"":""https://whoisjson.com/dashboard/subscription""}"
aerisa.com,False,,38.85,invented,2026-08-30T20:12:28.653071+00:00,429,110,,"{""statusCode"":429,""message"":""Rate limit exceeded."",""limit_reason"":""rate_limit"",""upgrade_url"":""https://whoisjson.com/dashboard/subscription""}"
aeriso.com,False,,38.85,invented,2026-08-30T20:12:28.645079+00:00,429,100,,"{""statusCode"":429,""message"":""Rate limit exceeded."",""limit_reason"":""rate_limit"",""upgrade_url"":""https://whoisjson.com/dashboard/subscription""}"
aerita.com,False,,38.85,invented,2026-08-30T20:12:28.645229+00:00,429,100,,"{""statusCode"":429,""message"":""Rate limit exceeded."",""limit_reason"":""rate_limit"",""upgrade_url"":""https://whoisjson.com/dashboard/subscription""}"
aerito.com,False,,38.85,invented,2026-08-30T20:12:28.770984+00:00,429,125,,"{""statusCode"":429,""message"":""Rate limit exceeded."",""limit_reason"":""rate_limit"",""upgrade_url"":""https://whoisjson.com/dashboard/subscription""}"
aeriva.com,False,,38.85,invented,2026-08-30T20:12:28.765232+00:00,429,119,,"{""statusCode"":429,""message"":""Rate limit exceeded."",""limit_reason"":""rate_limit"",""upgrade_url"":""https://whoisjson.com/dashboard/subscription""}"
aerivi.com,False,,38.85,invented,2026-08-30T20:12:28.949139+00:00,429,177,,"{""statusCode"":429,""message"":""Rate limit exceeded."",""limit_reason"":""rate_limit"",""upgrade_url"":""https://whoisjson.com/dashboard/subscription""}"
aerivo.com,False,,38.85,invented,2026-08-30T20:12:28.771103+00:00,429,122,,"{""statusCode"":429,""message"":""Rate limit exceeded."",""limit_reason"":""rate_limit"",""upgrade_url"":""https://whoisjson.com/dashboard/subscription""}"
aeriya.com,False,,38.85,invented,2026-08-30T20:12:28.765440+00:00,429,116,,"{""statusCode"":429,""message"":""Rate limit exceeded."",""limit_reason"":""rate_limit"",""upgrade_url"":""https://whoisjson.com/dashboard/subscription""}"
aeriyo.com,False,,38.85,invented,2026-08-30T20:12:28.770602+00:00,429,117,,"{""statusCode"":429,""message"":""Rate limit exceeded."",""limit_reason"":""rate_limit"",""upgrade_url"":""https://whoisjson.com/dashboard/subscription""}"
aeriza.com,False,,38.85,invented,2026-08-30T20:12:28.770201+00:00,429,112,,"{""statusCode"":429,""message"":""Rate limit exceeded."",""limit_reason"":""rate_limit"",""upgrade_url"":""https://whoisjson.com/dashboard/subscription""}"
airoba.com,False,,38.85,invented,2026-08-30T20:12:29.080199+00:00,429,130,,"{""statusCode"":429,""message"":""Rate limit exceeded."",""limit_reason"":""rate_limit"",""upgrade_url"":""https://whoisjson.com/dashboard/subscription""}"
airoca.com,False,,38.85,invented,2026-08-30T20:12:29.192446+00:00,429,120,,"{""statusCode"":429,""message"":""Rate limit exceeded."",""limit_reason"":""rate_limit"",""upgrade_url"":""https://whoisjson.com/dashboard/subscription""}"
airoda.com,False,,38.85,invented,2026-08-30T20:12:29.210578+00:00,429,131,,"{""statusCode"":429,""message"":""Rate limit exceeded."",""limit_reason"":""rate_limit"",""upgrade_url"":""https://whoisjson.com/dashboard/subscription""}"
airodo.com,False,,38.85,invented,2026-08-30T20:12:29.779033+00:00,429,175,,"{""statusCode"":429,""message"":""Rate limit exceeded."",""limit_reason"":""rate_limit"",""upgrade_url"":""https://whoisjson.com/dashboard/subscription""}"
airofa.com,False,,38.85,invented,2026-08-30T20:12:29.210411+00:00,429,130,,"{""statusCode"":429,""message"":""Rate limit exceeded."",""limit_reason"":""rate_limit"",""upgrade_url"":""https://whoisjson.com/dashboard/subscription""}"
airogo.com,False,,38.85,invented,2026-08-30T20:12:29.217958+00:00,429,137,,"{""statusCode"":429,""message"":""Rate limit exceeded."",""limit_reason"":""rate_limit"",""upgrade_url"":""https://whoisjson.com/dashboard/subscription""}"
airoka.com,False,,38.85,invented,2026-08-30T20:12:29.217822+00:00,429,137,,"{""statusCode"":429,""message"":""Rate limit exceeded."",""limit_reason"":""rate_limit"",""upgrade_url"":""https://whoisjson.com/dashboard/subscription""}"
airoko.com,False,,38.85,invented,2026-08-30T20:12:29.211006+00:00,429,130,,"{""statusCode"":429,""message"":""Rate limit exceeded."",""limit_reason"":""rate_limit"",""upgrade_url"":""https://whoisjson.com/dashboard/subscription""}"
airola.com,False,,38.85,invented,2026-08-30T20:12:29.295181+00:00,429,102,,"{""statusCode"":429,""message"":""Rate limit exceeded."",""limit_reason"":""rate_limit"",""upgrade_url"":""https://whoisjson.com/dashboard/subscription""}"
airoli.com,False,,38.85,invented,2026-08-30T20:12:29.797283+00:00,429,116,,"{""statusCode"":429,""message"":""Rate limit exceeded."",""limit_reason"":""rate_limit"",""upgrade_url"":""https://whoisjson.com/dashboard/subscription""}"
airolo.com,False,,38.85,invented,2026-08-30T20:12:29.353634+00:00,429,143,,"{""statusCode"":429,""message"":""Rate limit exceeded."",""limit_reason"":""rate_limit"",""upgrade_url"":""https://whoisjson.com/dashboard/subscription""}"
airoma.com,False,,38.85,invented,2026-08-30T20:12:29.332345+00:00,429,121,,"{""statusCode"":429,""message"":""Rate limit exceeded."",""limit_reason"":""rate_limit"",""upgrade_url"":""https://whoisjson.com/dashboard/subscription""}"
airomi.com,False,,38.85,invented,2026-08-30T20:12:29.803502+00:00,429,118,,"{""statusCode"":429,""message"":""Rate limit exceeded."",""limit_reason"":""rate_limit"",""upgrade_url"":""https://whoisjson.com/dashboard/subscription""}"
airomo.com,False,,38.85,invented,2026-08-30T20:12:29.354249+00:00,429,143,,"{""statusCode"":429,""message"":""Rate limit exceeded."",""limit_reason"":""rate_limit"",""upgrade_url"":""https://whoisjson.com/dashboard/subscription""}"
airona.com,False,,38.85,invented,2026-08-30T20:12:29.362353+00:00,429,144,,"{""statusCode"":429,""message"":""Rate limit exceeded."",""limit_reason"":""rate_limit"",""upgrade_url"":""https://whoisjson.com/dashboard/subscription""}"
aironi.com,False,,38.85,invented,2026-08-30T20:12:29.830265+00:00,429,121,,"{""statusCode"":429,""message"":""Rate limit exceeded."",""limit_reason"":""rate_limit"",""upgrade_url"":""https://whoisjson.com/dashboard/subscription""}"
airono.com,False,,38.85,invented,2026-08-30T20:12:29.354457+00:00,429,136,,"{""statusCode"":429,""message"":""Rate limit exceeded."",""limit_reason"":""rate_limit"",""upgrade_url"":""https://whoisjson.com/dashboard/subscription""}"
airopa.com,False,,38.85,invented,2026-08-30T20:12:29.485024+00:00,429,189,,"{""statusCode"":429,""message"":""Rate limit exceeded."",""limit_reason"":""rate_limit"",""upgrade_url"":""https://whoisjson.com/dashboard/subscription""}"
airopo.com,False,,38.85,invented,2026-08-30T20:12:29.493177+00:00,429,160,,"{""statusCode"":429,""message"":""Rate limit exceeded."",""limit_reason"":""rate_limit"",""upgrade_url"":""https://whoisjson.com/dashboard/subscription""}"
airora.com,False,,38.85,invented,2026-08-30T20:12:29.562510+00:00,429,208,,"{""statusCode"":429,""message"":""Rate limit exceeded."",""limit_reason"":""rate_limit"",""upgrade_url"":""https://whoisjson.com/dashboard/subscription""}"
airori.com,False,,38.85,invented,2026-08-30T20:12:29.881216+00:00,429,172,,"{""statusCode"":429,""message"":""Rate limit exceeded."",""limit_reason"":""rate_limit"",""upgrade_url"":""https://whoisjson.com/dashboard/subscription""}"
airoro.com,False,,38.85,invented,2026-08-30T20:12:29.553760+00:00,429,199,,"{""statusCode"":429,""message"":""Rate limit exceeded."",""limit_reason"":""rate_limit"",""upgrade_url"":""https://whoisjson.com/dashboard/subscription""}"
airosa.com,False,,38.85,invented,2026-08-30T20:12:29.566878+00:00,429,212,,"{""statusCode"":429,""message"":""Rate limit exceeded."",""limit_reason"":""rate_limit"",""upgrade_url"":""https://whoisjson.com/dashboard/subscription""}"
airoso.com,False,,38.85,invented,2026-08-30T20:12:29.562381+00:00,429,199,,"{""statusCode"":429,""message"":""Rate limit exceeded."",""limit_reason"":""rate_limit"",""upgrade_url"":""https://whoisjson.com/dashboard/subscription""}"
airota.com,False,,38.85,invented,2026-08-30T20:12:29.594388+00:00,429,109,,"{""statusCode"":429,""message"":""Rate limit exceeded."",""limit_reason"":""rate_limit"",""upgrade_url"":""https://whoisjson.com/dashboard/subscription""}"
airoto.com,False,,38.85,invented,2026-08-30T20:12:29.603783+00:00,429,110,,"{""statusCode"":429,""message"":""Rate limit exceeded."",""limit_reason"":""rate_limit"",""upgrade_url"":""https://whoisjson.com/dashboard/subscription""}"
airova.com,False,,38.85,invented,2026-08-30T20:12:29.680548+00:00,429,126,,"{""statusCode"":429,""message"":""Rate limit exceeded."",""limit_reason"":""rate_limit"",""upgrade_url"":""https://whoisjson.com/dashboard/subscription""}"
airovi.com,False,,38.85,invented,2026-08-30T20:12:29.866919+00:00,429,140,,"{""statusCode"":429,""message"":""Rate limit exceeded."",""limit_reason"":""rate_limit"",""upgrade_url"":""https://whoisjson.com/dashboard/subscription""}"
airovo.com,False,,38.85,invented,2026-08-30T20:12:29.709077+00:00,429,146,,"{""statusCode"":429,""message"":""Rate limit exceeded."",""limit_reason"":""rate_limit"",""upgrade_url"":""https://whoisjson.com/dashboard/subscription""}"
airoya.com,False,,38.85,invented,2026-08-30T20:12:29.684540+00:00,429,121,,"{""statusCode"":429,""message"":""Rate limit exceeded."",""limit_reason"":""rate_limit"",""upgrade_url"":""https://whoisjson.com/dashboard/subscription""}"
airoyo.com,False,,38.85,invented,2026-08-30T20:12:29.708922+00:00,429,141,,"{""statusCode"":429,""message"":""Rate limit exceeded."",""limit_reason"":""rate_limit"",""upgrade_url"":""https://whoisjson.com/dashboard/subscription""}"
airoza.com,False,,38.85,invented,2026-08-30T20:12:29.726842+00:00,429,132,,"{""statusCode"":429,""message"":""Rate limit exceeded."",""limit_reason"":""rate_limit"",""upgrade_url"":""https://whoisjson.com/dashboard/subscription""}"
altiba.com,False,,38.85,invented,2026-08-30T20:12:30.151581+00:00,429,270,,"{""statusCode"":429,""message"":""Rate limit exceeded."",""limit_reason"":""rate_limit"",""upgrade_url"":""https://whoisjson.com/dashboard/subscription""}"
altica.com,False,,38.85,invented,2026-08-30T20:12:30.152686+00:00,429,257,,"{""statusCode"":429,""message"":""Rate limit exceeded."",""limit_reason"":""rate_limit"",""upgrade_url"":""https://whoisjson.com/dashboard/subscription""}"
altida.com,False,,38.85,invented,2026-08-30T20:12:30.539894+00:00,429,542,,"{""statusCode"":429,""message"":""Rate limit exceeded."",""limit_reason"":""rate_limit"",""upgrade_url"":""https://whoisjson.com/dashboard/subscription""}"
altido.com,False,,38.85,invented,2026-08-30T20:12:31.047621+00:00,429,202,,"{""statusCode"":429,""message"":""Rate limit exceeded."",""limit_reason"":""rate_limit"",""upgrade_url"":""https://whoisjson.com/dashboard/subscription""}"
altifa.com,False,,38.85,invented,2026-08-30T20:12:30.152999+00:00,429,146,,"{""statusCode"":429,""message"":""Rate limit exceeded."",""limit_reason"":""rate_limit"",""upgrade_url"":""https://whoisjson.com/dashboard/subscription""}"
altigo.com,False,,38.85,invented,2026-08-30T20:12:30.152345+00:00,429,144,,"{""statusCode"":429,""message"":""Rate limit exceeded."",""limit_reason"":""rate_limit"",""upgrade_url"":""https://whoisjson.com/dashboard/subscription""}"
altika.com,False,,38.85,invented,2026-08-30T20:12:30.586892+00:00,429,435,,"{""statusCode"":429,""message"":""Rate limit exceeded."",""limit_reason"":""rate_limit"",""upgrade_url"":""https://whoisjson.com/dashboard/subscription""}"
altiko.com,False,,38.85,invented,2026-08-30T20:12:30.586676+00:00,429,434,,"{""statusCode"":429,""message"":""Rate limit exceeded."",""limit_reason"":""rate_limit"",""upgrade_url"":""https://whoisjson.com/dashboard/subscription""}"
altila.com,False,,38.85,invented,2026-08-30T20:12:30.644376+00:00,429,491,,"{""statusCode"":429,""message"":""Rate limit exceeded."",""limit_reason"":""rate_limit"",""upgrade_url"":""https://whoisjson.com/dashboard/subscription""}"
altili.com,False,,38.85,invented,2026-08-30T20:12:30.953939+00:00,429,94,,"{""statusCode"":429,""message"":""Rate limit exceeded."",""limit_reason"":""rate_limit"",""upgrade_url"":""https://whoisjson.com/dashboard/subscription""}"
altilo.com,False,,38.85,invented,2026-08-30T20:12:30.644183+00:00,429,491,,"{""statusCode"":429,""message"":""Rate limit exceeded."",""limit_reason"":""rate_limit"",""upgrade_url"":""https://whoisjson.com/dashboard/subscription""}"
altima.com,False,,38.85,invented,2026-08-30T20:12:30.587259+00:00,429,434,,"{""statusCode"":429,""message"":""Rate limit exceeded."",""limit_reason"":""rate_limit"",""upgrade_url"":""https://whoisjson.com/dashboard/subscription""}"
altimi.com,False,,38.85,invented,2026-08-30T20:12:31.048870+00:00,429,158,,"{""statusCode"":429,""message"":""Rate limit exceeded."",""limit_reason"":""rate_limit"",""upgrade_url"":""https://whoisjson.com/dashboard/subscription""}"
altimo.com,False,,38.85,invented,2026-08-30T20:12:30.651293+00:00,429,110,,"{""statusCode"":429,""message"":""Rate limit exceeded."",""limit_reason"":""rate_limit"",""upgrade_url"":""https://whoisjson.com/dashboard/subscription""}"
altina.com,False,,38.85,invented,2026-08-30T20:12:30.687631+00:00,429,100,,"{""statusCode"":429,""message"":""Rate limit exceeded."",""limit_reason"":""rate_limit"",""upgrade_url"":""https://whoisjson.com/dashboard/subscription""}"
altini.com,False,,38.85,invented,2026-08-30T20:12:31.047861+00:00,429,154,,"{""statusCode"":429,""message"":""Rate limit exceeded."",""limit_reason"":""rate_limit"",""upgrade_url"":""https://whoisjson.com/dashboard/subscription""}"
altino.com,False,,38.85,invented,2026-08-30T20:12:30.687801+00:00,429,100,,"{""statusCode"":429,""message"":""Rate limit exceeded."",""limit_reason"":""rate_limit"",""upgrade_url"":""https://whoisjson.com/dashboard/subscription""}"
altipa.com,False,,38.85,invented,2026-08-30T20:12:30.701383+00:00,429,114,,"{""statusCode"":429,""message"":""Rate limit exceeded."",""limit_reason"":""rate_limit"",""upgrade_url"":""https://whoisjson.com/dashboard/subscription""}"
altipo.com,False,,38.85,invented,2026-08-30T20:12:30.749575+00:00,429,105,,"{""statusCode"":429,""message"":""Rate limit exceeded."",""limit_reason"":""rate_limit"",""upgrade_url"":""https://whoisjson.com/dashboard/subscription""}"
altira.com,False,,38.85,invented,2026-08-30T20:12:30.758466+00:00,429,114,,"{""statusCode"":429,""message"":""Rate limit exceeded."",""limit_reason"":""rate_limit"",""upgrade_url"":""https://whoisjson.com/dashboard/subscription""}"
altiri.com,False,,38.85,invented,2026-08-30T20:12:31.048736+00:00,429,145,,"{""statusCode"":429,""message"":""Rate limit exceeded."",""limit_reason"":""rate_limit"",""upgrade_url"":""https://whoisjson.com/dashboard/subscription""}"
altiro.com,False,,38.85,invented,2026-08-30T20:12:30.758138+00:00,429,106,,"{""statusCode"":429,""message"":""Rate limit exceeded."",""limit_reason"":""rate_limit"",""upgrade_url"":""https://whoisjson.com/dashboard/subscription""}"
altisa.com,False,,38.85,invented,2026-08-30T20:12:30.784718+00:00,429,96,,"{""statusCode"":429,""message"":""Rate limit exceeded."",""limit_reason"":""rate_limit"",""upgrade_url"":""https://whoisjson.com/dashboard/subscription""}"
altiso.com,False,,38.85,invented,2026-08-30T20:12:30.792244+00:00,429,104,,"{""statusCode"":429,""message"":""Rate limit exceeded."",""limit_reason"":""rate_limit"",""upgrade_url"":""https://whoisjson.com/dashboard/subscription""}"
altita.com,False,,38.85,invented,2026-08-30T20:12:30.795720+00:00,429,94,,"{""statusCode"":429,""message"":""Rate limit exceeded."",""limit_reason"":""rate_limit"",""upgrade_url"":""https://whoisjson.com/dashboard/subscription""}"
altito.com,False,,38.85,invented,2026-08-30T20:12:30.845159+00:00,429,95,,"{""statusCode"":429,""message"":""Rate limit exceeded."",""limit_reason"":""rate_limit"",""upgrade_url"":""https://whoisjson.com/dashboard/subscription""}"
altiva.com,False,,38.85,invented,2026-08-30T20:12:30.890239+00:00,429,132,,"{""statusCode"":429,""message"":""Rate limit exceeded."",""limit_reason"":""rate_limit"",""upgrade_url"":""https://whoisjson.com/dashboard/subscription""}"
altivi.com,False,,38.85,invented,2026-08-30T20:12:31.048207+00:00,429,142,,"{""statusCode"":429,""message"":""Rate limit exceeded."",""limit_reason"":""rate_limit"",""upgrade_url"":""https://whoisjson.com/dashboard/subscription""}"
altivo.com,False,,38.85,invented,2026-08-30T20:12:30.859173+00:00,429,100,,"{""statusCode"":429,""message"":""Rate limit exceeded."",""limit_reason"":""rate_limit"",""upgrade_url"":""https://whoisjson.com/dashboard/subscription""}"
altiya.com,False,,38.85,invented,2026-08-30T20:12:30.905388+00:00,429,120,,"{""statusCode"":429,""message"":""Rate limit exceeded."",""limit_reason"":""rate_limit"",""upgrade_url"":""https://whoisjson.com/dashboard/subscription""}"
altiyo.com,False,,38.85,invented,2026-08-30T20:12:30.903008+00:00,429,110,,"{""statusCode"":429,""message"":""Rate limit exceeded."",""limit_reason"":""rate_limit"",""upgrade_url"":""https://whoisjson.com/dashboard/subscription""}"
altiza.com,False,,38.85,invented,2026-08-30T20:12:30.893563+00:00,429,97,,"{""statusCode"":429,""message"":""Rate limit exceeded."",""limit_reason"":""rate_limit"",""upgrade_url"":""https://whoisjson.com/dashboard/subscription""}"
anviba.com,False,,38.85,invented,2026-08-30T20:12:31.158681+00:00,429,109,,"{""statusCode"":429,""message"":""Rate limit exceeded."",""limit_reason"":""rate_limit"",""upgrade_url"":""https://whoisjson.com/dashboard/subscription""}"
anvica.com,False,,38.85,invented,2026-08-30T20:12:31.251145+00:00,429,104,,"{""statusCode"":429,""message"":""Rate limit exceeded."",""limit_reason"":""rate_limit"",""upgrade_url"":""https://whoisjson.com/dashboard/subscription""}"
anvida.com,False,,38.85,invented,2026-08-30T20:12:31.251643+00:00,429,99,,"{""statusCode"":429,""message"":""Rate limit exceeded."",""limit_reason"":""rate_limit"",""upgrade_url"":""https://whoisjson.com/dashboard/subscription""}"
anvido.com,False,,38.85,invented,2026-08-30T20:12:31.775499+00:00,429,111,,"{""statusCode"":429,""message"":""Rate limit exceeded."",""limit_reason"":""rate_limit"",""upgrade_url"":""https://whoisjson.com/dashboard/subscription""}"
anvifa.com,False,,38.85,invented,2026-08-30T20:12:31.251543+00:00,429,99,,"{""statusCode"":429,""message"":""Rate limit exceeded."",""limit_reason"":""rate_limit"",""upgrade_url"":""https://whoisjson.com/dashboard/subscription""}"
anvigo.com,False,,38.85,invented,2026-08-30T20:12:31.259627+00:00,429,100,,"{""statusCode"":429,""message"":""Rate limit exceeded."",""limit_reason"":""rate_limit"",""upgrade_url"":""https://whoisjson.com/dashboard/subscription""}"
anvika.com,False,,38.85,invented,2026-08-30T20:12:31.291028+00:00,429,102,,"{""statusCode"":429,""message"":""Rate limit exceeded."",""limit_reason"":""rate_limit"",""upgrade_url"":""https://whoisjson.com/dashboard/subscription""}"
anviko.com,False,,38.85,invented,2026-08-30T20:12:31.291175+00:00,429,95,,"{""statusCode"":429,""message"":""Rate limit exceeded."",""limit_reason"":""rate_limit"",""upgrade_url"":""https://whoisjson.com/dashboard/subscription""}"
anvila.com,False,,38.85,invented,2026-08-30T20:12:31.361572+00:00,429,110,,"{""statusCode"":429,""message"":""Rate limit exceeded."",""limit_reason"":""rate_limit"",""upgrade_url"":""https://whoisjson.com/dashboard/subscription""}"
anvili.com,False,,38.85,invented,2026-08-30T20:12:31.771229+00:00,429,106,,"{""statusCode"":429,""message"":""Rate limit exceeded."",""limit_reason"":""rate_limit"",""upgrade_url"":""https://whoisjson.com/dashboard/subscription""}"
anvilo.com,False,,38.85,invented,2026-08-30T20:12:31.352617+00:00,429,101,,"{""statusCode"":429,""message"":""Rate limit exceeded."",""limit_reason"":""rate_limit"",""upgrade_url"":""https://whoisjson.com/dashboard/subscription""}"
anvima.com,False,,38.85,invented,2026-08-30T20:12:31.352443+00:00,429,100,,"{""statusCode"":429,""message"":""Rate limit exceeded."",""limit_reason"":""rate_limit"",""upgrade_url"":""https://whoisjson.com/dashboard/subscription""}"
anvimi.com,False,,38.85,invented,2026-08-30T20:12:31.775268+00:00,429,110,,"{""statusCode"":429,""message"":""Rate limit exceeded."",""limit_reason"":""rate_limit"",""upgrade_url"":""https://whoisjson.com/dashboard/subscription""}"
anvimo.com,False,,38.85,invented,2026-08-30T20:12:31.352071+00:00,429,92,,"{""statusCode"":429,""message"":""Rate limit exceeded."",""limit_reason"":""rate_limit"",""upgrade_url"":""https://whoisjson.com/dashboard/subscription""}"
anvina.com,False,,38.85,invented,2026-08-30T20:12:31.404807+00:00,429,113,,"{""statusCode"":429,""message"":""Rate limit exceeded."",""limit_reason"":""rate_limit"",""upgrade_url"":""https://whoisjson.com/dashboard/subscription""}"
anvini.com,False,,38.85,invented,2026-08-30T20:12:31.780061+00:00,429,102,,"{""statusCode"":429,""message"":""Rate limit exceeded."",""limit_reason"":""rate_limit"",""upgrade_url"":""https://whoisjson.com/dashboard/subscription""}"
anvino.com,False,,38.85,invented,2026-08-30T20:12:31.404631+00:00,429,113,,"{""statusCode"":429,""message"":""Rate limit exceeded."",""limit_reason"":""rate_limit"",""upgrade_url"":""https://whoisjson.com/dashboard/subscription""}"
anvipa.com,False,,38.85,invented,2026-08-30T20:12:31.454524+00:00,429,102,,"{""statusCode"":429,""message"":""Rate limit exceeded."",""limit_reason"":""rate_limit"",""upgrade_url"":""https://whoisjson.com/dashboard/subscription""}"
anvipo.com,False,,38.85,invented,2026-08-30T20:12:31.454685+00:00,429,102,,"{""statusCode"":429,""message"":""Rate limit exceeded."",""limit_reason"":""rate_limit"",""upgrade_url"":""https://whoisjson.com/dashboard/subscription""}"
anvira.com,False,,38.85,invented,2026-08-30T20:12:31.462394+00:00,429,109,,"{""statusCode"":429,""message"":""Rate limit exceeded."",""limit_reason"":""rate_limit"",""upgrade_url"":""https://whoisjson.com/dashboard/subscription""}"
anviri.com,False,,38.85,invented,2026-08-30T20:12:31.795037+00:00,429,107,,"{""statusCode"":429,""message"":""Rate limit exceeded."",""limit_reason"":""rate_limit"",""upgrade_url"":""https://whoisjson.com/dashboard/subscription""}"
anviro.com,False,,38.85,invented,2026-08-30T20:12:31.461896+00:00,429,100,,"{""statusCode"":429,""message"":""Rate limit exceeded."",""limit_reason"":""rate_limit"",""upgrade_url"":""https://whoisjson.com/dashboard/subscription""}"
anvisa.com,False,,38.85,invented,2026-08-30T20:12:31.575424+00:00,429,170,,"{""statusCode"":429,""message"":""Rate limit exceeded."",""limit_reason"":""rate_limit"",""upgrade_url"":""https://whoisjson.com/dashboard/subscription""}"
anviso.com,False,,38.85,invented,2026-08-30T20:12:31.575233+00:00,429,170,,"{""statusCode"":429,""message"":""Rate limit exceeded."",""limit_reason"":""rate_limit"",""upgrade_url"":""https://whoisjson.com/dashboard/subscription""}"
anvita.com,False,,38.85,invented,2026-08-30T20:12:31.663840+00:00,429,209,,"{""statusCode"":429,""message"":""Rate limit exceeded."",""limit_reason"":""rate_limit"",""upgrade_url"":""https://whoisjson.com/dashboard/subscription""}"
anvito.com,False,,38.85,invented,2026-08-30T20:12:31.664362+00:00,429,209,,"{""statusCode"":429,""message"":""Rate limit exceeded."",""limit_reason"":""rate_limit"",""upgrade_url"":""https://whoisjson.com/dashboard/subscription""}"
anviva.com,False,,38.85,invented,2026-08-30T20:12:31.663681+00:00,429,201,,"{""statusCode"":429,""message"":""Rate limit exceeded."",""limit_reason"":""rate_limit"",""upgrade_url"":""https://whoisjson.com/dashboard/subscription""}"
anvivi.com,False,,38.85,invented,2026-08-30T20:12:31.880392+00:00,429,109,,"{""statusCode"":429,""message"":""Rate limit exceeded."",""limit_reason"":""rate_limit"",""upgrade_url"":""https://whoisjson.com/dashboard/subscription""}"
anvivo.com,False,,38.85,invented,2026-08-30T20:12:31.664482+00:00,429,202,,"{""statusCode"":429,""message"":""Rate limit exceeded."",""limit_reason"":""rate_limit"",""upgrade_url"":""https://whoisjson.com/dashboard/subscription""}"
anviya.com,False,,38.85,invented,2026-08-30T20:12:31.687183+00:00,429,111,,"{""statusCode"":429,""message"":""Rate limit exceeded."",""limit_reason"":""rate_limit"",""upgrade_url"":""https://whoisjson.com/dashboard/subscription""}"
anviyo.com,False,,38.85,invented,2026-08-30T20:12:31.677043+00:00,429,101,,"{""statusCode"":429,""message"":""Rate limit exceeded."",""limit_reason"":""rate_limit"",""upgrade_url"":""https://whoisjson.com/dashboard/subscription""}"
anviza.com,False,,38.85,invented,2026-08-30T20:12:31.775398+00:00,429,111,,"{""statusCode"":429,""message"":""Rate limit exceeded."",""limit_reason"":""rate_limit"",""upgrade_url"":""https://whoisjson.com/dashboard/subscription""}"
arcaba.com,False,,38.85,invented,2026-08-30T20:12:31.985642+00:00,429,105,,"{""statusCode"":429,""message"":""Rate limit exceeded."",""limit_reason"":""rate_limit"",""upgrade_url"":""https://whoisjson.com/dashboard/subscription""}"
arcaca.com,False,,38.85,invented,2026-08-30T20:12:31.987172+00:00,429,106,,"{""statusCode"":429,""message"":""Rate limit exceeded."",""limit_reason"":""rate_limit"",""upgrade_url"":""https://whoisjson.com/dashboard/subscription""}"
arcada.com,False,,38.85,invented,2026-08-30T20:12:31.992281+00:00,429,111,,"{""statusCode"":429,""message"":""Rate limit exceeded."",""limit_reason"":""rate_limit"",""upgrade_url"":""https://whoisjson.com/dashboard/subscription""}"
arcado.com,False,,38.85,invented,2026-08-30T20:12:32.625596+00:00,429,172,,"{""statusCode"":429,""message"":""Rate limit exceeded."",""limit_reason"":""rate_limit"",""upgrade_url"":""https://whoisjson.com/dashboard/subscription""}"
arcafa.com,False,,38.85,invented,2026-08-30T20:12:31.989271+00:00,429,108,,"{""statusCode"":429,""message"":""Rate limit exceeded."",""limit_reason"":""rate_limit"",""upgrade_url"":""https://whoisjson.com/dashboard/subscription""}"
arcago.com,False,,38.85,invented,2026-08-30T20:12:31.989481+00:00,429,106,,"{""statusCode"":429,""message"":""Rate limit exceeded."",""limit_reason"":""rate_limit"",""upgrade_url"":""https://whoisjson.com/dashboard/subscription""}"
arcaka.com,False,,38.85,invented,2026-08-30T20:12:32.097924+00:00,429,194,,"{""statusCode"":429,""message"":""Rate limit exceeded."",""limit_reason"":""rate_limit"",""upgrade_url"":""https://whoisjson.com/dashboard/subscription""}"
arcako.com,False,,38.85,invented,2026-08-30T20:12:32.198780+00:00,429,212,,"{""statusCode"":429,""message"":""Rate limit exceeded."",""limit_reason"":""rate_limit"",""upgrade_url"":""https://whoisjson.com/dashboard/subscription""}"
arcala.com,False,,38.85,invented,2026-08-30T20:12:32.198162+00:00,429,210,,"{""statusCode"":429,""message"":""Rate limit exceeded."",""limit_reason"":""rate_limit"",""upgrade_url"":""https://whoisjson.com/dashboard/subscription""}"
arcali.com,False,,38.85,invented,2026-08-30T20:12:32.630225+00:00,429,175,,"{""statusCode"":429,""message"":""Rate limit exceeded."",""limit_reason"":""rate_limit"",""upgrade_url"":""https://whoisjson.com/dashboard/subscription""}"
arcalo.com,False,,38.85,invented,2026-08-30T20:12:32.203508+00:00,429,214,,"{""statusCode"":429,""message"":""Rate limit exceeded."",""limit_reason"":""rate_limit"",""upgrade_url"":""https://whoisjson.com/dashboard/subscription""}"
arcama.com,False,,38.85,invented,2026-08-30T20:12:32.198564+00:00,429,209,,"{""statusCode"":429,""message"":""Rate limit exceeded."",""limit_reason"":""rate_limit"",""upgrade_url"":""https://whoisjson.com/dashboard/subscription""}"
arcami.com,False,,38.85,invented,2026-08-30T20:12:32.628236+00:00,429,172,,"{""statusCode"":429,""message"":""Rate limit exceeded."",""limit_reason"":""rate_limit"",""upgrade_url"":""https://whoisjson.com/dashboard/subscription""}"
arcamo.com,False,,38.85,invented,2026-08-30T20:12:32.227802+00:00,429,235,,"{""statusCode"":429,""message"":""Rate limit exceeded."",""limit_reason"":""rate_limit"",""upgrade_url"":""https://whoisjson.com/dashboard/subscription""}"
arcana.com,False,,38.85,invented,2026-08-30T20:12:32.229071+00:00,429,130,,"{""statusCode"":429,""message"":""Rate limit exceeded."",""limit_reason"":""rate_limit"",""upgrade_url"":""https://whoisjson.com/dashboard/subscription""}"
arcani.com,False,,38.85,invented,2026-08-30T20:12:32.626791+00:00,429,154,,"{""statusCode"":429,""message"":""Rate limit exceeded."",""limit_reason"":""rate_limit"",""upgrade_url"":""https://whoisjson.com/dashboard/subscription""}"
arcano.com,False,,38.85,invented,2026-08-30T20:12:32.328337+00:00,429,129,,"{""statusCode"":429,""message"":""Rate limit exceeded."",""limit_reason"":""rate_limit"",""upgrade_url"":""https://whoisjson.com/dashboard/subscription""}"
arcapa.com,False,,38.85,invented,2026-08-30T20:12:32.333248+00:00,429,134,,"{""statusCode"":429,""message"":""Rate limit exceeded."",""limit_reason"":""rate_limit"",""upgrade_url"":""https://whoisjson.com/dashboard/subscription""}"
arcapo.com,False,,38.85,invented,2026-08-30T20:12:32.333912+00:00,429,135,,"{""statusCode"":429,""message"":""Rate limit exceeded."",""limit_reason"":""rate_limit"",""upgrade_url"":""https://whoisjson.com/dashboard/subscription""}"
arcara.com,False,,38.85,invented,2026-08-30T20:12:32.327794+00:00,429,124,,"{""statusCode"":429,""message"":""Rate limit exceeded."",""limit_reason"":""rate_limit"",""upgrade_url"":""https://whoisjson.com/dashboard/subscription""}"
arcari.com,False,,38.85,invented,2026-08-30T20:12:32.727004+00:00,429,101,,"{""statusCode"":429,""message"":""Rate limit exceeded."",""limit_reason"":""rate_limit"",""upgrade_url"":""https://whoisjson.com/dashboard/subscription""}"
arcaro.com,False,,38.85,invented,2026-08-30T20:12:32.334202+00:00,429,106,,"{""statusCode"":429,""message"":""Rate limit exceeded."",""limit_reason"":""rate_limit"",""upgrade_url"":""https://whoisjson.com/dashboard/subscription""}"
arcasa.com,False,,38.85,invented,2026-08-30T20:12:32.342480+00:00,429,113,,"{""statusCode"":429,""message"":""Rate limit exceeded."",""limit_reason"":""rate_limit"",""upgrade_url"":""https://whoisjson.com/dashboard/subscription""}"
arcaso.com,False,,38.85,invented,2026-08-30T20:12:32.453118+00:00,429,125,,"{""statusCode"":429,""message"":""Rate limit exceeded."",""limit_reason"":""rate_limit"",""upgrade_url"":""https://whoisjson.com/dashboard/subscription""}"
arcata.com,False,,38.85,invented,2026-08-30T20:12:32.441531+00:00,429,113,,"{""statusCode"":429,""message"":""Rate limit exceeded."",""limit_reason"":""rate_limit"",""upgrade_url"":""https://whoisjson.com/dashboard/subscription""}"
arcato.com,False,,38.85,invented,2026-08-30T20:12:32.441965+00:00,429,108,,"{""statusCode"":429,""message"":""Rate limit exceeded."",""limit_reason"":""rate_limit"",""upgrade_url"":""https://whoisjson.com/dashboard/subscription""}"
arcava.com,False,,38.85,invented,2026-08-30T20:12:32.454277+00:00,429,120,,"{""statusCode"":429,""message"":""Rate limit exceeded."",""limit_reason"":""rate_limit"",""upgrade_url"":""https://whoisjson.com/dashboard/subscription""}"
arcavi.com,False,,38.85,invented,2026-08-30T20:12:32.731811+00:00,429,106,,"{""statusCode"":429,""message"":""Rate limit exceeded."",""limit_reason"":""rate_limit"",""upgrade_url"":""https://whoisjson.com/dashboard/subscription""}"
arcavo.com,False,,38.85,invented,2026-08-30T20:12:32.456035+00:00,429,121,,"{""statusCode"":429,""message"":""Rate limit exceeded."",""limit_reason"":""rate_limit"",""upgrade_url"":""https://whoisjson.com/dashboard/subscription""}"
arcaya.com,False,,38.85,invented,2026-08-30T20:12:32.472062+00:00,429,129,,"{""statusCode"":429,""message"":""Rate limit exceeded."",""limit_reason"":""rate_limit"",""upgrade_url"":""https://whoisjson.com/dashboard/subscription""}"
arcayo.com,False,,38.85,invented,2026-08-30T20:12:32.624947+00:00,429,183,,"{""statusCode"":429,""message"":""Rate limit exceeded."",""limit_reason"":""rate_limit"",""upgrade_url"":""https://whoisjson.com/dashboard/subscription""}"
arcaza.com,False,,38.85,invented,2026-08-30T20:12:32.627257+00:00,429,185,,"{""statusCode"":429,""message"":""Rate limit exceeded."",""limit_reason"":""rate_limit"",""upgrade_url"":""https://whoisjson.com/dashboard/subscription""}"
arioba.com,False,,38.85,invented,2026-08-30T20:12:32.848534+00:00,429,116,,"{""statusCode"":429,""message"":""Rate limit exceeded."",""limit_reason"":""rate_limit"",""upgrade_url"":""https://whoisjson.com/dashboard/subscription""}"
arioca.com,False,,38.85,invented,2026-08-30T20:12:32.854768+00:00,429,115,,"{""statusCode"":429,""message"":""Rate limit exceeded."",""limit_reason"":""rate_limit"",""upgrade_url"":""https://whoisjson.com/dashboard/subscription""}"
arioda.com,False,,38.85,invented,2026-08-30T20:12:32.848183+00:00,429,104,,"{""statusCode"":429,""message"":""Rate limit exceeded."",""limit_reason"":""rate_limit"",""upgrade_url"":""https://whoisjson.com/dashboard/subscription""}"
ariodo.com,False,,38.85,invented,2026-08-30T20:12:33.371446+00:00,429,109,,"{""statusCode"":429,""message"":""Rate limit exceeded."",""limit_reason"":""rate_limit"",""upgrade_url"":""https://whoisjson.com/dashboard/subscription""}"
ariofa.com,False,,38.85,invented,2026-08-30T20:12:32.854983+00:00,429,111,,"{""statusCode"":429,""message"":""Rate limit exceeded."",""limit_reason"":""rate_limit"",""upgrade_url"":""https://whoisjson.com/dashboard/subscription""}"
ariogo.com,False,,38.85,invented,2026-08-30T20:12:32.848764+00:00,429,104,,"{""statusCode"":429,""message"":""Rate limit exceeded."",""limit_reason"":""rate_limit"",""upgrade_url"":""https://whoisjson.com/dashboard/subscription""}"
arioka.com,False,,38.85,invented,2026-08-30T20:12:32.940186+00:00,429,108,,"{""statusCode"":429,""message"":""Rate limit exceeded."",""limit_reason"":""rate_limit"",""upgrade_url"":""https://whoisjson.com/dashboard/subscription""}"
arioko.com,False,,38.85,invented,2026-08-30T20:12:32.947523+00:00,429,99,,"{""statusCode"":429,""message"":""Rate limit exceeded."",""limit_reason"":""rate_limit"",""upgrade_url"":""https://whoisjson.com/dashboard/subscription""}"
ariola.com,False,,38.85,invented,2026-08-30T20:12:32.958682+00:00,429,110,,"{""statusCode"":429,""message"":""Rate limit exceeded."",""limit_reason"":""rate_limit"",""upgrade_url"":""https://whoisjson.com/dashboard/subscription""}"
arioli.com,False,,38.85,invented,2026-08-30T20:12:33.372531+00:00,429,105,,"{""statusCode"":429,""message"":""Rate limit exceeded."",""limit_reason"":""rate_limit"",""upgrade_url"":""https://whoisjson.com/dashboard/subscription""}"
ariolo.com,False,,38.85,invented,2026-08-30T20:12:32.954951+00:00,429,106,,"{""statusCode"":429,""message"":""Rate limit exceeded."",""limit_reason"":""rate_limit"",""upgrade_url"":""https://whoisjson.com/dashboard/subscription""}"
arioma.com,False,,38.85,invented,2026-08-30T20:12:32.962392+00:00,429,107,,"{""statusCode"":429,""message"":""Rate limit exceeded."",""limit_reason"":""rate_limit"",""upgrade_url"":""https://whoisjson.com/dashboard/subscription""}"
ariomi.com,False,,38.85,invented,2026-08-30T20:12:33.395374+00:00,429,127,,"{""statusCode"":429,""message"":""Rate limit exceeded."",""limit_reason"":""rate_limit"",""upgrade_url"":""https://whoisjson.com/dashboard/subscription""}"
ariomo.com,False,,38.85,invented,2026-08-30T20:12:32.958430+00:00,429,103,,"{""statusCode"":429,""message"":""Rate limit exceeded."",""limit_reason"":""rate_limit"",""upgrade_url"":""https://whoisjson.com/dashboard/subscription""}"
ariona.com,False,,38.85,invented,2026-08-30T20:12:33.053786+00:00,429,113,,"{""statusCode"":429,""message"":""Rate limit exceeded."",""limit_reason"":""rate_limit"",""upgrade_url"":""https://whoisjson.com/dashboard/subscription""}"
arioni.com,False,,38.85,invented,2026-08-30T20:12:33.479800+00:00,429,119,,"{""statusCode"":429,""message"":""Rate limit exceeded."",""limit_reason"":""rate_limit"",""upgrade_url"":""https://whoisjson.com/dashboard/subscription""}"
ariono.com,False,,38.85,invented,2026-08-30T20:12:33.053392+00:00,429,105,,"{""statusCode"":429,""message"":""Rate limit exceeded."",""limit_reason"":""rate_limit"",""upgrade_url"":""https://whoisjson.com/dashboard/subscription""}"
ariopa.com,False,,38.85,invented,2026-08-30T20:12:33.147840+00:00,429,192,,"{""statusCode"":429,""message"":""Rate limit exceeded."",""limit_reason"":""rate_limit"",""upgrade_url"":""https://whoisjson.com/dashboard/subscription""}"
ariopo.com,False,,38.85,invented,2026-08-30T20:12:33.145875+00:00,429,187,,"{""statusCode"":429,""message"":""Rate limit exceeded."",""limit_reason"":""rate_limit"",""upgrade_url"":""https://whoisjson.com/dashboard/subscription""}"
ariora.com,False,,38.85,invented,2026-08-30T20:12:33.147588+00:00,429,188,,"{""statusCode"":429,""message"":""Rate limit exceeded."",""limit_reason"":""rate_limit"",""upgrade_url"":""https://whoisjson.com/dashboard/subscription""}"
ariori.com,False,,38.85,invented,2026-08-30T20:12:33.485784+00:00,429,115,,"{""statusCode"":429,""message"":""Rate limit exceeded."",""limit_reason"":""rate_limit"",""upgrade_url"":""https://whoisjson.com/dashboard/subscription""}"
arioro.com,False,,38.85,invented,2026-08-30T20:12:33.148571+00:00,429,186,,"{""statusCode"":429,""message"":""Rate limit exceeded."",""limit_reason"":""rate_limit"",""upgrade_url"":""https://whoisjson.com/dashboard/subscription""}"
ariosa.com,False,,38.85,invented,2026-08-30T20:12:33.254480+00:00,429,200,,"{""statusCode"":429,""message"":""Rate limit exceeded."",""limit_reason"":""rate_limit"",""upgrade_url"":""https://whoisjson.com/dashboard/subscription""}"
arioso.com,False,,38.85,invented,2026-08-30T20:12:33.247734+00:00,429,193,,"{""statusCode"":429,""message"":""Rate limit exceeded."",""limit_reason"":""rate_limit"",""upgrade_url"":""https://whoisjson.com/dashboard/subscription""}"
ariota.com,False,,38.85,invented,2026-08-30T20:12:33.261249+00:00,429,115,,"{""statusCode"":429,""message"":""Rate limit exceeded."",""limit_reason"":""rate_limit"",""upgrade_url"":""https://whoisjson.com/dashboard/subscription""}"
arioto.com,False,,38.85,invented,2026-08-30T20:12:33.267473+00:00,429,119,,"{""statusCode"":429,""message"":""Rate limit exceeded."",""limit_reason"":""rate_limit"",""upgrade_url"":""https://whoisjson.com/dashboard/subscription""}"
ariova.com,False,,38.85,invented,2026-08-30T20:12:33.262342+00:00,429,114,,"{""statusCode"":429,""message"":""Rate limit exceeded."",""limit_reason"":""rate_limit"",""upgrade_url"":""https://whoisjson.com/dashboard/subscription""}"
ariovi.com,False,,38.85,invented,2026-08-30T20:12:33.489646+00:00,429,118,,"{""statusCode"":429,""message"":""Rate limit exceeded."",""limit_reason"":""rate_limit"",""upgrade_url"":""https://whoisjson.com/dashboard/subscription""}"
ariovo.com,False,,38.85,invented,2026-08-30T20:12:33.267283+00:00,429,118,,"{""statusCode"":429,""message"":""Rate limit exceeded."",""limit_reason"":""rate_limit"",""upgrade_url"":""https://whoisjson.com/dashboard/subscription""}"
arioya.com,False,,38.85,invented,2026-08-30T20:12:33.370016+00:00,429,122,,"{""statusCode"":429,""message"":""Rate limit exceeded."",""limit_reason"":""rate_limit"",""upgrade_url"":""https://whoisjson.com/dashboard/subscription""}"
arioyo.com,False,,38.85,invented,2026-08-30T20:12:33.375402+00:00,429,120,,"{""statusCode"":429,""message"":""Rate limit exceeded."",""limit_reason"":""rate_limit"",""upgrade_url"":""https://whoisjson.com/dashboard/subscription""}"
arioza.com,False,,38.85,invented,2026-08-30T20:12:33.360534+00:00,429,99,,"{""statusCode"":429,""message"":""Rate limit exceeded."",""limit_reason"":""rate_limit"",""upgrade_url"":""https://whoisjson.com/dashboard/subscription""}"
arviba.com,False,,38.85,invented,2026-08-30T20:12:33.692589+00:00,429,206,,"{""statusCode"":429,""message"":""Rate limit exceeded."",""limit_reason"":""rate_limit"",""upgrade_url"":""https://whoisjson.com/dashboard/subscription""}"
arvica.com,False,,38.85,invented,2026-08-30T20:12:33.692994+00:00,429,204,,"{""statusCode"":429,""message"":""Rate limit exceeded."",""limit_reason"":""rate_limit"",""upgrade_url"":""https://whoisjson.com/dashboard/subscription""}"
arvida.com,False,,38.85,invented,2026-08-30T20:12:33.682843+00:00,429,193,,"{""statusCode"":429,""message"":""Rate limit exceeded."",""limit_reason"":""rate_limit"",""upgrade_url"":""https://whoisjson.com/dashboard/subscription""}"
arvido.com,False,,38.85,invented,2026-08-30T20:12:34.211394+00:00,429,177,,"{""statusCode"":429,""message"":""Rate limit exceeded."",""limit_reason"":""rate_limit"",""upgrade_url"":""https://whoisjson.com/dashboard/subscription""}"
arvifa.com,False,,38.85,invented,2026-08-30T20:12:33.686110+00:00,429,183,,"{""statusCode"":429,""message"":""Rate limit exceeded."",""limit_reason"":""rate_limit"",""upgrade_url"":""https://whoisjson.com/dashboard/subscription""}"
arvigo.com,False,,38.85,invented,2026-08-30T20:12:33.808297+00:00,429,129,,"{""statusCode"":429,""message"":""Rate limit exceeded."",""limit_reason"":""rate_limit"",""upgrade_url"":""https://whoisjson.com/dashboard/subscription""}"
arvika.com,False,,38.85,invented,2026-08-30T20:12:33.809052+00:00,429,125,,"{""statusCode"":429,""message"":""Rate limit exceeded."",""limit_reason"":""rate_limit"",""upgrade_url"":""https://whoisjson.com/dashboard/subscription""}"
arviko.com,False,,38.85,invented,2026-08-30T20:12:33.804935+00:00,429,118,,"{""statusCode"":429,""message"":""Rate limit exceeded."",""limit_reason"":""rate_limit"",""upgrade_url"":""https://whoisjson.com/dashboard/subscription""}"
arvila.com,False,,38.85,invented,2026-08-30T20:12:33.808552+00:00,429,118,,"{""statusCode"":429,""message"":""Rate limit exceeded."",""limit_reason"":""rate_limit"",""upgrade_url"":""https://whoisjson.com/dashboard/subscription""}"
arvili.com,False,,38.85,invented,2026-08-30T20:12:34.224633+00:00,429,190,,"{""statusCode"":429,""message"":""Rate limit exceeded."",""limit_reason"":""rate_limit"",""upgrade_url"":""https://whoisjson.com/dashboard/subscription""}"
arvilo.com,False,,38.85,invented,2026-08-30T20:12:33.805647+00:00,429,112,,"{""statusCode"":429,""message"":""Rate limit exceeded."",""limit_reason"":""rate_limit"",""upgrade_url"":""https://whoisjson.com/dashboard/subscription""}"
arvima.com,False,,38.85,invented,2026-08-30T20:12:33.803729+00:00,429,110,,"{""statusCode"":429,""message"":""Rate limit exceeded."",""limit_reason"":""rate_limit"",""upgrade_url"":""https://whoisjson.com/dashboard/subscription""}"
arvimi.com,False,,38.85,invented,2026-08-30T20:12:34.343035+00:00,429,130,,"{""statusCode"":429,""message"":""Rate limit exceeded."",""limit_reason"":""rate_limit"",""upgrade_url"":""https://whoisjson.com/dashboard/subscription""}"
arvimo.com,False,,38.85,invented,2026-08-30T20:12:33.919077+00:00,429,115,,"{""statusCode"":429,""message"":""Rate limit exceeded."",""limit_reason"":""rate_limit"",""upgrade_url"":""https://whoisjson.com/dashboard/subscription""}"
arvina.com,False,,38.85,invented,2026-08-30T20:12:33.920765+00:00,429,115,,"{""statusCode"":429,""message"":""Rate limit exceeded."",""limit_reason"":""rate_limit"",""upgrade_url"":""https://whoisjson.com/dashboard/subscription""}"
arvini.com,False,,38.85,invented,2026-08-30T20:12:34.345687+00:00,429,122,,"{""statusCode"":429,""message"":""Rate limit exceeded."",""limit_reason"":""rate_limit"",""upgrade_url"":""https://whoisjson.com/dashboard/subscription""}"
arvino.com,False,,38.85,invented,2026-08-30T20:12:33.920552+00:00,429,114,,"{""statusCode"":429,""message"":""Rate limit exceeded."",""limit_reason"":""rate_limit"",""upgrade_url"":""https://whoisjson.com/dashboard/subscription""}"
arvipa.com,False,,38.85,invented,2026-08-30T20:12:33.934133+00:00,429,125,,"{""statusCode"":429,""message"":""Rate limit exceeded."",""limit_reason"":""rate_limit"",""upgrade_url"":""https://whoisjson.com/dashboard/subscription""}"
arvipo.com,False,,38.85,invented,2026-08-30T20:12:33.920208+00:00,429,111,,"{""statusCode"":429,""message"":""Rate limit exceeded."",""limit_reason"":""rate_limit"",""upgrade_url"":""https://whoisjson.com/dashboard/subscription""}"
arvira.com,False,,38.85,invented,2026-08-30T20:12:33.933830+00:00,429,124,,"{""statusCode"":429,""message"":""Rate limit exceeded."",""limit_reason"":""rate_limit"",""upgrade_url"":""https://whoisjson.com/dashboard/subscription""}"
arviri.com,False,,38.85,invented,2026-08-30T20:12:34.338759+00:00,429,115,,"{""statusCode"":429,""message"":""Rate limit exceeded."",""limit_reason"":""rate_limit"",""upgrade_url"":""https://whoisjson.com/dashboard/subscription""}"
arviro.com,False,,38.85,invented,2026-08-30T20:12:34.027693+00:00,429,108,,"{""statusCode"":429,""message"":""Rate limit exceeded."",""limit_reason"":""rate_limit"",""upgrade_url"":""https://whoisjson.com/dashboard/subscription""}"
arvisa.com,False,,38.85,invented,2026-08-30T20:12:34.033428+00:00,429,113,,"{""statusCode"":429,""message"":""Rate limit exceeded."",""limit_reason"":""rate_limit"",""upgrade_url"":""https://whoisjson.com/dashboard/subscription""}"
arviso.com,False,,38.85,invented,2026-08-30T20:12:34.034071+00:00,429,113,,"{""statusCode"":429,""message"":""Rate limit exceeded."",""limit_reason"":""rate_limit"",""upgrade_url"":""https://whoisjson.com/dashboard/subscription""}"
arvita.com,False,,38.85,invented,2026-08-30T20:12:34.028117+00:00,429,107,,"{""statusCode"":429,""message"":""Rate limit exceeded."",""limit_reason"":""rate_limit"",""upgrade_url"":""https://whoisjson.com/dashboard/subscription""}"
arvito.com,False,,38.85,invented,2026-08-30T20:12:34.032335+00:00,429,98,,"{""statusCode"":429,""message"":""Rate limit exceeded."",""limit_reason"":""rate_limit"",""upgrade_url"":""https://whoisjson.com/dashboard/subscription""}"
arviva.com,False,,38.85,invented,2026-08-30T20:12:34.031264+00:00,429,97,,"{""statusCode"":429,""message"":""Rate limit exceeded."",""limit_reason"":""rate_limit"",""upgrade_url"":""https://whoisjson.com/dashboard/subscription""}"
arvivi.com,False,,38.85,invented,2026-08-30T20:12:34.345233+00:00,429,121,,"{""statusCode"":429,""message"":""Rate limit exceeded."",""limit_reason"":""rate_limit"",""upgrade_url"":""https://whoisjson.com/dashboard/subscription""}"
arvivo.com,False,,38.85,invented,2026-08-30T20:12:34.223912+00:00,429,195,,"{""statusCode"":429,""message"":""Rate limit exceeded."",""limit_reason"":""rate_limit"",""upgrade_url"":""https://whoisjson.com/dashboard/subscription""}"
arviya.com,False,,38.85,invented,2026-08-30T20:12:34.220416+00:00,429,192,,"{""statusCode"":429,""message"":""Rate limit exceeded."",""limit_reason"":""rate_limit"",""upgrade_url"":""https://whoisjson.com/dashboard/subscription""}"
arviyo.com,False,,38.85,invented,2026-08-30T20:12:34.224177+00:00,429,192,,"{""statusCode"":429,""message"":""Rate limit exceeded."",""limit_reason"":""rate_limit"",""upgrade_url"":""https://whoisjson.com/dashboard/subscription""}"
arviza.com,False,,38.85,invented,2026-08-30T20:12:34.223448+00:00,429,191,,"{""statusCode"":429,""message"":""Rate limit exceeded."",""limit_reason"":""rate_limit"",""upgrade_url"":""https://whoisjson.com/dashboard/subscription""}"
auriba.com,False,,38.85,invented,2026-08-30T20:12:34.460316+00:00,429,117,,"{""statusCode"":429,""message"":""Rate limit exceeded."",""limit_reason"":""rate_limit"",""upgrade_url"":""https://whoisjson.com/dashboard/subscription""}"
aurica.com,False,,38.85,invented,2026-08-30T20:12:34.460801+00:00,429,115,,"{""statusCode"":429,""message"":""Rate limit exceeded."",""limit_reason"":""rate_limit"",""upgrade_url"":""https://whoisjson.com/dashboard/subscription""}"
aurida.com,False,,38.85,invented,2026-08-30T20:12:34.453227+00:00,429,107,,"{""statusCode"":429,""message"":""Rate limit exceeded."",""limit_reason"":""rate_limit"",""upgrade_url"":""https://whoisjson.com/dashboard/subscription""}"
aurido.com,False,,38.85,invented,2026-08-30T20:12:34.980084+00:00,429,119,,"{""statusCode"":429,""message"":""Rate limit exceeded."",""limit_reason"":""rate_limit"",""upgrade_url"":""https://whoisjson.com/dashboard/subscription""}"
aurifa.com,False,,38.85,invented,2026-08-30T20:12:34.550235+00:00,429,105,,"{""statusCode"":429,""message"":""Rate limit exceeded."",""limit_reason"":""rate_limit"",""upgrade_url"":""https://whoisjson.com/dashboard/subscription""}"
aurigo.com,False,,38.85,invented,2026-08-30T20:12:34.572820+00:00,429,119,,"{""statusCode"":429,""message"":""Rate limit exceeded."",""limit_reason"":""rate_limit"",""upgrade_url"":""https://whoisjson.com/dashboard/subscription""}"
aurika.com,False,,38.85,invented,2026-08-30T20:12:34.573275+00:00,429,113,,"{""statusCode"":429,""message"":""Rate limit exceeded."",""limit_reason"":""rate_limit"",""upgrade_url"":""https://whoisjson.com/dashboard/subscription""}"
auriko.com,False,,38.85,invented,2026-08-30T20:12:34.570200+00:00,429,109,,"{""statusCode"":429,""message"":""Rate limit exceeded."",""limit_reason"":""rate_limit"",""upgrade_url"":""https://whoisjson.com/dashboard/subscription""}"
aurila.com,False,,38.85,invented,2026-08-30T20:12:34.573445+00:00,429,112,,"{""statusCode"":429,""message"":""Rate limit exceeded."",""limit_reason"":""rate_limit"",""upgrade_url"":""https://whoisjson.com/dashboard/subscription""}"
aurili.com,False,,38.85,invented,2026-08-30T20:12:35.069574+00:00,429,113,,"{""statusCode"":429,""message"":""Rate limit exceeded."",""limit_reason"":""rate_limit"",""upgrade_url"":""https://whoisjson.com/dashboard/subscription""}"
aurilo.com,False,,38.85,invented,2026-08-30T20:12:34.579007+00:00,429,114,,"{""statusCode"":429,""message"":""Rate limit exceeded."",""limit_reason"":""rate_limit"",""upgrade_url"":""https://whoisjson.com/dashboard/subscription""}"
aurima.com,False,,38.85,invented,2026-08-30T20:12:34.721188+00:00,429,170,,"{""statusCode"":429,""message"":""Rate limit exceeded."",""limit_reason"":""rate_limit"",""upgrade_url"":""https://whoisjson.com/dashboard/subscription""}"
aurimi.com,False,,38.85,invented,2026-08-30T20:12:35.065274+00:00,429,108,,"{""statusCode"":429,""message"":""Rate limit exceeded."",""limit_reason"":""rate_limit"",""upgrade_url"":""https://whoisjson.com/dashboard/subscription""}"
aurimo.com,False,,38.85,invented,2026-08-30T20:12:34.722765+00:00,429,152,,"{""statusCode"":429,""message"":""Rate limit exceeded."",""limit_reason"":""rate_limit"",""upgrade_url"":""https://whoisjson.com/dashboard/subscription""}"
aurina.com,False,,38.85,invented,2026-08-30T20:12:34.720699+00:00,429,147,,"{""statusCode"":429,""message"":""Rate limit exceeded."",""limit_reason"":""rate_limit"",""upgrade_url"":""https://whoisjson.com/dashboard/subscription""}"
aurini.com,False,,38.85,invented,2026-08-30T20:12:35.067837+00:00,429,110,,"{""statusCode"":429,""message"":""Rate limit exceeded."",""limit_reason"":""rate_limit"",""upgrade_url"":""https://whoisjson.com/dashboard/subscription""}"
aurino.com,False,,38.85,invented,2026-08-30T20:12:34.720481+00:00,429,147,,"{""statusCode"":429,""message"":""Rate limit exceeded."",""limit_reason"":""rate_limit"",""upgrade_url"":""https://whoisjson.com/dashboard/subscription""}"
auripa.com,False,,38.85,invented,2026-08-30T20:12:34.720113+00:00,429,146,,"{""statusCode"":429,""message"":""Rate limit exceeded."",""limit_reason"":""rate_limit"",""upgrade_url"":""https://whoisjson.com/dashboard/subscription""}"
auripo.com,False,,38.85,invented,2026-08-30T20:12:34.723590+00:00,429,144,,"{""statusCode"":429,""message"":""Rate limit exceeded."",""limit_reason"":""rate_limit"",""upgrade_url"":""https://whoisjson.com/dashboard/subscription""}"
aurira.com,False,,38.85,invented,2026-08-30T20:12:34.859831+00:00,429,139,,"{""statusCode"":429,""message"":""Rate limit exceeded."",""limit_reason"":""rate_limit"",""upgrade_url"":""https://whoisjson.com/dashboard/subscription""}"
auriri.com,False,,38.85,invented,2026-08-30T20:12:35.067684+00:00,429,110,,"{""statusCode"":429,""message"":""Rate limit exceeded."",""limit_reason"":""rate_limit"",""upgrade_url"":""https://whoisjson.com/dashboard/subscription""}"
auriro.com,False,,38.85,invented,2026-08-30T20:12:34.847384+00:00,429,126,,"{""statusCode"":429,""message"":""Rate limit exceeded."",""limit_reason"":""rate_limit"",""upgrade_url"":""https://whoisjson.com/dashboard/subscription""}"
aurisa.com,False,,38.85,invented,2026-08-30T20:12:34.837288+00:00,429,116,,"{""statusCode"":429,""message"":""Rate limit exceeded."",""limit_reason"":""rate_limit"",""upgrade_url"":""https://whoisjson.com/dashboard/subscription""}"
auriso.com,False,,38.85,invented,2026-08-30T20:12:34.836198+00:00,429,114,,"{""statusCode"":429,""message"":""Rate limit exceeded."",""limit_reason"":""rate_limit"",""upgrade_url"":""https://whoisjson.com/dashboard/subscription""}"
aurita.com,False,,38.85,invented,2026-08-30T20:12:34.835694+00:00,429,112,,"{""statusCode"":429,""message"":""Rate limit exceeded."",""limit_reason"":""rate_limit"",""upgrade_url"":""https://whoisjson.com/dashboard/subscription""}"
aurito.com,False,,38.85,invented,2026-08-30T20:12:34.860006+00:00,429,136,,"{""statusCode"":429,""message"":""Rate limit exceeded."",""limit_reason"":""rate_limit"",""upgrade_url"":""https://whoisjson.com/dashboard/subscription""}"
auriva.com,False,,38.85,invented,2026-08-30T20:12:34.956282+00:00,429,120,,"{""statusCode"":429,""message"":""Rate limit exceeded."",""limit_reason"":""rate_limit"",""upgrade_url"":""https://whoisjson.com/dashboard/subscription""}"
aurivi.com,False,,38.85,invented,2026-08-30T20:12:35.088276+00:00,429,108,,"{""statusCode"":429,""message"":""Rate limit exceeded."",""limit_reason"":""rate_limit"",""upgrade_url"":""https://whoisjson.com/dashboard/subscription""}"
aurivo.com,False,,38.85,invented,2026-08-30T20:12:34.956919+00:00,429,120,,"{""statusCode"":429,""message"":""Rate limit exceeded."",""limit_reason"":""rate_limit"",""upgrade_url"":""https://whoisjson.com/dashboard/subscription""}"
auriya.com,False,,38.85,invented,2026-08-30T20:12:34.956399+00:00,429,118,,"{""statusCode"":429,""message"":""Rate limit exceeded."",""limit_reason"":""rate_limit"",""upgrade_url"":""https://whoisjson.com/dashboard/subscription""}"
auriyo.com,False,,38.85,invented,2026-08-30T20:12:34.957571+00:00,429,110,,"{""statusCode"":429,""message"":""Rate limit exceeded."",""limit_reason"":""rate_limit"",""upgrade_url"":""https://whoisjson.com/dashboard/subscription""}"
auriza.com,False,,38.85,invented,2026-08-30T20:12:34.979329+00:00,429,119,,"{""statusCode"":429,""message"":""Rate limit exceeded."",""limit_reason"":""rate_limit"",""upgrade_url"":""https://whoisjson.com/dashboard/subscription""}"
avioba.com,False,,38.85,invented,2026-08-30T20:12:35.257301+00:00,429,170,,"{""statusCode"":429,""message"":""Rate limit exceeded."",""limit_reason"":""rate_limit"",""upgrade_url"":""https://whoisjson.com/dashboard/subscription""}"
avioca.com,False,,38.85,invented,2026-08-30T20:12:35.256947+00:00,429,168,,"{""statusCode"":429,""message"":""Rate limit exceeded."",""limit_reason"":""rate_limit"",""upgrade_url"":""https://whoisjson.com/dashboard/subscription""}"
avioda.com,False,,38.85,invented,2026-08-30T20:12:35.351233+00:00,429,107,,"{""statusCode"":429,""message"":""Rate limit exceeded."",""limit_reason"":""rate_limit"",""upgrade_url"":""https://whoisjson.com/dashboard/subscription""}"
aviodo.com,False,,38.85,invented,2026-08-30T20:12:35.892839+00:00,429,127,,"{""statusCode"":429,""message"":""Rate limit exceeded."",""limit_reason"":""rate_limit"",""upgrade_url"":""https://whoisjson.com/dashboard/subscription""}"
aviofa.com,False,,38.85,invented,2026-08-30T20:12:35.364152+00:00,429,119,,"{""statusCode"":429,""message"":""Rate limit exceeded."",""limit_reason"":""rate_limit"",""upgrade_url"":""https://whoisjson.com/dashboard/subscription""}"
aviogo.com,False,,38.85,invented,2026-08-30T20:12:35.364875+00:00,429,117,,"{""statusCode"":429,""message"":""Rate limit exceeded."",""limit_reason"":""rate_limit"",""upgrade_url"":""https://whoisjson.com/dashboard/subscription""}"
avioka.com,False,,38.85,invented,2026-08-30T20:12:35.350741+00:00,429,103,,"{""statusCode"":429,""message"":""Rate limit exceeded."",""limit_reason"":""rate_limit"",""upgrade_url"":""https://whoisjson.com/dashboard/subscription""}"
avioko.com,False,,38.85,invented,2026-08-30T20:12:35.366866+00:00,429,109,,"{""statusCode"":429,""message"":""Rate limit exceeded."",""limit_reason"":""rate_limit"",""upgrade_url"":""https://whoisjson.com/dashboard/subscription""}"
aviola.com,False,,38.85,invented,2026-08-30T20:12:35.368004+00:00,429,110,,"{""statusCode"":429,""message"":""Rate limit exceeded."",""limit_reason"":""rate_limit"",""upgrade_url"":""https://whoisjson.com/dashboard/subscription""}"
avioli.com,False,,38.85,invented,2026-08-30T20:12:35.873930+00:00,429,107,,"{""statusCode"":429,""message"":""Rate limit exceeded."",""limit_reason"":""rate_limit"",""upgrade_url"":""https://whoisjson.com/dashboard/subscription""}"
aviolo.com,False,,38.85,invented,2026-08-30T20:12:35.458959+00:00,429,107,,"{""statusCode"":429,""message"":""Rate limit exceeded."",""limit_reason"":""rate_limit"",""upgrade_url"":""https://whoisjson.com/dashboard/subscription""}"
avioma.com,False,,38.85,invented,2026-08-30T20:12:35.459154+00:00,429,107,,"{""statusCode"":429,""message"":""Rate limit exceeded."",""limit_reason"":""rate_limit"",""upgrade_url"":""https://whoisjson.com/dashboard/subscription""}"
aviomi.com,False,,38.85,invented,2026-08-30T20:12:35.885583+00:00,429,118,,"{""statusCode"":429,""message"":""Rate limit exceeded."",""limit_reason"":""rate_limit"",""upgrade_url"":""https://whoisjson.com/dashboard/subscription""}"
aviomo.com,False,,38.85,invented,2026-08-30T20:12:35.487980+00:00,429,123,,"{""statusCode"":429,""message"":""Rate limit exceeded."",""limit_reason"":""rate_limit"",""upgrade_url"":""https://whoisjson.com/dashboard/subscription""}"
aviona.com,False,,38.85,invented,2026-08-30T20:12:35.485641+00:00,429,120,,"{""statusCode"":429,""message"":""Rate limit exceeded."",""limit_reason"":""rate_limit"",""upgrade_url"":""https://whoisjson.com/dashboard/subscription""}"
avioni.com,False,,38.85,invented,2026-08-30T20:12:35.891161+00:00,429,124,,"{""statusCode"":429,""message"":""Rate limit exceeded."",""limit_reason"":""rate_limit"",""upgrade_url"":""https://whoisjson.com/dashboard/subscription""}"
aviono.com,False,,38.85,invented,2026-08-30T20:12:35.468780+00:00,429,101,,"{""statusCode"":429,""message"":""Rate limit exceeded."",""limit_reason"":""rate_limit"",""upgrade_url"":""https://whoisjson.com/dashboard/subscription""}"
aviopa.com,False,,38.85,invented,2026-08-30T20:12:35.469138+00:00,429,100,,"{""statusCode"":429,""message"":""Rate limit exceeded."",""limit_reason"":""rate_limit"",""upgrade_url"":""https://whoisjson.com/dashboard/subscription""}"
aviopo.com,False,,38.85,invented,2026-08-30T20:12:35.586809+00:00,429,127,,"{""statusCode"":429,""message"":""Rate limit exceeded."",""limit_reason"":""rate_limit"",""upgrade_url"":""https://whoisjson.com/dashboard/subscription""}"
aviora.com,False,,38.85,invented,2026-08-30T20:12:35.588741+00:00,429,129,,"{""statusCode"":429,""message"":""Rate limit exceeded."",""limit_reason"":""rate_limit"",""upgrade_url"":""https://whoisjson.com/dashboard/subscription""}"
aviori.com,False,,38.85,invented,2026-08-30T20:12:35.889212+00:00,429,122,,"{""statusCode"":429,""message"":""Rate limit exceeded."",""limit_reason"":""rate_limit"",""upgrade_url"":""https://whoisjson.com/dashboard/subscription""}"
avioro.com,False,,38.85,invented,2026-08-30T20:12:35.569039+00:00,429,100,,"{""statusCode"":429,""message"":""Rate limit exceeded."",""limit_reason"":""rate_limit"",""upgrade_url"":""https://whoisjson.com/dashboard/subscription""}"
aviosa.com,False,,38.85,invented,2026-08-30T20:12:35.587071+00:00,429,117,,"{""statusCode"":429,""message"":""Rate limit exceeded."",""limit_reason"":""rate_limit"",""upgrade_url"":""https://whoisjson.com/dashboard/subscription""}"
avioso.com,False,,38.85,invented,2026-08-30T20:12:35.592558+00:00,429,106,,"{""statusCode"":429,""message"":""Rate limit exceeded."",""limit_reason"":""rate_limit"",""upgrade_url"":""https://whoisjson.com/dashboard/subscription""}"
aviota.com,False,,38.85,invented,2026-08-30T20:12:35.587921+00:00,429,99,,"{""statusCode"":429,""message"":""Rate limit exceeded."",""limit_reason"":""rate_limit"",""upgrade_url"":""https://whoisjson.com/dashboard/subscription""}"
avioto.com,False,,38.85,invented,2026-08-30T20:12:35.765318+00:00,429,196,,"{""statusCode"":429,""message"":""Rate limit exceeded."",""limit_reason"":""rate_limit"",""upgrade_url"":""https://whoisjson.com/dashboard/subscription""}"
aviova.com,False,,38.85,invented,2026-08-30T20:12:35.766737+00:00,429,179,,"{""statusCode"":429,""message"":""Rate limit exceeded."",""limit_reason"":""rate_limit"",""upgrade_url"":""https://whoisjson.com/dashboard/subscription""}"
aviovi.com,False,,38.85,invented,2026-08-30T20:12:35.889700+00:00,429,122,,"{""statusCode"":429,""message"":""Rate limit exceeded."",""limit_reason"":""rate_limit"",""upgrade_url"":""https://whoisjson.com/dashboard/subscription""}"
aviovo.com,False,,38.85,invented,2026-08-30T20:12:35.766046+00:00,429,178,,"{""statusCode"":429,""message"":""Rate limit exceeded."",""limit_reason"":""rate_limit"",""upgrade_url"":""https://whoisjson.com/dashboard/subscription""}"
avioya.com,False,,38.85,invented,2026-08-30T20:12:35.766951+00:00,429,179,,"{""statusCode"":429,""message"":""Rate limit exceeded."",""limit_reason"":""rate_limit"",""upgrade_url"":""https://whoisjson.com/dashboard/subscription""}"
avioyo.com,False,,38.85,invented,2026-08-30T20:12:35.766550+00:00,429,177,,"{""statusCode"":429,""message"":""Rate limit exceeded."",""limit_reason"":""rate_limit"",""upgrade_url"":""https://whoisjson.com/dashboard/subscription""}"
avioza.com,False,,38.85,invented,2026-08-30T20:12:35.767331+00:00,429,174,,"{""statusCode"":429,""message"":""Rate limit exceeded."",""limit_reason"":""rate_limit"",""upgrade_url"":""https://whoisjson.com/dashboard/subscription""}"
avraba.com,False,,38.85,invented,2026-08-30T20:12:35.999598+00:00,429,106,,"{""statusCode"":429,""message"":""Rate limit exceeded."",""limit_reason"":""rate_limit"",""upgrade_url"":""https://whoisjson.com/dashboard/subscription""}"
avraca.com,False,,38.85,invented,2026-08-30T20:12:36.119253+00:00,429,125,,"{""statusCode"":429,""message"":""Rate limit exceeded."",""limit_reason"":""rate_limit"",""upgrade_url"":""https://whoisjson.com/dashboard/subscription""}"
avrada.com,False,,38.85,invented,2026-08-30T20:12:36.109587+00:00,429,115,,"{""statusCode"":429,""message"":""Rate limit exceeded."",""limit_reason"":""rate_limit"",""upgrade_url"":""https://whoisjson.com/dashboard/subscription""}"
avrado.com,False,,38.85,invented,2026-08-30T20:12:36.655232+00:00,429,116,,"{""statusCode"":429,""message"":""Rate limit exceeded."",""limit_reason"":""rate_limit"",""upgrade_url"":""https://whoisjson.com/dashboard/subscription""}"
avrafa.com,False,,38.85,invented,2026-08-30T20:12:36.114705+00:00,429,114,,"{""statusCode"":429,""message"":""Rate limit exceeded."",""limit_reason"":""rate_limit"",""upgrade_url"":""https://whoisjson.com/dashboard/subscription""}"
avrago.com,False,,38.85,invented,2026-08-30T20:12:36.119536+00:00,429,119,,"{""statusCode"":429,""message"":""Rate limit exceeded."",""limit_reason"":""rate_limit"",""upgrade_url"":""https://whoisjson.com/dashboard/subscription""}"
avraka.com,False,,38.85,invented,2026-08-30T20:12:36.125178+00:00,429,105,,"{""statusCode"":429,""message"":""Rate limit exceeded."",""limit_reason"":""rate_limit"",""upgrade_url"":""https://whoisjson.com/dashboard/subscription""}"
avrako.com,False,,38.85,invented,2026-08-30T20:12:36.132665+00:00,429,110,,"{""statusCode"":429,""message"":""Rate limit exceeded."",""limit_reason"":""rate_limit"",""upgrade_url"":""https://whoisjson.com/dashboard/subscription""}"
avrala.com,False,,38.85,invented,2026-08-30T20:12:36.302187+00:00,429,192,,"{""statusCode"":429,""message"":""Rate limit exceeded."",""limit_reason"":""rate_limit"",""upgrade_url"":""https://whoisjson.com/dashboard/subscription""}"
avrali.com,False,,38.85,invented,2026-08-30T20:12:36.658125+00:00,429,119,,"{""statusCode"":429,""message"":""Rate limit exceeded."",""limit_reason"":""rate_limit"",""upgrade_url"":""https://whoisjson.com/dashboard/subscription""}"
avralo.com,False,,38.85,invented,2026-08-30T20:12:36.297996+00:00,429,183,,"{""statusCode"":429,""message"":""Rate limit exceeded."",""limit_reason"":""rate_limit"",""upgrade_url"":""https://whoisjson.com/dashboard/subscription""}"
avrama.com,False,,38.85,invented,2026-08-30T20:12:36.299412+00:00,429,180,,"{""statusCode"":429,""message"":""Rate limit exceeded."",""limit_reason"":""rate_limit"",""upgrade_url"":""https://whoisjson.com/dashboard/subscription""}"
avrami.com,False,,38.85,invented,2026-08-30T20:12:36.656356+00:00,429,116,,"{""statusCode"":429,""message"":""Rate limit exceeded."",""limit_reason"":""rate_limit"",""upgrade_url"":""https://whoisjson.com/dashboard/subscription""}"
avramo.com,False,,38.85,invented,2026-08-30T20:12:36.302423+00:00,429,182,,"{""statusCode"":429,""message"":""Rate limit exceeded."",""limit_reason"":""rate_limit"",""upgrade_url"":""https://whoisjson.com/dashboard/subscription""}"
avrana.com,False,,38.85,invented,2026-08-30T20:12:36.303401+00:00,429,178,,"{""statusCode"":429,""message"":""Rate limit exceeded."",""limit_reason"":""rate_limit"",""upgrade_url"":""https://whoisjson.com/dashboard/subscription""}"
avrani.com,False,,38.85,invented,2026-08-30T20:12:36.642998+00:00,429,98,,"{""statusCode"":429,""message"":""Rate limit exceeded."",""limit_reason"":""rate_limit"",""upgrade_url"":""https://whoisjson.com/dashboard/subscription""}"
avrano.com,False,,38.85,invented,2026-08-30T20:12:36.302666+00:00,429,169,,"{""statusCode"":429,""message"":""Rate limit exceeded."",""limit_reason"":""rate_limit"",""upgrade_url"":""https://whoisjson.com/dashboard/subscription""}"
avrapa.com,False,,38.85,invented,2026-08-30T20:12:36.406318+00:00,429,108,,"{""statusCode"":429,""message"":""Rate limit exceeded."",""limit_reason"":""rate_limit"",""upgrade_url"":""https://whoisjson.com/dashboard/subscription""}"
avrapo.com,False,,38.85,invented,2026-08-30T20:12:36.415872+00:00,429,116,,"{""statusCode"":429,""message"":""Rate limit exceeded."",""limit_reason"":""rate_limit"",""upgrade_url"":""https://whoisjson.com/dashboard/subscription""}"
avrara.com,False,,38.85,invented,2026-08-30T20:12:36.415612+00:00,429,113,,"{""statusCode"":429,""message"":""Rate limit exceeded."",""limit_reason"":""rate_limit"",""upgrade_url"":""https://whoisjson.com/dashboard/subscription""}"
avrari.com,False,,38.85,invented,2026-08-30T20:12:36.656891+00:00,429,111,,"{""statusCode"":429,""message"":""Rate limit exceeded."",""limit_reason"":""rate_limit"",""upgrade_url"":""https://whoisjson.com/dashboard/subscription""}"
avraro.com,False,,38.85,invented,2026-08-30T20:12:36.422704+00:00,429,120,,"{""statusCode"":429,""message"":""Rate limit exceeded."",""limit_reason"":""rate_limit"",""upgrade_url"":""https://whoisjson.com/dashboard/subscription""}"
avrasa.com,False,,38.85,invented,2026-08-30T20:12:36.422308+00:00,429,119,,"{""statusCode"":429,""message"":""Rate limit exceeded."",""limit_reason"":""rate_limit"",""upgrade_url"":""https://whoisjson.com/dashboard/subscription""}"
avraso.com,False,,38.85,invented,2026-08-30T20:12:36.415042+00:00,429,111,,"{""statusCode"":429,""message"":""Rate limit exceeded."",""limit_reason"":""rate_limit"",""upgrade_url"":""https://whoisjson.com/dashboard/subscription""}"
avrata.com,False,,38.85,invented,2026-08-30T20:12:36.523572+00:00,429,117,,"{""statusCode"":429,""message"":""Rate limit exceeded."",""limit_reason"":""rate_limit"",""upgrade_url"":""https://whoisjson.com/dashboard/subscription""}"
avrato.com,False,,38.85,invented,2026-08-30T20:12:36.538875+00:00,429,123,,"{""statusCode"":429,""message"":""Rate limit exceeded."",""limit_reason"":""rate_limit"",""upgrade_url"":""https://whoisjson.com/dashboard/subscription""}"
avrava.com,False,,38.85,invented,2026-08-30T20:12:36.539294+00:00,429,123,,"{""statusCode"":429,""message"":""Rate limit exceeded."",""limit_reason"":""rate_limit"",""upgrade_url"":""https://whoisjson.com/dashboard/subscription""}"
avravi.com,False,,38.85,invented,2026-08-30T20:12:36.813060+00:00,429,172,,"{""statusCode"":429,""message"":""Rate limit exceeded."",""limit_reason"":""rate_limit"",""upgrade_url"":""https://whoisjson.com/dashboard/subscription""}"
avravo.com,False,,38.85,invented,2026-08-30T20:12:36.538663+00:00,429,122,,"{""statusCode"":429,""message"":""Rate limit exceeded."",""limit_reason"":""rate_limit"",""upgrade_url"":""https://whoisjson.com/dashboard/subscription""}"
avraya.com,False,,38.85,invented,2026-08-30T20:12:36.544227+00:00,429,121,,"{""statusCode"":429,""message"":""Rate limit exceeded."",""limit_reason"":""rate_limit"",""upgrade_url"":""https://whoisjson.com/dashboard/subscription""}"
avrayo.com,False,,38.85,invented,2026-08-30T20:12:36.544945+00:00,429,122,,"{""statusCode"":429,""message"":""Rate limit exceeded."",""limit_reason"":""rate_limit"",""upgrade_url"":""https://whoisjson.com/dashboard/subscription""}"
avraza.com,False,,38.85,invented,2026-08-30T20:12:36.640352+00:00,429,116,,"{""statusCode"":429,""message"":""Rate limit exceeded."",""limit_reason"":""rate_limit"",""upgrade_url"":""https://whoisjson.com/dashboard/subscription""}"
brioba.com,False,,38.85,invented,2026-08-30T20:12:36.926715+00:00,429,113,,"{""statusCode"":429,""message"":""Rate limit exceeded."",""limit_reason"":""rate_limit"",""upgrade_url"":""https://whoisjson.com/dashboard/subscription""}"
brioca.com,False,,38.85,invented,2026-08-30T20:12:36.938764+00:00,429,125,,"{""statusCode"":429,""message"":""Rate limit exceeded."",""limit_reason"":""rate_limit"",""upgrade_url"":""https://whoisjson.com/dashboard/subscription""}"
brioda.com,False,,38.85,invented,2026-08-30T20:12:36.921239+00:00,429,107,,"{""statusCode"":429,""message"":""Rate limit exceeded."",""limit_reason"":""rate_limit"",""upgrade_url"":""https://whoisjson.com/dashboard/subscription""}"
briofa.com,False,,38.85,invented,2026-08-30T20:12:36.939082+00:00,429,124,,"{""statusCode"":429,""message"":""Rate limit exceeded."",""limit_reason"":""rate_limit"",""upgrade_url"":""https://whoisjson.com/dashboard/subscription""}"
briogo.com,False,,38.85,invented,2026-08-30T20:12:36.933851+00:00,429,119,,"{""statusCode"":429,""message"":""Rate limit exceeded."",""limit_reason"":""rate_limit"",""upgrade_url"":""https://whoisjson.com/dashboard/subscription""}"
brioka.com,False,,38.85,invented,2026-08-30T20:12:36.925694+00:00,429,111,,"{""statusCode"":429,""message"":""Rate limit exceeded."",""limit_reason"":""rate_limit"",""upgrade_url"":""https://whoisjson.com/dashboard/subscription""}"
brioko.com,False,,38.85,invented,2026-08-30T20:12:37.055594+00:00,429,134,,"{""statusCode"":429,""message"":""Rate limit exceeded."",""limit_reason"":""rate_limit"",""upgrade_url"":""https://whoisjson.com/dashboard/subscription""}"
briola.com,False,,38.85,invented,2026-08-30T20:12:37.054304+00:00,429,128,,"{""statusCode"":429,""message"":""Rate limit exceeded."",""limit_reason"":""rate_limit"",""upgrade_url"":""https://whoisjson.com/dashboard/subscription""}"
briolo.com,False,,38.85,invented,2026-08-30T20:12:37.056539+00:00,429,129,,"{""statusCode"":429,""message"":""Rate limit exceeded."",""limit_reason"":""rate_limit"",""upgrade_url"":""https://whoisjson.com/dashboard/subscription""}"
brioma.com,False,,38.85,invented,2026-08-30T20:12:37.052519+00:00,429,118,,"{""statusCode"":429,""message"":""Rate limit exceeded."",""limit_reason"":""rate_limit"",""upgrade_url"":""https://whoisjson.com/dashboard/subscription""}"
briomo.com,False,,38.85,invented,2026-08-30T20:12:37.058171+00:00,429,119,,"{""statusCode"":429,""message"":""Rate limit exceeded."",""limit_reason"":""rate_limit"",""upgrade_url"":""https://whoisjson.com/dashboard/subscription""}"
briona.com,False,,38.85,invented,2026-08-30T20:12:37.055250+00:00,429,116,,"{""statusCode"":429,""message"":""Rate limit exceeded."",""limit_reason"":""rate_limit"",""upgrade_url"":""https://whoisjson.com/dashboard/subscription""}"
briono.com,False,,38.85,invented,2026-08-30T20:12:37.166219+00:00,429,113,,"{""statusCode"":429,""message"":""Rate limit exceeded."",""limit_reason"":""rate_limit"",""upgrade_url"":""https://whoisjson.com/dashboard/subscription""}"
briopa.com,False,,38.85,invented,2026-08-30T20:12:37.166966+00:00,429,112,,"{""statusCode"":429,""message"":""Rate limit exceeded."",""limit_reason"":""rate_limit"",""upgrade_url"":""https://whoisjson.com/dashboard/subscription""}"
briopo.com,False,,38.85,invented,2026-08-30T20:12:37.161620+00:00,429,106,,"{""statusCode"":429,""message"":""Rate limit exceeded."",""limit_reason"":""rate_limit"",""upgrade_url"":""https://whoisjson.com/dashboard/subscription""}"
briora.com,False,,38.85,invented,2026-08-30T20:12:37.165776+00:00,429,110,,"{""statusCode"":429,""message"":""Rate limit exceeded."",""limit_reason"":""rate_limit"",""upgrade_url"":""https://whoisjson.com/dashboard/subscription""}"
brioro.com,False,,38.85,invented,2026-08-30T20:12:37.166381+00:00,429,109,,"{""statusCode"":429,""message"":""Rate limit exceeded."",""limit_reason"":""rate_limit"",""upgrade_url"":""https://whoisjson.com/dashboard/subscription""}"
briosa.com,False,,38.85,invented,2026-08-30T20:12:37.161915+00:00,429,103,,"{""statusCode"":429,""message"":""Rate limit exceeded."",""limit_reason"":""rate_limit"",""upgrade_url"":""https://whoisjson.com/dashboard/subscription""}"
brioso.com,False,,38.85,invented,2026-08-30T20:12:37.352591+00:00,429,190,,"{""statusCode"":429,""message"":""Rate limit exceeded."",""limit_reason"":""rate_limit"",""upgrade_url"":""https://whoisjson.com/dashboard/subscription""}"
briota.com,False,,38.85,invented,2026-08-30T20:12:37.351119+00:00,429,189,,"{""statusCode"":429,""message"":""Rate limit exceeded."",""limit_reason"":""rate_limit"",""upgrade_url"":""https://whoisjson.com/dashboard/subscription""}"
brioto.com,False,,38.85,invented,2026-08-30T20:12:37.345932+00:00,429,180,,"{""statusCode"":429,""message"":""Rate limit exceeded."",""limit_reason"":""rate_limit"",""upgrade_url"":""https://whoisjson.com/dashboard/subscription""}"
briova.com,False,,38.85,invented,2026-08-30T20:12:37.355998+00:00,429,189,,"{""statusCode"":429,""message"":""Rate limit exceeded."",""limit_reason"":""rate_limit"",""upgrade_url"":""https://whoisjson.com/dashboard/subscription""}"
briovo.com,False,,38.85,invented,2026-08-30T20:12:37.349876+00:00,429,183,,"{""statusCode"":429,""message"":""Rate limit exceeded."",""limit_reason"":""rate_limit"",""upgrade_url"":""https://whoisjson.com/dashboard/subscription""}"
brioya.com,False,,38.85,invented,2026-08-30T20:12:37.347823+00:00,429,180,,"{""statusCode"":429,""message"":""Rate limit exceeded."",""limit_reason"":""rate_limit"",""upgrade_url"":""https://whoisjson.com/dashboard/subscription""}"
brioyo.com,False,,38.85,invented,2026-08-30T20:12:37.471933+00:00,429,125,,"{""statusCode"":429,""message"":""Rate limit exceeded."",""limit_reason"":""rate_limit"",""upgrade_url"":""https://whoisjson.com/dashboard/subscription""}"
brioza.com,False,,38.85,invented,2026-08-30T20:12:37.471759+00:00,429,122,,"{""statusCode"":429,""message"":""Rate limit exceeded."",""limit_reason"":""rate_limit"",""upgrade_url"":""https://whoisjson.com/dashboard/subscription""}"
arlovpn.com,False,,38.5,explicit-vpn,2026-08-30T20:12:42.584628+00:00,429,197,,"{""statusCode"":429,""message"":""Rate limit exceeded."",""limit_reason"":""rate_limit"",""upgrade_url"":""https://whoisjson.com/dashboard/subscription""}"
cyrovpn.com,False,,38.5,explicit-vpn,2026-08-30T20:12:42.926671+00:00,429,110,,"{""statusCode"":429,""message"":""Rate limit exceeded."",""limit_reason"":""rate_limit"",""upgrade_url"":""https://whoisjson.com/dashboard/subscription""}"
firavpn.com,False,,38.5,explicit-vpn,2026-08-30T20:12:43.243789+00:00,429,126,,"{""statusCode"":429,""message"":""Rate limit exceeded."",""limit_reason"":""rate_limit"",""upgrade_url"":""https://whoisjson.com/dashboard/subscription""}"
jovivpn.com,False,,38.5,explicit-vpn,2026-08-30T20:12:43.362902+00:00,429,120,,"{""statusCode"":429,""message"":""Rate limit exceeded."",""limit_reason"":""rate_limit"",""upgrade_url"":""https://whoisjson.com/dashboard/subscription""}"
kivovpn.com,False,,38.5,explicit-vpn,2026-08-30T20:12:43.475784+00:00,429,121,,"{""statusCode"":429,""message"":""Rate limit exceeded."",""limit_reason"":""rate_limit"",""upgrade_url"":""https://whoisjson.com/dashboard/subscription""}"
qivovpn.com,False,,38.5,explicit-vpn,2026-08-30T20:12:44.009494+00:00,429,121,,"{""statusCode"":429,""message"":""Rate limit exceeded."",""limit_reason"":""rate_limit"",""upgrade_url"":""https://whoisjson.com/dashboard/subscription""}"
rivovpn.com,False,,38.5,explicit-vpn,2026-08-30T20:12:44.179136+00:00,429,185,,"{""statusCode"":429,""message"":""Rate limit exceeded."",""limit_reason"":""rate_limit"",""upgrade_url"":""https://whoisjson.com/dashboard/subscription""}"
sivovpn.com,False,,38.5,explicit-vpn,2026-08-30T20:12:44.179449+00:00,429,166,,"{""statusCode"":429,""message"":""Rate limit exceeded."",""limit_reason"":""rate_limit"",""upgrade_url"":""https://whoisjson.com/dashboard/subscription""}"
vyrovpn.com,False,,38.5,explicit-vpn,2026-08-30T20:12:44.556328+00:00,429,140,,"{""statusCode"":429,""message"":""Rate limit exceeded."",""limit_reason"":""rate_limit"",""upgrade_url"":""https://whoisjson.com/dashboard/subscription""}"
aerodash.com,False,,38.15,semantic,2026-08-30T20:12:37.465606+00:00,429,114,,"{""statusCode"":429,""message"":""Rate limit exceeded."",""limit_reason"":""rate_limit"",""upgrade_url"":""https://whoisjson.com/dashboard/subscription""}"
aerogate.com,False,,38.15,semantic,2026-08-30T20:12:37.465306+00:00,429,112,,"{""statusCode"":429,""message"":""Rate limit exceeded."",""limit_reason"":""rate_limit"",""upgrade_url"":""https://whoisjson.com/dashboard/subscription""}"
aerolink.com,False,,38.15,semantic,2026-08-30T20:12:37.574789+00:00,429,109,,"{""statusCode"":429,""message"":""Rate limit exceeded."",""limit_reason"":""rate_limit"",""upgrade_url"":""https://whoisjson.com/dashboard/subscription""}"
aeromesh.com,False,,38.15,semantic,2026-08-30T20:12:37.581679+00:00,429,109,,"{""statusCode"":429,""message"":""Rate limit exceeded."",""limit_reason"":""rate_limit"",""upgrade_url"":""https://whoisjson.com/dashboard/subscription""}"
aeronest.com,False,,38.15,semantic,2026-08-30T20:12:37.574621+00:00,429,102,,"{""statusCode"":429,""message"":""Rate limit exceeded."",""limit_reason"":""rate_limit"",""upgrade_url"":""https://whoisjson.com/dashboard/subscription""}"
aeropath.com,False,,38.15,semantic,2026-08-30T20:12:37.581166+00:00,429,108,,"{""statusCode"":429,""message"":""Rate limit exceeded."",""limit_reason"":""rate_limit"",""upgrade_url"":""https://whoisjson.com/dashboard/subscription""}"
aerowave.com,False,,38.15,semantic,2026-08-30T20:12:37.695045+00:00,429,113,,"{""statusCode"":429,""message"":""Rate limit exceeded."",""limit_reason"":""rate_limit"",""upgrade_url"":""https://whoisjson.com/dashboard/subscription""}"
aerowing.com,False,,38.15,semantic,2026-08-30T20:12:37.707470+00:00,429,119,,"{""statusCode"":429,""message"":""Rate limit exceeded."",""limit_reason"":""rate_limit"",""upgrade_url"":""https://whoisjson.com/dashboard/subscription""}"
aerowire.com,False,,38.15,semantic,2026-08-30T20:12:37.867554+00:00,429,180,,"{""statusCode"":429,""message"":""Rate limit exceeded."",""limit_reason"":""rate_limit"",""upgrade_url"":""https://whoisjson.com/dashboard/subscription""}"
airydash.com,False,,38.15,semantic,2026-08-30T20:12:37.879398+00:00,429,184,,"{""statusCode"":429,""message"":""Rate limit exceeded."",""limit_reason"":""rate_limit"",""upgrade_url"":""https://whoisjson.com/dashboard/subscription""}"
airygate.com,False,,38.15,semantic,2026-08-30T20:12:37.878037+00:00,429,182,,"{""statusCode"":429,""message"":""Rate limit exceeded."",""limit_reason"":""rate_limit"",""upgrade_url"":""https://whoisjson.com/dashboard/subscription""}"
airylane.com,False,,38.15,semantic,2026-08-30T20:12:37.978666+00:00,429,112,,"{""statusCode"":429,""message"":""Rate limit exceeded."",""limit_reason"":""rate_limit"",""upgrade_url"":""https://whoisjson.com/dashboard/subscription""}"
airylink.com,False,,38.15,semantic,2026-08-30T20:12:37.988543+00:00,429,120,,"{""statusCode"":429,""message"":""Rate limit exceeded."",""limit_reason"":""rate_limit"",""upgrade_url"":""https://whoisjson.com/dashboard/subscription""}"
airymesh.com,False,,38.15,semantic,2026-08-30T20:12:37.987766+00:00,429,117,,"{""statusCode"":429,""message"":""Rate limit exceeded."",""limit_reason"":""rate_limit"",""upgrade_url"":""https://whoisjson.com/dashboard/subscription""}"
airynest.com,False,,38.15,semantic,2026-08-30T20:12:37.978292+00:00,429,100,,"{""statusCode"":429,""message"":""Rate limit exceeded."",""limit_reason"":""rate_limit"",""upgrade_url"":""https://whoisjson.com/dashboard/subscription""}"
airypath.com,False,,38.15,semantic,2026-08-30T20:12:37.989411+00:00,429,109,,"{""statusCode"":429,""message"":""Rate limit exceeded."",""limit_reason"":""rate_limit"",""upgrade_url"":""https://whoisjson.com/dashboard/subscription""}"
airywave.com,False,,38.15,semantic,2026-08-30T20:12:38.205584+00:00,429,118,,"{""statusCode"":429,""message"":""Rate limit exceeded."",""limit_reason"":""rate_limit"",""upgrade_url"":""https://whoisjson.com/dashboard/subscription""}"
airywing.com,False,,38.15,semantic,2026-08-30T20:12:38.216704+00:00,429,116,,"{""statusCode"":429,""message"":""Rate limit exceeded."",""limit_reason"":""rate_limit"",""upgrade_url"":""https://whoisjson.com/dashboard/subscription""}"
airywire.com,False,,38.15,semantic,2026-08-30T20:12:38.214180+00:00,429,113,,"{""statusCode"":429,""message"":""Rate limit exceeded."",""limit_reason"":""rate_limit"",""upgrade_url"":""https://whoisjson.com/dashboard/subscription""}"
archaven.com,False,,38.15,semantic,2026-08-30T20:12:38.395481+00:00,429,190,,"{""statusCode"":429,""message"":""Rate limit exceeded."",""limit_reason"":""rate_limit"",""upgrade_url"":""https://whoisjson.com/dashboard/subscription""}"
auradash.com,False,,38.15,semantic,2026-08-30T20:12:38.644262+00:00,429,119,,"{""statusCode"":429,""message"":""Rate limit exceeded."",""limit_reason"":""rate_limit"",""upgrade_url"":""https://whoisjson.com/dashboard/subscription""}"
auralink.com,False,,38.15,semantic,2026-08-30T20:12:38.648030+00:00,429,121,,"{""statusCode"":429,""message"":""Rate limit exceeded."",""limit_reason"":""rate_limit"",""upgrade_url"":""https://whoisjson.com/dashboard/subscription""}"
auramesh.com,False,,38.15,semantic,2026-08-30T20:12:38.642842+00:00,429,114,,"{""statusCode"":429,""message"":""Rate limit exceeded."",""limit_reason"":""rate_limit"",""upgrade_url"":""https://whoisjson.com/dashboard/subscription""}"
auranest.com,False,,38.15,semantic,2026-08-30T20:12:38.646238+00:00,429,114,,"{""statusCode"":429,""message"":""Rate limit exceeded."",""limit_reason"":""rate_limit"",""upgrade_url"":""https://whoisjson.com/dashboard/subscription""}"
aurapath.com,False,,38.15,semantic,2026-08-30T20:12:38.751999+00:00,429,120,,"{""statusCode"":429,""message"":""Rate limit exceeded."",""limit_reason"":""rate_limit"",""upgrade_url"":""https://whoisjson.com/dashboard/subscription""}"
aurawave.com,False,,38.15,semantic,2026-08-30T20:12:38.770359+00:00,429,122,,"{""statusCode"":429,""message"":""Rate limit exceeded."",""limit_reason"":""rate_limit"",""upgrade_url"":""https://whoisjson.com/dashboard/subscription""}"
aurawing.com,False,,38.15,semantic,2026-08-30T20:12:38.927320+00:00,429,174,,"{""statusCode"":429,""message"":""Rate limit exceeded."",""limit_reason"":""rate_limit"",""upgrade_url"":""https://whoisjson.com/dashboard/subscription""}"
aurawire.com,False,,38.15,semantic,2026-08-30T20:12:38.926821+00:00,429,172,,"{""statusCode"":429,""message"":""Rate limit exceeded."",""limit_reason"":""rate_limit"",""upgrade_url"":""https://whoisjson.com/dashboard/subscription""}"
blinkbay.com,False,,38.15,semantic,2026-08-30T20:12:38.928989+00:00,429,166,,"{""statusCode"":429,""message"":""Rate limit exceeded."",""limit_reason"":""rate_limit"",""upgrade_url"":""https://whoisjson.com/dashboard/subscription""}"
blinkhop.com,False,,38.15,semantic,2026-08-30T20:12:38.929602+00:00,429,159,,"{""statusCode"":429,""message"":""Rate limit exceeded."",""limit_reason"":""rate_limit"",""upgrade_url"":""https://whoisjson.com/dashboard/subscription""}"
calmdash.com,False,,38.15,semantic,2026-08-30T20:12:39.566531+00:00,429,114,,"{""statusCode"":429,""message"":""Rate limit exceeded."",""limit_reason"":""rate_limit"",""upgrade_url"":""https://whoisjson.com/dashboard/subscription""}"
calmgate.com,False,,38.15,semantic,2026-08-30T20:12:39.567428+00:00,429,112,,"{""statusCode"":429,""message"":""Rate limit exceeded."",""limit_reason"":""rate_limit"",""upgrade_url"":""https://whoisjson.com/dashboard/subscription""}"
calmlane.com,False,,38.15,semantic,2026-08-30T20:12:39.656549+00:00,429,115,,"{""statusCode"":429,""message"":""Rate limit exceeded."",""limit_reason"":""rate_limit"",""upgrade_url"":""https://whoisjson.com/dashboard/subscription""}"
calmlink.com,False,,38.15,semantic,2026-08-30T20:12:39.695467+00:00,429,128,,"{""statusCode"":429,""message"":""Rate limit exceeded."",""limit_reason"":""rate_limit"",""upgrade_url"":""https://whoisjson.com/dashboard/subscription""}"
calmnest.com,False,,38.15,semantic,2026-08-30T20:12:39.690813+00:00,429,123,,"{""statusCode"":429,""message"":""Rate limit exceeded."",""limit_reason"":""rate_limit"",""upgrade_url"":""https://whoisjson.com/dashboard/subscription""}"
calmpath.com,False,,38.15,semantic,2026-08-30T20:12:39.688436+00:00,429,115,,"{""statusCode"":429,""message"":""Rate limit exceeded."",""limit_reason"":""rate_limit"",""upgrade_url"":""https://whoisjson.com/dashboard/subscription""}"
calmwave.com,False,,38.15,semantic,2026-08-30T20:12:39.966814+00:00,429,188,,"{""statusCode"":429,""message"":""Rate limit exceeded."",""limit_reason"":""rate_limit"",""upgrade_url"":""https://whoisjson.com/dashboard/subscription""}"
calmwing.com,False,,38.15,semantic,2026-08-30T20:12:39.969197+00:00,429,175,,"{""statusCode"":429,""message"":""Rate limit exceeded."",""limit_reason"":""rate_limit"",""upgrade_url"":""https://whoisjson.com/dashboard/subscription""}"
calmwire.com,False,,38.15,semantic,2026-08-30T20:12:39.969552+00:00,429,170,,"{""statusCode"":429,""message"":""Rate limit exceeded."",""limit_reason"":""rate_limit"",""upgrade_url"":""https://whoisjson.com/dashboard/subscription""}"
clearbay.com,False,,38.15,semantic,2026-08-30T20:12:40.238612+00:00,429,123,,"{""statusCode"":429,""message"":""Rate limit exceeded."",""limit_reason"":""rate_limit"",""upgrade_url"":""https://whoisjson.com/dashboard/subscription""}"
clearhop.com,False,,38.15,semantic,2026-08-30T20:12:40.331082+00:00,429,130,,"{""statusCode"":429,""message"":""Rate limit exceeded."",""limit_reason"":""rate_limit"",""upgrade_url"":""https://whoisjson.com/dashboard/subscription""}"
cloudbay.com,False,,38.15,semantic,2026-08-30T20:12:40.608300+00:00,429,117,,"{""statusCode"":429,""message"":""Rate limit exceeded."",""limit_reason"":""rate_limit"",""upgrade_url"":""https://whoisjson.com/dashboard/subscription""}"
cloudhop.com,False,,38.15,semantic,2026-08-30T20:12:40.619363+00:00,429,122,,"{""statusCode"":429,""message"":""Rate limit exceeded."",""limit_reason"":""rate_limit"",""upgrade_url"":""https://whoisjson.com/dashboard/subscription""}"
driftbay.com,False,,38.15,semantic,2026-08-30T20:12:41.275639+00:00,429,115,,"{""statusCode"":429,""message"":""Rate limit exceeded."",""limit_reason"":""rate_limit"",""upgrade_url"":""https://whoisjson.com/dashboard/subscription""}"
drifthop.com,False,,38.15,semantic,2026-08-30T20:12:41.380102+00:00,429,119,,"{""statusCode"":429,""message"":""Rate limit exceeded."",""limit_reason"":""rate_limit"",""upgrade_url"":""https://whoisjson.com/dashboard/subscription""}"
emberbay.com,False,,38.15,semantic,2026-08-30T20:12:41.539928+00:00,429,149,,"{""statusCode"":429,""message"":""Rate limit exceeded."",""limit_reason"":""rate_limit"",""upgrade_url"":""https://whoisjson.com/dashboard/subscription""}"
emberhop.com,False,,38.15,semantic,2026-08-30T20:12:41.668028+00:00,429,130,,"{""statusCode"":429,""message"":""Rate limit exceeded."",""limit_reason"":""rate_limit"",""upgrade_url"":""https://whoisjson.com/dashboard/subscription""}"
everdash.com,False,,38.15,semantic,2026-08-30T20:12:41.891494+00:00,429,115,,"{""statusCode"":429,""message"":""Rate limit exceeded."",""limit_reason"":""rate_limit"",""upgrade_url"":""https://whoisjson.com/dashboard/subscription""}"
evergate.com,False,,38.15,semantic,2026-08-30T20:12:41.887956+00:00,429,108,,"{""statusCode"":429,""message"":""Rate limit exceeded."",""limit_reason"":""rate_limit"",""upgrade_url"":""https://whoisjson.com/dashboard/subscription""}"
everlink.com,False,,38.15,semantic,2026-08-30T20:12:41.894272+00:00,429,109,,"{""statusCode"":429,""message"":""Rate limit exceeded."",""limit_reason"":""rate_limit"",""upgrade_url"":""https://whoisjson.com/dashboard/subscription""}"
evermesh.com,False,,38.15,semantic,2026-08-30T20:12:41.887773+00:00,429,102,,"{""statusCode"":429,""message"":""Rate limit exceeded."",""limit_reason"":""rate_limit"",""upgrade_url"":""https://whoisjson.com/dashboard/subscription""}"
evernest.com,False,,38.15,semantic,2026-08-30T20:12:42.056927+00:00,429,169,,"{""statusCode"":429,""message"":""Rate limit exceeded."",""limit_reason"":""rate_limit"",""upgrade_url"":""https://whoisjson.com/dashboard/subscription""}"
everpath.com,False,,38.15,semantic,2026-08-30T20:12:42.064088+00:00,429,176,,"{""statusCode"":429,""message"":""Rate limit exceeded."",""limit_reason"":""rate_limit"",""upgrade_url"":""https://whoisjson.com/dashboard/subscription""}"
everwave.com,False,,38.15,semantic,2026-08-30T20:12:42.066056+00:00,429,174,,"{""statusCode"":429,""message"":""Rate limit exceeded."",""limit_reason"":""rate_limit"",""upgrade_url"":""https://whoisjson.com/dashboard/subscription""}"
everwing.com,False,,38.15,semantic,2026-08-30T20:12:42.066706+00:00,429,172,,"{""statusCode"":429,""message"":""Rate limit exceeded."",""limit_reason"":""rate_limit"",""upgrade_url"":""https://whoisjson.com/dashboard/subscription""}"
everwire.com,False,,38.15,semantic,2026-08-30T20:12:42.173395+00:00,429,116,,"{""statusCode"":429,""message"":""Rate limit exceeded."",""limit_reason"":""rate_limit"",""upgrade_url"":""https://whoisjson.com/dashboard/subscription""}"
fastdash.com,False,,38.15,semantic,2026-08-30T20:12:42.177458+00:00,429,111,,"{""statusCode"":429,""message"":""Rate limit exceeded."",""limit_reason"":""rate_limit"",""upgrade_url"":""https://whoisjson.com/dashboard/subscription""}"
fastgate.com,False,,38.15,semantic,2026-08-30T20:12:42.178053+00:00,429,111,,"{""statusCode"":429,""message"":""Rate limit exceeded."",""limit_reason"":""rate_limit"",""upgrade_url"":""https://whoisjson.com/dashboard/subscription""}"
fastlane.com,False,,38.15,semantic,2026-08-30T20:12:42.279546+00:00,429,106,,"{""statusCode"":429,""message"":""Rate limit exceeded."",""limit_reason"":""rate_limit"",""upgrade_url"":""https://whoisjson.com/dashboard/subscription""}"
fastlink.com,False,,38.15,semantic,2026-08-30T20:12:42.284166+00:00,429,106,,"{""statusCode"":429,""message"":""Rate limit exceeded."",""limit_reason"":""rate_limit"",""upgrade_url"":""https://whoisjson.com/dashboard/subscription""}"
fastmesh.com,False,,38.15,semantic,2026-08-30T20:12:42.283749+00:00,429,105,,"{""statusCode"":429,""message"":""Rate limit exceeded."",""limit_reason"":""rate_limit"",""upgrade_url"":""https://whoisjson.com/dashboard/subscription""}"
fastnest.com,False,,38.15,semantic,2026-08-30T20:12:42.287165+00:00,429,109,,"{""statusCode"":429,""message"":""Rate limit exceeded."",""limit_reason"":""rate_limit"",""upgrade_url"":""https://whoisjson.com/dashboard/subscription""}"
fastpath.com,False,,38.15,semantic,2026-08-30T20:12:42.284570+00:00,429,104,,"{""statusCode"":429,""message"":""Rate limit exceeded."",""limit_reason"":""rate_limit"",""upgrade_url"":""https://whoisjson.com/dashboard/subscription""}"
hushhaven.com,False,,37.8,curated,2026-08-30T20:12:26.026194+00:00,429,120,,"{""statusCode"":429,""message"":""Rate limit exceeded."",""limit_reason"":""rate_limit"",""upgrade_url"":""https://whoisjson.com/dashboard/subscription""}"
brightshield.com,False,True,37.75,curated,2026-08-30T20:15:24.813005+00:00,200,341,64,
aerilux.com,False,,37.5,invented,2026-08-30T20:12:29.072140+00:00,429,123,,"{""statusCode"":429,""message"":""Rate limit exceeded."",""limit_reason"":""rate_limit"",""upgrade_url"":""https://whoisjson.com/dashboard/subscription""}"
aerinix.com,False,,37.5,invented,2026-08-30T20:12:29.079241+00:00,429,130,,"{""statusCode"":429,""message"":""Rate limit exceeded."",""limit_reason"":""rate_limit"",""upgrade_url"":""https://whoisjson.com/dashboard/subscription""}"
aeririo.com,False,,37.5,invented,2026-08-30T20:12:29.080692+00:00,429,130,,"{""statusCode"":429,""message"":""Rate limit exceeded."",""limit_reason"":""rate_limit"",""upgrade_url"":""https://whoisjson.com/dashboard/subscription""}"
aerivia.com,False,,37.5,invented,2026-08-30T20:12:29.079693+00:00,429,130,,"{""statusCode"":429,""message"":""Rate limit exceeded."",""limit_reason"":""rate_limit"",""upgrade_url"":""https://whoisjson.com/dashboard/subscription""}"
aerizen.com,False,,37.5,invented,2026-08-30T20:12:29.080552+00:00,429,131,,"{""statusCode"":429,""message"":""Rate limit exceeded."",""limit_reason"":""rate_limit"",""upgrade_url"":""https://whoisjson.com/dashboard/subscription""}"
airolux.com,False,,37.5,invented,2026-08-30T20:12:29.997234+00:00,429,199,,"{""statusCode"":429,""message"":""Rate limit exceeded."",""limit_reason"":""rate_limit"",""upgrade_url"":""https://whoisjson.com/dashboard/subscription""}"
aironix.com,False,,37.5,invented,2026-08-30T20:12:30.007510+00:00,429,204,,"{""statusCode"":429,""message"":""Rate limit exceeded."",""limit_reason"":""rate_limit"",""upgrade_url"":""https://whoisjson.com/dashboard/subscription""}"
airorio.com,False,,37.5,invented,2026-08-30T20:12:30.151961+00:00,429,284,,"{""statusCode"":429,""message"":""Rate limit exceeded."",""limit_reason"":""rate_limit"",""upgrade_url"":""https://whoisjson.com/dashboard/subscription""}"
airovia.com,False,,37.5,invented,2026-08-30T20:12:30.005747+00:00,429,175,,"{""statusCode"":429,""message"":""Rate limit exceeded."",""limit_reason"":""rate_limit"",""upgrade_url"":""https://whoisjson.com/dashboard/subscription""}"
airozen.com,False,,37.5,invented,2026-08-30T20:12:29.894682+00:00,429,115,,"{""statusCode"":429,""message"":""Rate limit exceeded."",""limit_reason"":""rate_limit"",""upgrade_url"":""https://whoisjson.com/dashboard/subscription""}"
altilux.com,False,,37.5,invented,2026-08-30T20:12:31.152026+00:00,429,104,,"{""statusCode"":429,""message"":""Rate limit exceeded."",""limit_reason"":""rate_limit"",""upgrade_url"":""https://whoisjson.com/dashboard/subscription""}"
altinix.com,False,,37.5,invented,2026-08-30T20:12:31.151903+00:00,429,103,,"{""statusCode"":429,""message"":""Rate limit exceeded."",""limit_reason"":""rate_limit"",""upgrade_url"":""https://whoisjson.com/dashboard/subscription""}"
altirio.com,False,,37.5,invented,2026-08-30T20:12:31.187994+00:00,429,139,,"{""statusCode"":429,""message"":""Rate limit exceeded."",""limit_reason"":""rate_limit"",""upgrade_url"":""https://whoisjson.com/dashboard/subscription""}"
altivia.com,False,,37.5,invented,2026-08-30T20:12:31.146543+00:00,429,98,,"{""statusCode"":429,""message"":""Rate limit exceeded."",""limit_reason"":""rate_limit"",""upgrade_url"":""https://whoisjson.com/dashboard/subscription""}"
altizen.com,False,,37.5,invented,2026-08-30T20:12:31.195345+00:00,429,241,,"{""statusCode"":429,""message"":""Rate limit exceeded."",""limit_reason"":""rate_limit"",""upgrade_url"":""https://whoisjson.com/dashboard/subscription""}"
anvilux.com,False,,37.5,invented,2026-08-30T20:12:31.880213+00:00,429,104,,"{""statusCode"":429,""message"":""Rate limit exceeded."",""limit_reason"":""rate_limit"",""upgrade_url"":""https://whoisjson.com/dashboard/subscription""}"
anvinix.com,False,,37.5,invented,2026-08-30T20:12:31.883351+00:00,429,107,,"{""statusCode"":429,""message"":""Rate limit exceeded."",""limit_reason"":""rate_limit"",""upgrade_url"":""https://whoisjson.com/dashboard/subscription""}"
anvirio.com,False,,37.5,invented,2026-08-30T20:12:31.903569+00:00,429,108,,"{""statusCode"":429,""message"":""Rate limit exceeded."",""limit_reason"":""rate_limit"",""upgrade_url"":""https://whoisjson.com/dashboard/subscription""}"
anvivia.com,False,,37.5,invented,2026-08-30T20:12:31.880309+00:00,429,100,,"{""statusCode"":429,""message"":""Rate limit exceeded."",""limit_reason"":""rate_limit"",""upgrade_url"":""https://whoisjson.com/dashboard/subscription""}"
anvizen.com,False,,37.5,invented,2026-08-30T20:12:31.879958+00:00,429,104,,"{""statusCode"":429,""message"":""Rate limit exceeded."",""limit_reason"":""rate_limit"",""upgrade_url"":""https://whoisjson.com/dashboard/subscription""}"
arcalux.com,False,,37.5,invented,2026-08-30T20:12:32.738777+00:00,429,111,,"{""statusCode"":429,""message"":""Rate limit exceeded."",""limit_reason"":""rate_limit"",""upgrade_url"":""https://whoisjson.com/dashboard/subscription""}"
arcanix.com,False,,37.5,invented,2026-08-30T20:12:32.743439+00:00,429,114,,"{""statusCode"":429,""message"":""Rate limit exceeded."",""limit_reason"":""rate_limit"",""upgrade_url"":""https://whoisjson.com/dashboard/subscription""}"
arcario.com,False,,37.5,invented,2026-08-30T20:12:32.831848+00:00,429,104,,"{""statusCode"":429,""message"":""Rate limit exceeded."",""limit_reason"":""rate_limit"",""upgrade_url"":""https://whoisjson.com/dashboard/subscription""}"
arcavia.com,False,,37.5,invented,2026-08-30T20:12:32.743684+00:00,429,112,,"{""statusCode"":429,""message"":""Rate limit exceeded."",""limit_reason"":""rate_limit"",""upgrade_url"":""https://whoisjson.com/dashboard/subscription""}"
arcazen.com,False,,37.5,invented,2026-08-30T20:12:32.744158+00:00,429,117,,"{""statusCode"":429,""message"":""Rate limit exceeded."",""limit_reason"":""rate_limit"",""upgrade_url"":""https://whoisjson.com/dashboard/subscription""}"
ariolux.com,False,,37.5,invented,2026-08-30T20:12:33.488368+00:00,429,112,,"{""statusCode"":429,""message"":""Rate limit exceeded."",""limit_reason"":""rate_limit"",""upgrade_url"":""https://whoisjson.com/dashboard/subscription""}"
arionix.com,False,,37.5,invented,2026-08-30T20:12:33.502425+00:00,429,106,,"{""statusCode"":429,""message"":""Rate limit exceeded."",""limit_reason"":""rate_limit"",""upgrade_url"":""https://whoisjson.com/dashboard/subscription""}"
ariorio.com,False,,37.5,invented,2026-08-30T20:12:33.689727+00:00,429,209,,"{""statusCode"":429,""message"":""Rate limit exceeded."",""limit_reason"":""rate_limit"",""upgrade_url"":""https://whoisjson.com/dashboard/subscription""}"
ariovia.com,False,,37.5,invented,2026-08-30T20:12:33.678543+00:00,429,198,,"{""statusCode"":429,""message"":""Rate limit exceeded."",""limit_reason"":""rate_limit"",""upgrade_url"":""https://whoisjson.com/dashboard/subscription""}"
ariozen.com,False,,37.5,invented,2026-08-30T20:12:33.480204+00:00,429,107,,"{""statusCode"":429,""message"":""Rate limit exceeded."",""limit_reason"":""rate_limit"",""upgrade_url"":""https://whoisjson.com/dashboard/subscription""}"
arvilux.com,False,,37.5,invented,2026-08-30T20:12:34.338289+00:00,429,113,,"{""statusCode"":429,""message"":""Rate limit exceeded."",""limit_reason"":""rate_limit"",""upgrade_url"":""https://whoisjson.com/dashboard/subscription""}"
arvinix.com,False,,37.5,invented,2026-08-30T20:12:34.444636+00:00,429,106,,"{""statusCode"":429,""message"":""Rate limit exceeded."",""limit_reason"":""rate_limit"",""upgrade_url"":""https://whoisjson.com/dashboard/subscription""}"
arvirio.com,False,,37.5,invented,2026-08-30T20:12:34.459258+00:00,429,117,,"{""statusCode"":429,""message"":""Rate limit exceeded."",""limit_reason"":""rate_limit"",""upgrade_url"":""https://whoisjson.com/dashboard/subscription""}"
arvivia.com,False,,37.5,invented,2026-08-30T20:12:34.463901+00:00,429,124,,"{""statusCode"":429,""message"":""Rate limit exceeded."",""limit_reason"":""rate_limit"",""upgrade_url"":""https://whoisjson.com/dashboard/subscription""}"
arvizen.com,False,,37.5,invented,2026-08-30T20:12:34.341452+00:00,429,117,,"{""statusCode"":429,""message"":""Rate limit exceeded."",""limit_reason"":""rate_limit"",""upgrade_url"":""https://whoisjson.com/dashboard/subscription""}"
aurilux.com,False,,37.5,invented,2026-08-30T20:12:35.243233+00:00,429,177,,"{""statusCode"":429,""message"":""Rate limit exceeded."",""limit_reason"":""rate_limit"",""upgrade_url"":""https://whoisjson.com/dashboard/subscription""}"
aurinix.com,False,,37.5,invented,2026-08-30T20:12:35.243797+00:00,429,176,,"{""statusCode"":429,""message"":""Rate limit exceeded."",""limit_reason"":""rate_limit"",""upgrade_url"":""https://whoisjson.com/dashboard/subscription""}"
auririo.com,False,,37.5,invented,2026-08-30T20:12:35.247266+00:00,429,177,,"{""statusCode"":429,""message"":""Rate limit exceeded."",""limit_reason"":""rate_limit"",""upgrade_url"":""https://whoisjson.com/dashboard/subscription""}"
aurivia.com,False,,37.5,invented,2026-08-30T20:12:35.246765+00:00,429,178,,"{""statusCode"":429,""message"":""Rate limit exceeded."",""limit_reason"":""rate_limit"",""upgrade_url"":""https://whoisjson.com/dashboard/subscription""}"
aurizen.com,False,,37.5,invented,2026-08-30T20:12:35.087002+00:00,429,106,,"{""statusCode"":429,""message"":""Rate limit exceeded."",""limit_reason"":""rate_limit"",""upgrade_url"":""https://whoisjson.com/dashboard/subscription""}"
aviolux.com,False,,37.5,invented,2026-08-30T20:12:35.999966+00:00,429,114,,"{""statusCode"":429,""message"":""Rate limit exceeded."",""limit_reason"":""rate_limit"",""upgrade_url"":""https://whoisjson.com/dashboard/subscription""}"
avionix.com,False,,37.5,invented,2026-08-30T20:12:36.019884+00:00,429,130,,"{""statusCode"":429,""message"":""Rate limit exceeded."",""limit_reason"":""rate_limit"",""upgrade_url"":""https://whoisjson.com/dashboard/subscription""}"
aviorio.com,False,,37.5,invented,2026-08-30T20:12:35.993088+00:00,429,101,,"{""statusCode"":429,""message"":""Rate limit exceeded."",""limit_reason"":""rate_limit"",""upgrade_url"":""https://whoisjson.com/dashboard/subscription""}"
aviovia.com,False,,37.5,invented,2026-08-30T20:12:36.022001+00:00,429,132,,"{""statusCode"":429,""message"":""Rate limit exceeded."",""limit_reason"":""rate_limit"",""upgrade_url"":""https://whoisjson.com/dashboard/subscription""}"
aviozen.com,False,,37.5,invented,2026-08-30T20:12:35.993524+00:00,429,119,,"{""statusCode"":429,""message"":""Rate limit exceeded."",""limit_reason"":""rate_limit"",""upgrade_url"":""https://whoisjson.com/dashboard/subscription""}"
avralux.com,False,,37.5,invented,2026-08-30T20:12:36.814292+00:00,429,158,,"{""statusCode"":429,""message"":""Rate limit exceeded."",""limit_reason"":""rate_limit"",""upgrade_url"":""https://whoisjson.com/dashboard/subscription""}"
avranix.com,False,,37.5,invented,2026-08-30T20:12:36.814179+00:00,429,157,,"{""statusCode"":429,""message"":""Rate limit exceeded."",""limit_reason"":""rate_limit"",""upgrade_url"":""https://whoisjson.com/dashboard/subscription""}"
avrario.com,False,,37.5,invented,2026-08-30T20:12:36.814465+00:00,429,155,,"{""statusCode"":429,""message"":""Rate limit exceeded."",""limit_reason"":""rate_limit"",""upgrade_url"":""https://whoisjson.com/dashboard/subscription""}"
avravia.com,False,,37.5,invented,2026-08-30T20:12:36.813412+00:00,429,156,,"{""statusCode"":429,""message"":""Rate limit exceeded."",""limit_reason"":""rate_limit"",""upgrade_url"":""https://whoisjson.com/dashboard/subscription""}"
avrazen.com,False,,37.5,invented,2026-08-30T20:12:36.814378+00:00,429,171,,"{""statusCode"":429,""message"":""Rate limit exceeded."",""limit_reason"":""rate_limit"",""upgrade_url"":""https://whoisjson.com/dashboard/subscription""}"
aeriovpn.com,False,,37.15,explicit-vpn,2026-08-30T20:12:42.583538+00:00,429,198,,"{""statusCode"":429,""message"":""Rate limit exceeded."",""limit_reason"":""rate_limit"",""upgrade_url"":""https://whoisjson.com/dashboard/subscription""}"
airlovpn.com,False,,37.15,explicit-vpn,2026-08-30T20:12:42.584182+00:00,429,198,,"{""statusCode"":429,""message"":""Rate limit exceeded."",""limit_reason"":""rate_limit"",""upgrade_url"":""https://whoisjson.com/dashboard/subscription""}"
alviovpn.com,False,,37.15,explicit-vpn,2026-08-30T20:12:42.583784+00:00,429,197,,"{""statusCode"":429,""message"":""Rate limit exceeded."",""limit_reason"":""rate_limit"",""upgrade_url"":""https://whoisjson.com/dashboard/subscription""}"
arivovpn.com,False,,37.15,explicit-vpn,2026-08-30T20:12:42.585172+00:00,429,199,,"{""statusCode"":429,""message"":""Rate limit exceeded."",""limit_reason"":""rate_limit"",""upgrade_url"":""https://whoisjson.com/dashboard/subscription""}"
arviavpn.com,False,,37.15,explicit-vpn,2026-08-30T20:12:42.585012+00:00,429,188,,"{""statusCode"":429,""message"":""Rate limit exceeded."",""limit_reason"":""rate_limit"",""upgrade_url"":""https://whoisjson.com/dashboard/subscription""}"
auriovpn.com,False,,37.15,explicit-vpn,2026-08-30T20:12:42.798069+00:00,429,109,,"{""statusCode"":429,""message"":""Rate limit exceeded."",""limit_reason"":""rate_limit"",""upgrade_url"":""https://whoisjson.com/dashboard/subscription""}"
aurvovpn.com,False,,37.15,explicit-vpn,2026-08-30T20:12:42.819206+00:00,429,122,,"{""statusCode"":429,""message"":""Rate limit exceeded."",""limit_reason"":""rate_limit"",""upgrade_url"":""https://whoisjson.com/dashboard/subscription""}"
avelovpn.com,False,,37.15,explicit-vpn,2026-08-30T20:12:42.696593+00:00,429,112,,"{""statusCode"":429,""message"":""Rate limit exceeded."",""limit_reason"":""rate_limit"",""upgrade_url"":""https://whoisjson.com/dashboard/subscription""}"
avenovpn.com,False,,37.15,explicit-vpn,2026-08-30T20:12:42.688943+00:00,429,105,,"{""statusCode"":429,""message"":""Rate limit exceeded."",""limit_reason"":""rate_limit"",""upgrade_url"":""https://whoisjson.com/dashboard/subscription""}"
averovpn.com,False,,37.15,explicit-vpn,2026-08-30T20:12:42.696958+00:00,429,112,,"{""statusCode"":429,""message"":""Rate limit exceeded."",""limit_reason"":""rate_limit"",""upgrade_url"":""https://whoisjson.com/dashboard/subscription""}"
avirovpn.com,False,,37.15,explicit-vpn,2026-08-30T20:12:42.697285+00:00,429,112,,"{""statusCode"":429,""message"":""Rate limit exceeded."",""limit_reason"":""rate_limit"",""upgrade_url"":""https://whoisjson.com/dashboard/subscription""}"
avoravpn.com,False,,37.15,explicit-vpn,2026-08-30T20:12:42.704237+00:00,429,119,,"{""statusCode"":429,""message"":""Rate limit exceeded."",""limit_reason"":""rate_limit"",""upgrade_url"":""https://whoisjson.com/dashboard/subscription""}"
avriovpn.com,False,,37.15,explicit-vpn,2026-08-30T20:12:42.703886+00:00,429,118,,"{""statusCode"":429,""message"":""Rate limit exceeded."",""limit_reason"":""rate_limit"",""upgrade_url"":""https://whoisjson.com/dashboard/subscription""}"
beliovpn.com,False,,37.15,explicit-vpn,2026-08-30T20:12:42.816145+00:00,429,119,,"{""statusCode"":429,""message"":""Rate limit exceeded."",""limit_reason"":""rate_limit"",""upgrade_url"":""https://whoisjson.com/dashboard/subscription""}"
belvavpn.com,False,,37.15,explicit-vpn,2026-08-30T20:12:42.812150+00:00,429,114,,"{""statusCode"":429,""message"":""Rate limit exceeded."",""limit_reason"":""rate_limit"",""upgrade_url"":""https://whoisjson.com/dashboard/subscription""}"
brivovpn.com,False,,37.15,explicit-vpn,2026-08-30T20:12:42.816580+00:00,429,112,,"{""statusCode"":429,""message"":""Rate limit exceeded."",""limit_reason"":""rate_limit"",""upgrade_url"":""https://whoisjson.com/dashboard/subscription""}"
cariovpn.com,False,,37.15,explicit-vpn,2026-08-30T20:12:42.815432+00:00,429,111,,"{""statusCode"":429,""message"":""Rate limit exceeded."",""limit_reason"":""rate_limit"",""upgrade_url"":""https://whoisjson.com/dashboard/subscription""}"
ceriovpn.com,False,,37.15,explicit-vpn,2026-08-30T20:12:42.908105+00:00,429,109,,"{""statusCode"":429,""message"":""Rate limit exceeded."",""limit_reason"":""rate_limit"",""upgrade_url"":""https://whoisjson.com/dashboard/subscription""}"
cervavpn.com,False,,37.15,explicit-vpn,2026-08-30T20:12:42.930783+00:00,429,118,,"{""statusCode"":429,""message"":""Rate limit exceeded."",""limit_reason"":""rate_limit"",""upgrade_url"":""https://whoisjson.com/dashboard/subscription""}"
dariovpn.com,False,,37.15,explicit-vpn,2026-08-30T20:12:42.930388+00:00,429,113,,"{""statusCode"":429,""message"":""Rate limit exceeded."",""limit_reason"":""rate_limit"",""upgrade_url"":""https://whoisjson.com/dashboard/subscription""}"
darvavpn.com,False,,37.15,explicit-vpn,2026-08-30T20:12:42.930916+00:00,429,111,,"{""statusCode"":429,""message"":""Rate limit exceeded."",""limit_reason"":""rate_limit"",""upgrade_url"":""https://whoisjson.com/dashboard/subscription""}"
deliovpn.com,False,,37.15,explicit-vpn,2026-08-30T20:12:43.116562+00:00,429,208,,"{""statusCode"":429,""message"":""Rate limit exceeded."",""limit_reason"":""rate_limit"",""upgrade_url"":""https://whoisjson.com/dashboard/subscription""}"
dervovpn.com,False,,37.15,explicit-vpn,2026-08-30T20:12:43.116869+00:00,429,190,,"{""statusCode"":429,""message"":""Rate limit exceeded."",""limit_reason"":""rate_limit"",""upgrade_url"":""https://whoisjson.com/dashboard/subscription""}"
elarovpn.com,False,,37.15,explicit-vpn,2026-08-30T20:12:43.116745+00:00,429,190,,"{""statusCode"":429,""message"":""Rate limit exceeded."",""limit_reason"":""rate_limit"",""upgrade_url"":""https://whoisjson.com/dashboard/subscription""}"
elviovpn.com,False,,37.15,explicit-vpn,2026-08-30T20:12:43.116190+00:00,429,185,,"{""statusCode"":429,""message"":""Rate limit exceeded."",""limit_reason"":""rate_limit"",""upgrade_url"":""https://whoisjson.com/dashboard/subscription""}"
enarovpn.com,False,,37.15,explicit-vpn,2026-08-30T20:12:43.117426+00:00,429,186,,"{""statusCode"":429,""message"":""Rate limit exceeded."",""limit_reason"":""rate_limit"",""upgrade_url"":""https://whoisjson.com/dashboard/subscription""}"
enviovpn.com,False,,37.15,explicit-vpn,2026-08-30T20:12:43.117051+00:00,429,186,,"{""statusCode"":429,""message"":""Rate limit exceeded."",""limit_reason"":""rate_limit"",""upgrade_url"":""https://whoisjson.com/dashboard/subscription""}"
evanovpn.com,False,,37.15,explicit-vpn,2026-08-30T20:12:43.233338+00:00,429,117,,"{""statusCode"":429,""message"":""Rate limit exceeded."",""limit_reason"":""rate_limit"",""upgrade_url"":""https://whoisjson.com/dashboard/subscription""}"
evirovpn.com,False,,37.15,explicit-vpn,2026-08-30T20:12:43.226386+00:00,429,109,,"{""statusCode"":429,""message"":""Rate limit exceeded."",""limit_reason"":""rate_limit"",""upgrade_url"":""https://whoisjson.com/dashboard/subscription""}"
faliovpn.com,False,,37.15,explicit-vpn,2026-08-30T20:12:43.233691+00:00,429,116,,"{""statusCode"":429,""message"":""Rate limit exceeded."",""limit_reason"":""rate_limit"",""upgrade_url"":""https://whoisjson.com/dashboard/subscription""}"
fervovpn.com,False,,37.15,explicit-vpn,2026-08-30T20:12:43.242363+00:00,429,125,,"{""statusCode"":429,""message"":""Rate limit exceeded."",""limit_reason"":""rate_limit"",""upgrade_url"":""https://whoisjson.com/dashboard/subscription""}"
fivravpn.com,False,,37.15,explicit-vpn,2026-08-30T20:12:43.226217+00:00,429,108,,"{""statusCode"":429,""message"":""Rate limit exceeded."",""limit_reason"":""rate_limit"",""upgrade_url"":""https://whoisjson.com/dashboard/subscription""}"
haliovpn.com,False,,37.15,explicit-vpn,2026-08-30T20:12:43.356294+00:00,429,129,,"{""statusCode"":429,""message"":""Rate limit exceeded."",""limit_reason"":""rate_limit"",""upgrade_url"":""https://whoisjson.com/dashboard/subscription""}"
halvovpn.com,False,,37.15,explicit-vpn,2026-08-30T20:12:43.354126+00:00,429,127,,"{""statusCode"":429,""message"":""Rate limit exceeded."",""limit_reason"":""rate_limit"",""upgrade_url"":""https://whoisjson.com/dashboard/subscription""}"
ilarovpn.com,False,,37.15,explicit-vpn,2026-08-30T20:12:43.356077+00:00,429,122,,"{""statusCode"":429,""message"":""Rate limit exceeded."",""limit_reason"":""rate_limit"",""upgrade_url"":""https://whoisjson.com/dashboard/subscription""}"
ilviovpn.com,False,,37.15,explicit-vpn,2026-08-30T20:12:43.353690+00:00,429,119,,"{""statusCode"":429,""message"":""Rate limit exceeded."",""limit_reason"":""rate_limit"",""upgrade_url"":""https://whoisjson.com/dashboard/subscription""}"
kariovpn.com,False,,37.15,explicit-vpn,2026-08-30T20:12:43.355397+00:00,429,111,,"{""statusCode"":429,""message"":""Rate limit exceeded."",""limit_reason"":""rate_limit"",""upgrade_url"":""https://whoisjson.com/dashboard/subscription""}"
kelvovpn.com,False,,37.15,explicit-vpn,2026-08-30T20:12:43.478499+00:00,429,124,,"{""statusCode"":429,""message"":""Rate limit exceeded."",""limit_reason"":""rate_limit"",""upgrade_url"":""https://whoisjson.com/dashboard/subscription""}"
lariovpn.com,False,,37.15,explicit-vpn,2026-08-30T20:12:43.471350+00:00,429,115,,"{""statusCode"":429,""message"":""Rate limit exceeded."",""limit_reason"":""rate_limit"",""upgrade_url"":""https://whoisjson.com/dashboard/subscription""}"
lenvovpn.com,False,,37.15,explicit-vpn,2026-08-30T20:12:43.472364+00:00,429,116,,"{""statusCode"":429,""message"":""Rate limit exceeded."",""limit_reason"":""rate_limit"",""upgrade_url"":""https://whoisjson.com/dashboard/subscription""}"
lioravpn.com,False,,37.15,explicit-vpn,2026-08-30T20:12:43.471172+00:00,429,114,,"{""statusCode"":429,""message"":""Rate limit exceeded."",""limit_reason"":""rate_limit"",""upgrade_url"":""https://whoisjson.com/dashboard/subscription""}"
lirvovpn.com,False,,37.15,explicit-vpn,2026-08-30T20:12:43.471694+00:00,429,108,,"{""statusCode"":429,""message"":""Rate limit exceeded."",""limit_reason"":""rate_limit"",""upgrade_url"":""https://whoisjson.com/dashboard/subscription""}"
lumiovpn.com,False,,37.15,explicit-vpn,2026-08-30T20:12:43.643402+00:00,429,172,,"{""statusCode"":429,""message"":""Rate limit exceeded."",""limit_reason"":""rate_limit"",""upgrade_url"":""https://whoisjson.com/dashboard/subscription""}"
lumvovpn.com,False,,37.15,explicit-vpn,2026-08-30T20:12:43.642397+00:00,429,170,,"{""statusCode"":429,""message"":""Rate limit exceeded."",""limit_reason"":""rate_limit"",""upgrade_url"":""https://whoisjson.com/dashboard/subscription""}"
marvovpn.com,False,,37.15,explicit-vpn,2026-08-30T20:12:43.643166+00:00,429,171,,"{""statusCode"":429,""message"":""Rate limit exceeded."",""limit_reason"":""rate_limit"",""upgrade_url"":""https://whoisjson.com/dashboard/subscription""}"
meliovpn.com,False,,37.15,explicit-vpn,2026-08-30T20:12:43.643296+00:00,429,170,,"{""statusCode"":429,""message"":""Rate limit exceeded."",""limit_reason"":""rate_limit"",""upgrade_url"":""https://whoisjson.com/dashboard/subscription""}"
meriovpn.com,False,,37.15,explicit-vpn,2026-08-30T20:12:43.643904+00:00,429,168,,"{""statusCode"":429,""message"":""Rate limit exceeded."",""limit_reason"":""rate_limit"",""upgrade_url"":""https://whoisjson.com/dashboard/subscription""}"
mirvovpn.com,False,,37.15,explicit-vpn,2026-08-30T20:12:43.643016+00:00,429,164,,"{""statusCode"":429,""message"":""Rate limit exceeded."",""limit_reason"":""rate_limit"",""upgrade_url"":""https://whoisjson.com/dashboard/subscription""}"
naviovpn.com,False,,37.15,explicit-vpn,2026-08-30T20:12:43.764362+00:00,429,121,,"{""statusCode"":429,""message"":""Rate limit exceeded."",""limit_reason"":""rate_limit"",""upgrade_url"":""https://whoisjson.com/dashboard/subscription""}"
navrovpn.com,False,,37.15,explicit-vpn,2026-08-30T20:12:43.785007+00:00,429,141,,"{""statusCode"":429,""message"":""Rate limit exceeded."",""limit_reason"":""rate_limit"",""upgrade_url"":""https://whoisjson.com/dashboard/subscription""}"
neliovpn.com,False,,37.15,explicit-vpn,2026-08-30T20:12:43.801522+00:00,429,158,,"{""statusCode"":429,""message"":""Rate limit exceeded."",""limit_reason"":""rate_limit"",""upgrade_url"":""https://whoisjson.com/dashboard/subscription""}"
nervovpn.com,False,,37.15,explicit-vpn,2026-08-30T20:12:43.760744+00:00,429,117,,"{""statusCode"":429,""message"":""Rate limit exceeded."",""limit_reason"":""rate_limit"",""upgrade_url"":""https://whoisjson.com/dashboard/subscription""}"
neviovpn.com,False,,37.15,explicit-vpn,2026-08-30T20:12:43.773622+00:00,429,130,,"{""statusCode"":429,""message"":""Rate limit exceeded."",""limit_reason"":""rate_limit"",""upgrade_url"":""https://whoisjson.com/dashboard/subscription""}"
nexiovpn.com,False,,37.15,explicit-vpn,2026-08-30T20:12:43.774469+00:00,429,130,,"{""statusCode"":429,""message"":""Rate limit exceeded."",""limit_reason"":""rate_limit"",""upgrade_url"":""https://whoisjson.com/dashboard/subscription""}"
nexvovpn.com,False,,37.15,explicit-vpn,2026-08-30T20:12:43.875000+00:00,429,110,,"{""statusCode"":429,""message"":""Rate limit exceeded."",""limit_reason"":""rate_limit"",""upgrade_url"":""https://whoisjson.com/dashboard/subscription""}"
niviovpn.com,False,,37.15,explicit-vpn,2026-08-30T20:12:43.897877+00:00,429,124,,"{""statusCode"":429,""message"":""Rate limit exceeded."",""limit_reason"":""rate_limit"",""upgrade_url"":""https://whoisjson.com/dashboard/subscription""}"
norvavpn.com,False,,37.15,explicit-vpn,2026-08-30T20:12:43.884260+00:00,429,109,,"{""statusCode"":429,""message"":""Rate limit exceeded."",""limit_reason"":""rate_limit"",""upgrade_url"":""https://whoisjson.com/dashboard/subscription""}"
noviovpn.com,False,,37.15,explicit-vpn,2026-08-30T20:12:43.887824+00:00,429,102,,"{""statusCode"":429,""message"":""Rate limit exceeded."",""limit_reason"":""rate_limit"",""upgrade_url"":""https://whoisjson.com/dashboard/subscription""}"
nyviovpn.com,False,,37.15,explicit-vpn,2026-08-30T20:12:43.899390+00:00,429,97,,"{""statusCode"":429,""message"":""Rate limit exceeded."",""limit_reason"":""rate_limit"",""upgrade_url"":""https://whoisjson.com/dashboard/subscription""}"
orviovpn.com,False,,37.15,explicit-vpn,2026-08-30T20:12:44.010374+00:00,429,135,,"{""statusCode"":429,""message"":""Rate limit exceeded."",""limit_reason"":""rate_limit"",""upgrade_url"":""https://whoisjson.com/dashboard/subscription""}"
paviovpn.com,False,,37.15,explicit-vpn,2026-08-30T20:12:43.977266+00:00,429,102,,"{""statusCode"":429,""message"":""Rate limit exceeded."",""limit_reason"":""rate_limit"",""upgrade_url"":""https://whoisjson.com/dashboard/subscription""}"
qariovpn.com,False,,37.15,explicit-vpn,2026-08-30T20:12:43.993296+00:00,429,108,,"{""statusCode"":429,""message"":""Rate limit exceeded."",""limit_reason"":""rate_limit"",""upgrade_url"":""https://whoisjson.com/dashboard/subscription""}"
raviovpn.com,False,,37.15,explicit-vpn,2026-08-30T20:12:44.012182+00:00,429,114,,"{""statusCode"":429,""message"":""Rate limit exceeded."",""limit_reason"":""rate_limit"",""upgrade_url"":""https://whoisjson.com/dashboard/subscription""}"
relvovpn.com,False,,37.15,explicit-vpn,2026-08-30T20:12:44.012543+00:00,429,113,,"{""statusCode"":429,""message"":""Rate limit exceeded."",""limit_reason"":""rate_limit"",""upgrade_url"":""https://whoisjson.com/dashboard/subscription""}"
reviovpn.com,False,,37.15,explicit-vpn,2026-08-30T20:12:44.157681+00:00,429,180,,"{""statusCode"":429,""message"":""Rate limit exceeded."",""limit_reason"":""rate_limit"",""upgrade_url"":""https://whoisjson.com/dashboard/subscription""}"
ruviovpn.com,False,,37.15,explicit-vpn,2026-08-30T20:12:44.177725+00:00,429,168,,"{""statusCode"":429,""message"":""Rate limit exceeded."",""limit_reason"":""rate_limit"",""upgrade_url"":""https://whoisjson.com/dashboard/subscription""}"
saviovpn.com,False,,37.15,explicit-vpn,2026-08-30T20:12:44.178131+00:00,429,167,,"{""statusCode"":429,""message"":""Rate limit exceeded."",""limit_reason"":""rate_limit"",""upgrade_url"":""https://whoisjson.com/dashboard/subscription""}"
selvovpn.com,False,,37.15,explicit-vpn,2026-08-30T20:12:44.179300+00:00,429,167,,"{""statusCode"":429,""message"":""Rate limit exceeded."",""limit_reason"":""rate_limit"",""upgrade_url"":""https://whoisjson.com/dashboard/subscription""}"
solvavpn.com,False,,37.15,explicit-vpn,2026-08-30T20:12:44.293981+00:00,429,136,,"{""statusCode"":429,""message"":""Rate limit exceeded."",""limit_reason"":""rate_limit"",""upgrade_url"":""https://whoisjson.com/dashboard/subscription""}"
soriovpn.com,False,,37.15,explicit-vpn,2026-08-30T20:12:44.306276+00:00,429,128,,"{""statusCode"":429,""message"":""Rate limit exceeded."",""limit_reason"":""rate_limit"",""upgrade_url"":""https://whoisjson.com/dashboard/subscription""}"
talvovpn.com,False,,37.15,explicit-vpn,2026-08-30T20:12:44.303620+00:00,429,125,,"{""statusCode"":429,""message"":""Rate limit exceeded."",""limit_reason"":""rate_limit"",""upgrade_url"":""https://whoisjson.com/dashboard/subscription""}"
tariovpn.com,False,,37.15,explicit-vpn,2026-08-30T20:12:44.315568+00:00,429,136,,"{""statusCode"":429,""message"":""Rate limit exceeded."",""limit_reason"":""rate_limit"",""upgrade_url"":""https://whoisjson.com/dashboard/subscription""}"
tervovpn.com,False,,37.15,explicit-vpn,2026-08-30T20:12:44.303230+00:00,429,123,,"{""statusCode"":429,""message"":""Rate limit exceeded."",""limit_reason"":""rate_limit"",""upgrade_url"":""https://whoisjson.com/dashboard/subscription""}"
teviovpn.com,False,,37.15,explicit-vpn,2026-08-30T20:12:44.301879+00:00,429,122,,"{""statusCode"":429,""message"":""Rate limit exceeded."",""limit_reason"":""rate_limit"",""upgrade_url"":""https://whoisjson.com/dashboard/subscription""}"
trivovpn.com,False,,37.15,explicit-vpn,2026-08-30T20:12:44.404594+00:00,429,110,,"{""statusCode"":429,""message"":""Rate limit exceeded."",""limit_reason"":""rate_limit"",""upgrade_url"":""https://whoisjson.com/dashboard/subscription""}"
ulviovpn.com,False,,37.15,explicit-vpn,2026-08-30T20:12:44.414398+00:00,429,112,,"{""statusCode"":429,""message"":""Rate limit exceeded."",""limit_reason"":""rate_limit"",""upgrade_url"":""https://whoisjson.com/dashboard/subscription""}"
variovpn.com,False,,37.15,explicit-vpn,2026-08-30T20:12:44.404210+00:00,429,100,,"{""statusCode"":429,""message"":""Rate limit exceeded."",""limit_reason"":""rate_limit"",""upgrade_url"":""https://whoisjson.com/dashboard/subscription""}"
veliovpn.com,False,,37.15,explicit-vpn,2026-08-30T20:12:44.414118+00:00,429,110,,"{""statusCode"":429,""message"":""Rate limit exceeded."",""limit_reason"":""rate_limit"",""upgrade_url"":""https://whoisjson.com/dashboard/subscription""}"
velvovpn.com,False,,37.15,explicit-vpn,2026-08-30T20:12:44.415370+00:00,429,108,,"{""statusCode"":429,""message"":""Rate limit exceeded."",""limit_reason"":""rate_limit"",""upgrade_url"":""https://whoisjson.com/dashboard/subscription""}"
veriovpn.com,False,,37.15,explicit-vpn,2026-08-30T20:12:44.430581+00:00,429,114,,"{""statusCode"":429,""message"":""Rate limit exceeded."",""limit_reason"":""rate_limit"",""upgrade_url"":""https://whoisjson.com/dashboard/subscription""}"
viarovpn.com,False,,37.15,explicit-vpn,2026-08-30T20:12:44.512009+00:00,429,107,,"{""statusCode"":429,""message"":""Rate limit exceeded."",""limit_reason"":""rate_limit"",""upgrade_url"":""https://whoisjson.com/dashboard/subscription""}"
viriovpn.com,False,,37.15,explicit-vpn,2026-08-30T20:12:44.512370+00:00,429,107,,"{""statusCode"":429,""message"":""Rate limit exceeded."",""limit_reason"":""rate_limit"",""upgrade_url"":""https://whoisjson.com/dashboard/subscription""}"
voliovpn.com,False,,37.15,explicit-vpn,2026-08-30T20:12:44.559777+00:00,429,145,,"{""statusCode"":429,""message"":""Rate limit exceeded."",""limit_reason"":""rate_limit"",""upgrade_url"":""https://whoisjson.com/dashboard/subscription""}"
voriavpn.com,False,,37.15,explicit-vpn,2026-08-30T20:12:44.521858+00:00,429,107,,"{""statusCode"":429,""message"":""Rate limit exceeded."",""limit_reason"":""rate_limit"",""upgrade_url"":""https://whoisjson.com/dashboard/subscription""}"
xaliovpn.com,False,,37.15,explicit-vpn,2026-08-30T20:12:44.562903+00:00,429,132,,"{""statusCode"":429,""message"":""Rate limit exceeded."",""limit_reason"":""rate_limit"",""upgrade_url"":""https://whoisjson.com/dashboard/subscription""}"
xeviovpn.com,False,,37.15,explicit-vpn,2026-08-30T20:12:44.678167+00:00,429,165,,"{""statusCode"":429,""message"":""Rate limit exceeded."",""limit_reason"":""rate_limit"",""upgrade_url"":""https://whoisjson.com/dashboard/subscription""}"
yariovpn.com,False,,37.15,explicit-vpn,2026-08-30T20:12:44.677302+00:00,429,164,,"{""statusCode"":429,""message"":""Rate limit exceeded."",""limit_reason"":""rate_limit"",""upgrade_url"":""https://whoisjson.com/dashboard/subscription""}"
zariovpn.com,False,,37.15,explicit-vpn,2026-08-30T20:12:44.677735+00:00,429,155,,"{""statusCode"":429,""message"":""Rate limit exceeded."",""limit_reason"":""rate_limit"",""upgrade_url"":""https://whoisjson.com/dashboard/subscription""}"
zelvovpn.com,False,,37.15,explicit-vpn,2026-08-30T20:12:44.772981+00:00,429,216,,"{""statusCode"":429,""message"":""Rate limit exceeded."",""limit_reason"":""rate_limit"",""upgrade_url"":""https://whoisjson.com/dashboard/subscription""}"
zeviovpn.com,False,,37.15,explicit-vpn,2026-08-30T20:12:44.833337+00:00,429,270,,"{""statusCode"":429,""message"":""Rate limit exceeded."",""limit_reason"":""rate_limit"",""upgrade_url"":""https://whoisjson.com/dashboard/subscription""}"
zoriovpn.com,False,,37.15,explicit-vpn,2026-08-30T20:12:44.786611+00:00,429,109,,"{""statusCode"":429,""message"":""Rate limit exceeded."",""limit_reason"":""rate_limit"",""upgrade_url"":""https://whoisjson.com/dashboard/subscription""}"
aerohaven.com,False,,36.8,semantic,2026-08-30T20:12:37.472581+00:00,429,116,,"{""statusCode"":429,""message"":""Rate limit exceeded."",""limit_reason"":""rate_limit"",""upgrade_url"":""https://whoisjson.com/dashboard/subscription""}"
airyhaven.com,False,,36.8,semantic,2026-08-30T20:12:37.866309+00:00,429,158,,"{""statusCode"":429,""message"":""Rate limit exceeded."",""limit_reason"":""rate_limit"",""upgrade_url"":""https://whoisjson.com/dashboard/subscription""}"
arcsphere.com,False,,36.8,semantic,2026-08-30T20:12:38.515226+00:00,429,124,,"{""statusCode"":429,""message"":""Rate limit exceeded."",""limit_reason"":""rate_limit"",""upgrade_url"":""https://whoisjson.com/dashboard/subscription""}"
blinkdash.com,False,,36.8,semantic,2026-08-30T20:12:38.928291+00:00,429,161,,"{""statusCode"":429,""message"":""Rate limit exceeded."",""limit_reason"":""rate_limit"",""upgrade_url"":""https://whoisjson.com/dashboard/subscription""}"
blinkgate.com,False,,36.8,semantic,2026-08-30T20:12:38.925029+00:00,429,158,,"{""statusCode"":429,""message"":""Rate limit exceeded."",""limit_reason"":""rate_limit"",""upgrade_url"":""https://whoisjson.com/dashboard/subscription""}"
blinklink.com,False,,36.8,semantic,2026-08-30T20:12:39.097345+00:00,429,172,,"{""statusCode"":429,""message"":""Rate limit exceeded."",""limit_reason"":""rate_limit"",""upgrade_url"":""https://whoisjson.com/dashboard/subscription""}"
blinkmesh.com,False,,36.8,semantic,2026-08-30T20:12:39.043134+00:00,429,116,,"{""statusCode"":429,""message"":""Rate limit exceeded."",""limit_reason"":""rate_limit"",""upgrade_url"":""https://whoisjson.com/dashboard/subscription""}"
blinknest.com,False,,36.8,semantic,2026-08-30T20:12:39.048894+00:00,429,121,,"{""statusCode"":429,""message"":""Rate limit exceeded."",""limit_reason"":""rate_limit"",""upgrade_url"":""https://whoisjson.com/dashboard/subscription""}"
blinkpath.com,False,,36.8,semantic,2026-08-30T20:12:39.052653+00:00,429,124,,"{""statusCode"":429,""message"":""Rate limit exceeded."",""limit_reason"":""rate_limit"",""upgrade_url"":""https://whoisjson.com/dashboard/subscription""}"
blinkwave.com,False,,36.8,semantic,2026-08-30T20:12:39.161973+00:00,429,119,,"{""statusCode"":429,""message"":""Rate limit exceeded."",""limit_reason"":""rate_limit"",""upgrade_url"":""https://whoisjson.com/dashboard/subscription""}"
blinkwing.com,False,,36.8,semantic,2026-08-30T20:12:39.162321+00:00,429,119,,"{""statusCode"":429,""message"":""Rate limit exceeded."",""limit_reason"":""rate_limit"",""upgrade_url"":""https://whoisjson.com/dashboard/subscription""}"
blinkwire.com,False,,36.8,semantic,2026-08-30T20:12:39.173388+00:00,429,124,,"{""statusCode"":429,""message"":""Rate limit exceeded."",""limit_reason"":""rate_limit"",""upgrade_url"":""https://whoisjson.com/dashboard/subscription""}"
brightbay.com,False,,36.8,semantic,2026-08-30T20:12:39.173629+00:00,429,120,,"{""statusCode"":429,""message"":""Rate limit exceeded."",""limit_reason"":""rate_limit"",""upgrade_url"":""https://whoisjson.com/dashboard/subscription""}"
brighthop.com,False,,36.8,semantic,2026-08-30T20:12:39.279077+00:00,429,116,,"{""statusCode"":429,""message"":""Rate limit exceeded."",""limit_reason"":""rate_limit"",""upgrade_url"":""https://whoisjson.com/dashboard/subscription""}"
calmhaven.com,False,,36.8,semantic,2026-08-30T20:12:39.567056+00:00,429,112,,"{""statusCode"":429,""message"":""Rate limit exceeded."",""limit_reason"":""rate_limit"",""upgrade_url"":""https://whoisjson.com/dashboard/subscription""}"
cipherhop.com,False,,36.8,semantic,2026-08-30T20:12:40.087938+00:00,429,118,,"{""statusCode"":429,""message"":""Rate limit exceeded."",""limit_reason"":""rate_limit"",""upgrade_url"":""https://whoisjson.com/dashboard/subscription""}"
cleardash.com,False,,36.8,semantic,2026-08-30T20:12:40.335123+00:00,429,136,,"{""statusCode"":429,""message"":""Rate limit exceeded."",""limit_reason"":""rate_limit"",""upgrade_url"":""https://whoisjson.com/dashboard/subscription""}"
cleargate.com,False,,36.8,semantic,2026-08-30T20:12:40.337589+00:00,429,138,,"{""statusCode"":429,""message"":""Rate limit exceeded."",""limit_reason"":""rate_limit"",""upgrade_url"":""https://whoisjson.com/dashboard/subscription""}"
clearlink.com,False,,36.8,semantic,2026-08-30T20:12:40.345686+00:00,429,134,,"{""statusCode"":429,""message"":""Rate limit exceeded."",""limit_reason"":""rate_limit"",""upgrade_url"":""https://whoisjson.com/dashboard/subscription""}"
clearmesh.com,False,,36.8,semantic,2026-08-30T20:12:40.338160+00:00,429,122,,"{""statusCode"":429,""message"":""Rate limit exceeded."",""limit_reason"":""rate_limit"",""upgrade_url"":""https://whoisjson.com/dashboard/subscription""}"
clearnest.com,False,,36.8,semantic,2026-08-30T20:12:40.354285+00:00,429,115,,"{""statusCode"":429,""message"":""Rate limit exceeded."",""limit_reason"":""rate_limit"",""upgrade_url"":""https://whoisjson.com/dashboard/subscription""}"
clearpath.com,False,,36.8,semantic,2026-08-30T20:12:40.496770+00:00,429,165,,"{""statusCode"":429,""message"":""Rate limit exceeded."",""limit_reason"":""rate_limit"",""upgrade_url"":""https://whoisjson.com/dashboard/subscription""}"
clearwave.com,False,,36.8,semantic,2026-08-30T20:12:40.496315+00:00,429,158,,"{""statusCode"":429,""message"":""Rate limit exceeded."",""limit_reason"":""rate_limit"",""upgrade_url"":""https://whoisjson.com/dashboard/subscription""}"
clearwing.com,False,,36.8,semantic,2026-08-30T20:12:40.495271+00:00,429,149,,"{""statusCode"":429,""message"":""Rate limit exceeded."",""limit_reason"":""rate_limit"",""upgrade_url"":""https://whoisjson.com/dashboard/subscription""}"
clearwire.com,False,,36.8,semantic,2026-08-30T20:12:40.497832+00:00,429,143,,"{""statusCode"":429,""message"":""Rate limit exceeded."",""limit_reason"":""rate_limit"",""upgrade_url"":""https://whoisjson.com/dashboard/subscription""}"
cloudgate.com,False,,36.8,semantic,2026-08-30T20:12:40.620015+00:00,429,124,,"{""statusCode"":429,""message"":""Rate limit exceeded."",""limit_reason"":""rate_limit"",""upgrade_url"":""https://whoisjson.com/dashboard/subscription""}"
cloudlink.com,False,,36.8,semantic,2026-08-30T20:12:40.618997+00:00,429,122,,"{""statusCode"":429,""message"":""Rate limit exceeded."",""limit_reason"":""rate_limit"",""upgrade_url"":""https://whoisjson.com/dashboard/subscription""}"
cloudmesh.com,False,,36.8,semantic,2026-08-30T20:12:40.622894+00:00,429,124,,"{""statusCode"":429,""message"":""Rate limit exceeded."",""limit_reason"":""rate_limit"",""upgrade_url"":""https://whoisjson.com/dashboard/subscription""}"
cloudnest.com,False,,36.8,semantic,2026-08-30T20:12:40.744647+00:00,429,136,,"{""statusCode"":429,""message"":""Rate limit exceeded."",""limit_reason"":""rate_limit"",""upgrade_url"":""https://whoisjson.com/dashboard/subscription""}"
cloudpath.com,False,,36.8,semantic,2026-08-30T20:12:40.729590+00:00,429,110,,"{""statusCode"":429,""message"":""Rate limit exceeded."",""limit_reason"":""rate_limit"",""upgrade_url"":""https://whoisjson.com/dashboard/subscription""}"
cloudwave.com,False,,36.8,semantic,2026-08-30T20:12:40.730309+00:00,429,107,,"{""statusCode"":429,""message"":""Rate limit exceeded."",""limit_reason"":""rate_limit"",""upgrade_url"":""https://whoisjson.com/dashboard/subscription""}"
cloudwing.com,False,,36.8,semantic,2026-08-30T20:12:40.776134+00:00,429,128,,"{""statusCode"":429,""message"":""Rate limit exceeded."",""limit_reason"":""rate_limit"",""upgrade_url"":""https://whoisjson.com/dashboard/subscription""}"
cloudwire.com,False,,36.8,semantic,2026-08-30T20:12:40.850504+00:00,429,120,,"{""statusCode"":429,""message"":""Rate limit exceeded."",""limit_reason"":""rate_limit"",""upgrade_url"":""https://whoisjson.com/dashboard/subscription""}"
covertbay.com,False,,36.8,semantic,2026-08-30T20:12:40.847777+00:00,429,117,,"{""statusCode"":429,""message"":""Rate limit exceeded."",""limit_reason"":""rate_limit"",""upgrade_url"":""https://whoisjson.com/dashboard/subscription""}"
coverthop.com,False,,36.8,semantic,2026-08-30T20:12:41.024839+00:00,429,176,,"{""statusCode"":429,""message"":""Rate limit exceeded."",""limit_reason"":""rate_limit"",""upgrade_url"":""https://whoisjson.com/dashboard/subscription""}"
driftdash.com,False,,36.8,semantic,2026-08-30T20:12:41.273262+00:00,429,112,,"{""statusCode"":429,""message"":""Rate limit exceeded."",""limit_reason"":""rate_limit"",""upgrade_url"":""https://whoisjson.com/dashboard/subscription""}"
driftgate.com,False,,36.8,semantic,2026-08-30T20:12:41.274386+00:00,429,113,,"{""statusCode"":429,""message"":""Rate limit exceeded."",""limit_reason"":""rate_limit"",""upgrade_url"":""https://whoisjson.com/dashboard/subscription""}"
driftlink.com,False,,36.8,semantic,2026-08-30T20:12:41.386770+00:00,429,113,,"{""statusCode"":429,""message"":""Rate limit exceeded."",""limit_reason"":""rate_limit"",""upgrade_url"":""https://whoisjson.com/dashboard/subscription""}"
driftmesh.com,False,,36.8,semantic,2026-08-30T20:12:41.537064+00:00,429,262,,"{""statusCode"":429,""message"":""Rate limit exceeded."",""limit_reason"":""rate_limit"",""upgrade_url"":""https://whoisjson.com/dashboard/subscription""}"
driftnest.com,False,,36.8,semantic,2026-08-30T20:12:41.385988+00:00,429,110,,"{""statusCode"":429,""message"":""Rate limit exceeded."",""limit_reason"":""rate_limit"",""upgrade_url"":""https://whoisjson.com/dashboard/subscription""}"
driftpath.com,False,,36.8,semantic,2026-08-30T20:12:41.389902+00:00,429,113,,"{""statusCode"":429,""message"":""Rate limit exceeded."",""limit_reason"":""rate_limit"",""upgrade_url"":""https://whoisjson.com/dashboard/subscription""}"
driftwave.com,False,,36.8,semantic,2026-08-30T20:12:41.536638+00:00,429,156,,"{""statusCode"":429,""message"":""Rate limit exceeded."",""limit_reason"":""rate_limit"",""upgrade_url"":""https://whoisjson.com/dashboard/subscription""}"
driftwing.com,False,,36.8,semantic,2026-08-30T20:12:41.537386+00:00,429,151,,"{""statusCode"":429,""message"":""Rate limit exceeded."",""limit_reason"":""rate_limit"",""upgrade_url"":""https://whoisjson.com/dashboard/subscription""}"
driftwire.com,False,,36.8,semantic,2026-08-30T20:12:41.538818+00:00,429,151,,"{""statusCode"":429,""message"":""Rate limit exceeded."",""limit_reason"":""rate_limit"",""upgrade_url"":""https://whoisjson.com/dashboard/subscription""}"
emberdash.com,False,,36.8,semantic,2026-08-30T20:12:41.667592+00:00,429,130,,"{""statusCode"":429,""message"":""Rate limit exceeded."",""limit_reason"":""rate_limit"",""upgrade_url"":""https://whoisjson.com/dashboard/subscription""}"
embergate.com,False,,36.8,semantic,2026-08-30T20:12:41.667335+00:00,429,130,,"{""statusCode"":429,""message"":""Rate limit exceeded."",""limit_reason"":""rate_limit"",""upgrade_url"":""https://whoisjson.com/dashboard/subscription""}"
emberlink.com,False,,36.8,semantic,2026-08-30T20:12:41.672053+00:00,429,133,,"{""statusCode"":429,""message"":""Rate limit exceeded."",""limit_reason"":""rate_limit"",""upgrade_url"":""https://whoisjson.com/dashboard/subscription""}"
embermesh.com,False,,36.8,semantic,2026-08-30T20:12:41.669537+00:00,429,130,,"{""statusCode"":429,""message"":""Rate limit exceeded."",""limit_reason"":""rate_limit"",""upgrade_url"":""https://whoisjson.com/dashboard/subscription""}"
embernest.com,False,,36.8,semantic,2026-08-30T20:12:41.669404+00:00,429,129,,"{""statusCode"":429,""message"":""Rate limit exceeded."",""limit_reason"":""rate_limit"",""upgrade_url"":""https://whoisjson.com/dashboard/subscription""}"
emberpath.com,False,,36.8,semantic,2026-08-30T20:12:41.785212+00:00,429,117,,"{""statusCode"":429,""message"":""Rate limit exceeded."",""limit_reason"":""rate_limit"",""upgrade_url"":""https://whoisjson.com/dashboard/subscription""}"
emberwave.com,False,,36.8,semantic,2026-08-30T20:12:41.779544+00:00,429,110,,"{""statusCode"":429,""message"":""Rate limit exceeded."",""limit_reason"":""rate_limit"",""upgrade_url"":""https://whoisjson.com/dashboard/subscription""}"
emberwing.com,False,,36.8,semantic,2026-08-30T20:12:41.779426+00:00,429,109,,"{""statusCode"":429,""message"":""Rate limit exceeded."",""limit_reason"":""rate_limit"",""upgrade_url"":""https://whoisjson.com/dashboard/subscription""}"
emberwire.com,False,,36.8,semantic,2026-08-30T20:12:41.776357+00:00,429,104,,"{""statusCode"":429,""message"":""Rate limit exceeded."",""limit_reason"":""rate_limit"",""upgrade_url"":""https://whoisjson.com/dashboard/subscription""}"
fasthaven.com,False,,36.8,semantic,2026-08-30T20:12:42.180328+00:00,429,113,,"{""statusCode"":429,""message"":""Rate limit exceeded."",""limit_reason"":""rate_limit"",""upgrade_url"":""https://whoisjson.com/dashboard/subscription""}"
hiddenlane.com,False,,36.45,curated,2026-08-30T20:12:28.023411+00:00,429,111,,"{""statusCode"":429,""message"":""Rate limit exceeded."",""limit_reason"":""rate_limit"",""upgrade_url"":""https://whoisjson.com/dashboard/subscription""}"
cirovavpn.com,False,,35.8,explicit-vpn,2026-08-30T20:12:42.926479+00:00,429,110,,"{""statusCode"":429,""message"":""Rate limit exceeded."",""limit_reason"":""rate_limit"",""upgrade_url"":""https://whoisjson.com/dashboard/subscription""}"
nexoravpn.com,False,,35.8,explicit-vpn,2026-08-30T20:12:43.874830+00:00,429,113,,"{""statusCode"":429,""message"":""Rate limit exceeded."",""limit_reason"":""rate_limit"",""upgrade_url"":""https://whoisjson.com/dashboard/subscription""}"
zenviovpn.com,False,,35.8,explicit-vpn,2026-08-30T20:12:44.755522+00:00,429,195,,"{""statusCode"":429,""message"":""Rate limit exceeded."",""limit_reason"":""rate_limit"",""upgrade_url"":""https://whoisjson.com/dashboard/subscription""}"
aerosphere.com,False,,35.45,semantic,2026-08-30T20:12:37.688428+00:00,429,113,,"{""statusCode"":429,""message"":""Rate limit exceeded."",""limit_reason"":""rate_limit"",""upgrade_url"":""https://whoisjson.com/dashboard/subscription""}"
airysphere.com,False,,35.45,semantic,2026-08-30T20:12:38.100220+00:00,429,111,,"{""statusCode"":429,""message"":""Rate limit exceeded."",""limit_reason"":""rate_limit"",""upgrade_url"":""https://whoisjson.com/dashboard/subscription""}"
aurasphere.com,False,,35.45,semantic,2026-08-30T20:12:38.766388+00:00,429,122,,"{""statusCode"":429,""message"":""Rate limit exceeded."",""limit_reason"":""rate_limit"",""upgrade_url"":""https://whoisjson.com/dashboard/subscription""}"
brightdash.com,False,,35.45,semantic,2026-08-30T20:12:39.209104+00:00,429,111,,"{""statusCode"":429,""message"":""Rate limit exceeded."",""limit_reason"":""rate_limit"",""upgrade_url"":""https://whoisjson.com/dashboard/subscription""}"
brightgate.com,False,,35.45,semantic,2026-08-30T20:12:39.209334+00:00,429,111,,"{""statusCode"":429,""message"":""Rate limit exceeded."",""limit_reason"":""rate_limit"",""upgrade_url"":""https://whoisjson.com/dashboard/subscription""}"
brightlink.com,False,,35.45,semantic,2026-08-30T20:12:39.307066+00:00,429,133,,"{""statusCode"":429,""message"":""Rate limit exceeded."",""limit_reason"":""rate_limit"",""upgrade_url"":""https://whoisjson.com/dashboard/subscription""}"
brightmesh.com,False,,35.45,semantic,2026-08-30T20:12:39.307728+00:00,429,134,,"{""statusCode"":429,""message"":""Rate limit exceeded."",""limit_reason"":""rate_limit"",""upgrade_url"":""https://whoisjson.com/dashboard/subscription""}"
brightnest.com,False,,35.45,semantic,2026-08-30T20:12:39.318871+00:00,429,109,,"{""statusCode"":429,""message"":""Rate limit exceeded."",""limit_reason"":""rate_limit"",""upgrade_url"":""https://whoisjson.com/dashboard/subscription""}"
brightpath.com,False,,35.45,semantic,2026-08-30T20:12:39.334441+00:00,429,125,,"{""statusCode"":429,""message"":""Rate limit exceeded."",""limit_reason"":""rate_limit"",""upgrade_url"":""https://whoisjson.com/dashboard/subscription""}"
brightwave.com,False,,35.45,semantic,2026-08-30T20:12:39.455445+00:00,429,148,,"{""statusCode"":429,""message"":""Rate limit exceeded."",""limit_reason"":""rate_limit"",""upgrade_url"":""https://whoisjson.com/dashboard/subscription""}"
brightwing.com,False,,35.45,semantic,2026-08-30T20:12:39.451392+00:00,429,143,,"{""statusCode"":429,""message"":""Rate limit exceeded."",""limit_reason"":""rate_limit"",""upgrade_url"":""https://whoisjson.com/dashboard/subscription""}"
brightwire.com,False,,35.45,semantic,2026-08-30T20:12:39.454631+00:00,429,135,,"{""statusCode"":429,""message"":""Rate limit exceeded."",""limit_reason"":""rate_limit"",""upgrade_url"":""https://whoisjson.com/dashboard/subscription""}"
calmsphere.com,False,,35.45,semantic,2026-08-30T20:12:39.793944+00:00,429,105,,"{""statusCode"":429,""message"":""Rate limit exceeded."",""limit_reason"":""rate_limit"",""upgrade_url"":""https://whoisjson.com/dashboard/subscription""}"
cipherdash.com,False,,35.45,semantic,2026-08-30T20:12:39.970435+00:00,429,167,,"{""statusCode"":429,""message"":""Rate limit exceeded."",""limit_reason"":""rate_limit"",""upgrade_url"":""https://whoisjson.com/dashboard/subscription""}"
ciphergate.com,False,,35.45,semantic,2026-08-30T20:12:39.970697+00:00,429,166,,"{""statusCode"":429,""message"":""Rate limit exceeded."",""limit_reason"":""rate_limit"",""upgrade_url"":""https://whoisjson.com/dashboard/subscription""}"
cipherlink.com,False,,35.45,semantic,2026-08-30T20:12:40.088424+00:00,429,118,,"{""statusCode"":429,""message"":""Rate limit exceeded."",""limit_reason"":""rate_limit"",""upgrade_url"":""https://whoisjson.com/dashboard/subscription""}"
ciphermesh.com,False,,35.45,semantic,2026-08-30T20:12:40.087703+00:00,429,117,,"{""statusCode"":429,""message"":""Rate limit exceeded."",""limit_reason"":""rate_limit"",""upgrade_url"":""https://whoisjson.com/dashboard/subscription""}"
cipherwing.com,False,,35.45,semantic,2026-08-30T20:12:40.200651+00:00,429,112,,"{""statusCode"":429,""message"":""Rate limit exceeded."",""limit_reason"":""rate_limit"",""upgrade_url"":""https://whoisjson.com/dashboard/subscription""}"
cipherwire.com,False,,35.45,semantic,2026-08-30T20:12:40.215806+00:00,429,127,,"{""statusCode"":429,""message"":""Rate limit exceeded."",""limit_reason"":""rate_limit"",""upgrade_url"":""https://whoisjson.com/dashboard/subscription""}"
covertdash.com,False,,35.45,semantic,2026-08-30T20:12:40.848259+00:00,429,116,,"{""statusCode"":429,""message"":""Rate limit exceeded."",""limit_reason"":""rate_limit"",""upgrade_url"":""https://whoisjson.com/dashboard/subscription""}"
covertgate.com,False,,35.45,semantic,2026-08-30T20:12:40.852919+00:00,429,108,,"{""statusCode"":429,""message"":""Rate limit exceeded."",""limit_reason"":""rate_limit"",""upgrade_url"":""https://whoisjson.com/dashboard/subscription""}"
covertlink.com,False,,35.45,semantic,2026-08-30T20:12:41.031449+00:00,429,182,,"{""statusCode"":429,""message"":""Rate limit exceeded."",""limit_reason"":""rate_limit"",""upgrade_url"":""https://whoisjson.com/dashboard/subscription""}"
covertmesh.com,False,,35.45,semantic,2026-08-30T20:12:41.026825+00:00,429,177,,"{""statusCode"":429,""message"":""Rate limit exceeded."",""limit_reason"":""rate_limit"",""upgrade_url"":""https://whoisjson.com/dashboard/subscription""}"
covertnest.com,False,,35.45,semantic,2026-08-30T20:12:41.025271+00:00,429,174,,"{""statusCode"":429,""message"":""Rate limit exceeded."",""limit_reason"":""rate_limit"",""upgrade_url"":""https://whoisjson.com/dashboard/subscription""}"
covertpath.com,False,,35.45,semantic,2026-08-30T20:12:41.027766+00:00,429,174,,"{""statusCode"":429,""message"":""Rate limit exceeded."",""limit_reason"":""rate_limit"",""upgrade_url"":""https://whoisjson.com/dashboard/subscription""}"
covertwave.com,False,,35.45,semantic,2026-08-30T20:12:41.260148+00:00,429,105,,"{""statusCode"":429,""message"":""Rate limit exceeded."",""limit_reason"":""rate_limit"",""upgrade_url"":""https://whoisjson.com/dashboard/subscription""}"
covertwing.com,False,,35.45,semantic,2026-08-30T20:12:41.277422+00:00,429,122,,"{""statusCode"":429,""message"":""Rate limit exceeded."",""limit_reason"":""rate_limit"",""upgrade_url"":""https://whoisjson.com/dashboard/subscription""}"
covertwire.com,False,,35.45,semantic,2026-08-30T20:12:41.276564+00:00,429,118,,"{""statusCode"":429,""message"":""Rate limit exceeded."",""limit_reason"":""rate_limit"",""upgrade_url"":""https://whoisjson.com/dashboard/subscription""}"
eversphere.com,False,,35.45,semantic,2026-08-30T20:12:42.066917+00:00,429,178,,"{""statusCode"":429,""message"":""Rate limit exceeded."",""limit_reason"":""rate_limit"",""upgrade_url"":""https://whoisjson.com/dashboard/subscription""}"
fastsphere.com,False,,35.45,semantic,2026-08-30T20:12:42.385629+00:00,429,100,,"{""statusCode"":429,""message"":""Rate limit exceeded."",""limit_reason"":""rate_limit"",""upgrade_url"":""https://whoisjson.com/dashboard/subscription""}"
calmmesh.com,False,,35.15,semantic,2026-08-30T20:12:39.688654+00:00,429,121,,"{""statusCode"":429,""message"":""Rate limit exceeded."",""limit_reason"":""rate_limit"",""upgrade_url"":""https://whoisjson.com/dashboard/subscription""}"
ciphercloak.com,False,,35.1,semantic,2026-08-30T20:12:39.970171+00:00,429,170,,"{""statusCode"":429,""message"":""Rate limit exceeded."",""limit_reason"":""rate_limit"",""upgrade_url"":""https://whoisjson.com/dashboard/subscription""}"
clearshield.com,False,,35.1,semantic,2026-08-30T20:12:40.491470+00:00,429,156,,"{""statusCode"":429,""message"":""Rate limit exceeded."",""limit_reason"":""rate_limit"",""upgrade_url"":""https://whoisjson.com/dashboard/subscription""}"
clearsphere.com,False,True,35.1,curated,2026-08-30T20:16:31.935698+00:00,200,525,46,
covertcloak.com,False,,35.1,semantic,2026-08-30T20:12:40.849292+00:00,429,118,,"{""statusCode"":429,""message"":""Rate limit exceeded."",""limit_reason"":""rate_limit"",""upgrade_url"":""https://whoisjson.com/dashboard/subscription""}"
covertrelay.com,False,,35.1,semantic,2026-08-30T20:12:41.030534+00:00,429,148,,"{""statusCode"":429,""message"":""Rate limit exceeded."",""limit_reason"":""rate_limit"",""upgrade_url"":""https://whoisjson.com/dashboard/subscription""}"
covertroute.com,False,,35.1,semantic,2026-08-30T20:12:41.160537+00:00,429,135,,"{""statusCode"":429,""message"":""Rate limit exceeded."",""limit_reason"":""rate_limit"",""upgrade_url"":""https://whoisjson.com/dashboard/subscription""}"
covertvault.com,False,,35.1,semantic,2026-08-30T20:12:41.159586+00:00,429,128,,"{""statusCode"":429,""message"":""Rate limit exceeded."",""limit_reason"":""rate_limit"",""upgrade_url"":""https://whoisjson.com/dashboard/subscription""}"
securedrift.com,False,,35.1,curated,2026-08-30T20:12:28.154121+00:00,429,110,,"{""statusCode"":429,""message"":""Rate limit exceeded."",""limit_reason"":""rate_limit"",""upgrade_url"":""https://whoisjson.com/dashboard/subscription""}"
stealthlane.com,False,,35.1,curated,2026-08-30T20:12:28.183051+00:00,429,138,,"{""statusCode"":429,""message"":""Rate limit exceeded."",""limit_reason"":""rate_limit"",""upgrade_url"":""https://whoisjson.com/dashboard/subscription""}"
veloravpn.com,False,True,34.8,explicit-vpn,2026-08-30T20:12:20.974835+00:00,200,,,
arctunnel.com,False,,33.8,semantic,2026-08-30T20:12:38.524416+00:00,429,131,,"{""statusCode"":429,""message"":""Rate limit exceeded."",""limit_reason"":""rate_limit"",""upgrade_url"":""https://whoisjson.com/dashboard/subscription""}"
clouddash.com,False,,33.8,semantic,2026-08-30T20:12:40.647105+00:00,429,155,,"{""statusCode"":429,""message"":""Rate limit exceeded."",""limit_reason"":""rate_limit"",""upgrade_url"":""https://whoisjson.com/dashboard/subscription""}"
ciphershield.com,False,,33.75,semantic,2026-08-30T20:12:40.198105+00:00,429,121,,"{""statusCode"":429,""message"":""Rate limit exceeded."",""limit_reason"":""rate_limit"",""upgrade_url"":""https://whoisjson.com/dashboard/subscription""}"
covertshield.com,False,,33.75,semantic,2026-08-30T20:12:41.157936+00:00,429,132,,"{""statusCode"":429,""message"":""Rate limit exceeded."",""limit_reason"":""rate_limit"",""upgrade_url"":""https://whoisjson.com/dashboard/subscription""}"
bala.com,False,,33.55,invented-fill,2026-08-30T20:12:44.795892+00:00,429,118,,"{""statusCode"":429,""message"":""Rate limit exceeded."",""limit_reason"":""rate_limit"",""upgrade_url"":""https://whoisjson.com/dashboard/subscription""}"
balo.com,False,,33.55,invented-fill,2026-08-30T20:12:44.786239+00:00,429,107,,"{""statusCode"":429,""message"":""Rate limit exceeded."",""limit_reason"":""rate_limit"",""upgrade_url"":""https://whoisjson.com/dashboard/subscription""}"
bana.com,False,,33.55,invented-fill,2026-08-30T20:12:44.853889+00:00,429,98,,"{""statusCode"":429,""message"":""Rate limit exceeded."",""limit_reason"":""rate_limit"",""upgrade_url"":""https://whoisjson.com/dashboard/subscription""}"
bano.com,False,,33.55,invented-fill,2026-08-30T20:12:44.876071+00:00,429,103,,"{""statusCode"":429,""message"":""Rate limit exceeded."",""limit_reason"":""rate_limit"",""upgrade_url"":""https://whoisjson.com/dashboard/subscription""}"
bara.com,False,,33.55,invented-fill,2026-08-30T20:12:44.894724+00:00,429,108,,"{""statusCode"":429,""message"":""Rate limit exceeded."",""limit_reason"":""rate_limit"",""upgrade_url"":""https://whoisjson.com/dashboard/subscription""}"
baro.com,False,,33.55,invented-fill,2026-08-30T20:12:44.891055+00:00,429,104,,"{""statusCode"":429,""message"":""Rate limit exceeded."",""limit_reason"":""rate_limit"",""upgrade_url"":""https://whoisjson.com/dashboard/subscription""}"
bava.com,False,,33.55,invented-fill,2026-08-30T20:12:44.899716+00:00,429,103,,"{""statusCode"":429,""message"":""Rate limit exceeded."",""limit_reason"":""rate_limit"",""upgrade_url"":""https://whoisjson.com/dashboard/subscription""}"
bavo.com,False,,33.55,invented-fill,2026-08-30T20:12:44.937972+00:00,429,104,,"{""statusCode"":429,""message"":""Rate limit exceeded."",""limit_reason"":""rate_limit"",""upgrade_url"":""https://whoisjson.com/dashboard/subscription""}"
bela.com,False,,33.55,invented-fill,2026-08-30T20:12:45.005347+00:00,429,114,,"{""statusCode"":429,""message"":""Rate limit exceeded."",""limit_reason"":""rate_limit"",""upgrade_url"":""https://whoisjson.com/dashboard/subscription""}"
belo.com,False,,33.55,invented-fill,2026-08-30T20:12:44.998999+00:00,429,104,,"{""statusCode"":429,""message"":""Rate limit exceeded."",""limit_reason"":""rate_limit"",""upgrade_url"":""https://whoisjson.com/dashboard/subscription""}"
bena.com,False,,33.55,invented-fill,2026-08-30T20:12:45.007806+00:00,429,108,,"{""statusCode"":429,""message"":""Rate limit exceeded."",""limit_reason"":""rate_limit"",""upgrade_url"":""https://whoisjson.com/dashboard/subscription""}"
beno.com,False,,33.55,invented-fill,2026-08-30T20:12:45.033782+00:00,429,95,,"{""statusCode"":429,""message"":""Rate limit exceeded."",""limit_reason"":""rate_limit"",""upgrade_url"":""https://whoisjson.com/dashboard/subscription""}"
bera.com,False,,33.55,invented-fill,2026-08-30T20:12:45.065711+00:00,429,106,,"{""statusCode"":429,""message"":""Rate limit exceeded."",""limit_reason"":""rate_limit"",""upgrade_url"":""https://whoisjson.com/dashboard/subscription""}"
bero.com,False,,33.55,invented-fill,2026-08-30T20:12:45.087728+00:00,429,102,,"{""statusCode"":429,""message"":""Rate limit exceeded."",""limit_reason"":""rate_limit"",""upgrade_url"":""https://whoisjson.com/dashboard/subscription""}"
beva.com,False,,33.55,invented-fill,2026-08-30T20:12:45.110025+00:00,429,110,,"{""statusCode"":429,""message"":""Rate limit exceeded."",""limit_reason"":""rate_limit"",""upgrade_url"":""https://whoisjson.com/dashboard/subscription""}"
bevo.com,False,,33.55,invented-fill,2026-08-30T20:12:45.110167+00:00,429,104,,"{""statusCode"":429,""message"":""Rate limit exceeded."",""limit_reason"":""rate_limit"",""upgrade_url"":""https://whoisjson.com/dashboard/subscription""}"
bila.com,False,,33.55,invented-fill,2026-08-30T20:12:45.211988+00:00,429,146,,"{""statusCode"":429,""message"":""Rate limit exceeded."",""limit_reason"":""rate_limit"",""upgrade_url"":""https://whoisjson.com/dashboard/subscription""}"
bilo.com,False,,33.55,invented-fill,2026-08-30T20:12:45.277342+00:00,429,189,,"{""statusCode"":429,""message"":""Rate limit exceeded."",""limit_reason"":""rate_limit"",""upgrade_url"":""https://whoisjson.com/dashboard/subscription""}"
bina.com,False,,33.55,invented-fill,2026-08-30T20:12:45.316032+00:00,429,205,,"{""statusCode"":429,""message"":""Rate limit exceeded."",""limit_reason"":""rate_limit"",""upgrade_url"":""https://whoisjson.com/dashboard/subscription""}"
bino.com,False,,33.55,invented-fill,2026-08-30T20:12:45.329451+00:00,429,219,,"{""statusCode"":429,""message"":""Rate limit exceeded."",""limit_reason"":""rate_limit"",""upgrade_url"":""https://whoisjson.com/dashboard/subscription""}"
bira.com,False,,33.55,invented-fill,2026-08-30T20:12:45.331100+00:00,429,220,,"{""statusCode"":429,""message"":""Rate limit exceeded."",""limit_reason"":""rate_limit"",""upgrade_url"":""https://whoisjson.com/dashboard/subscription""}"
biro.com,False,,33.55,invented-fill,2026-08-30T20:12:45.329271+00:00,429,127,,"{""statusCode"":429,""message"":""Rate limit exceeded."",""limit_reason"":""rate_limit"",""upgrade_url"":""https://whoisjson.com/dashboard/subscription""}"
biva.com,False,,33.55,invented-fill,2026-08-30T20:12:45.337967+00:00,429,125,,"{""statusCode"":429,""message"":""Rate limit exceeded."",""limit_reason"":""rate_limit"",""upgrade_url"":""https://whoisjson.com/dashboard/subscription""}"
bivo.com,False,,33.55,invented-fill,2026-08-30T20:12:45.400572+00:00,429,123,,"{""statusCode"":429,""message"":""Rate limit exceeded."",""limit_reason"":""rate_limit"",""upgrade_url"":""https://whoisjson.com/dashboard/subscription""}"
bola.com,False,,33.55,invented-fill,2026-08-30T20:12:45.433713+00:00,429,104,,"{""statusCode"":429,""message"":""Rate limit exceeded."",""limit_reason"":""rate_limit"",""upgrade_url"":""https://whoisjson.com/dashboard/subscription""}"
bolo.com,False,,33.55,invented-fill,2026-08-30T20:12:45.437006+00:00,429,105,,"{""statusCode"":429,""message"":""Rate limit exceeded."",""limit_reason"":""rate_limit"",""upgrade_url"":""https://whoisjson.com/dashboard/subscription""}"
bona.com,False,,33.55,invented-fill,2026-08-30T20:12:45.442314+00:00,429,104,,"{""statusCode"":429,""message"":""Rate limit exceeded."",""limit_reason"":""rate_limit"",""upgrade_url"":""https://whoisjson.com/dashboard/subscription""}"
bono.com,False,,33.55,invented-fill,2026-08-30T20:12:45.510850+00:00,429,110,,"{""statusCode"":429,""message"":""Rate limit exceeded."",""limit_reason"":""rate_limit"",""upgrade_url"":""https://whoisjson.com/dashboard/subscription""}"
bora.com,False,,33.55,invented-fill,2026-08-30T20:12:45.526351+00:00,429,104,,"{""statusCode"":429,""message"":""Rate limit exceeded."",""limit_reason"":""rate_limit"",""upgrade_url"":""https://whoisjson.com/dashboard/subscription""}"
boro.com,False,,33.55,invented-fill,2026-08-30T20:12:45.540993+00:00,429,111,,"{""statusCode"":429,""message"":""Rate limit exceeded."",""limit_reason"":""rate_limit"",""upgrade_url"":""https://whoisjson.com/dashboard/subscription""}"
bova.com,False,,33.55,invented-fill,2026-08-30T20:12:45.541561+00:00,429,107,,"{""statusCode"":429,""message"":""Rate limit exceeded."",""limit_reason"":""rate_limit"",""upgrade_url"":""https://whoisjson.com/dashboard/subscription""}"
bovo.com,False,,33.55,invented-fill,2026-08-30T20:12:45.533336+00:00,429,96,,"{""statusCode"":429,""message"":""Rate limit exceeded."",""limit_reason"":""rate_limit"",""upgrade_url"":""https://whoisjson.com/dashboard/subscription""}"
bula.com,False,,33.55,invented-fill,2026-08-30T20:12:45.726766+00:00,429,200,,"{""statusCode"":429,""message"":""Rate limit exceeded."",""limit_reason"":""rate_limit"",""upgrade_url"":""https://whoisjson.com/dashboard/subscription""}"
bulo.com,False,,33.55,invented-fill,2026-08-30T20:12:45.726868+00:00,429,193,,"{""statusCode"":429,""message"":""Rate limit exceeded."",""limit_reason"":""rate_limit"",""upgrade_url"":""https://whoisjson.com/dashboard/subscription""}"
buna.com,False,,33.55,invented-fill,2026-08-30T20:12:45.726160+00:00,429,185,,"{""statusCode"":429,""message"":""Rate limit exceeded."",""limit_reason"":""rate_limit"",""upgrade_url"":""https://whoisjson.com/dashboard/subscription""}"
buno.com,False,,33.55,invented-fill,2026-08-30T20:12:45.635187+00:00,429,93,,"{""statusCode"":429,""message"":""Rate limit exceeded."",""limit_reason"":""rate_limit"",""upgrade_url"":""https://whoisjson.com/dashboard/subscription""}"
bura.com,False,,33.55,invented-fill,2026-08-30T20:12:45.727137+00:00,429,178,,"{""statusCode"":429,""message"":""Rate limit exceeded."",""limit_reason"":""rate_limit"",""upgrade_url"":""https://whoisjson.com/dashboard/subscription""}"
buro.com,False,,33.55,invented-fill,2026-08-30T20:12:45.812019+00:00,429,190,,"{""statusCode"":429,""message"":""Rate limit exceeded."",""limit_reason"":""rate_limit"",""upgrade_url"":""https://whoisjson.com/dashboard/subscription""}"
buva.com,False,,33.55,invented-fill,2026-08-30T20:12:45.829839+00:00,429,194,,"{""statusCode"":429,""message"":""Rate limit exceeded."",""limit_reason"":""rate_limit"",""upgrade_url"":""https://whoisjson.com/dashboard/subscription""}"
aerotunnel.com,False,,32.45,semantic,2026-08-30T20:12:37.695301+00:00,429,114,,"{""statusCode"":429,""message"":""Rate limit exceeded."",""limit_reason"":""rate_limit"",""upgrade_url"":""https://whoisjson.com/dashboard/subscription""}"
airytunnel.com,False,,32.45,semantic,2026-08-30T20:12:38.102802+00:00,429,114,,"{""statusCode"":429,""message"":""Rate limit exceeded."",""limit_reason"":""rate_limit"",""upgrade_url"":""https://whoisjson.com/dashboard/subscription""}"
auratunnel.com,False,,32.45,semantic,2026-08-30T20:12:38.766677+00:00,429,120,,"{""statusCode"":429,""message"":""Rate limit exceeded."",""limit_reason"":""rate_limit"",""upgrade_url"":""https://whoisjson.com/dashboard/subscription""}"
calmtunnel.com,False,,32.45,semantic,2026-08-30T20:12:39.799459+00:00,429,108,,"{""statusCode"":429,""message"":""Rate limit exceeded."",""limit_reason"":""rate_limit"",""upgrade_url"":""https://whoisjson.com/dashboard/subscription""}"
evertunnel.com,False,,32.45,semantic,2026-08-30T20:12:42.065747+00:00,429,174,,"{""statusCode"":429,""message"":""Rate limit exceeded."",""limit_reason"":""rate_limit"",""upgrade_url"":""https://whoisjson.com/dashboard/subscription""}"
fasttunnel.com,False,,32.45,semantic,2026-08-30T20:12:42.385903+00:00,429,98,,"{""statusCode"":429,""message"":""Rate limit exceeded."",""limit_reason"":""rate_limit"",""upgrade_url"":""https://whoisjson.com/dashboard/subscription""}"
bario.com,False,,32.2,invented-fill,2026-08-30T20:12:44.985048+00:00,429,108,,"{""statusCode"":429,""message"":""Rate limit exceeded."",""limit_reason"":""rate_limit"",""upgrade_url"":""https://whoisjson.com/dashboard/subscription""}"
bavia.com,False,,32.2,invented-fill,2026-08-30T20:12:44.959408+00:00,429,105,,"{""statusCode"":429,""message"":""Rate limit exceeded."",""limit_reason"":""rate_limit"",""upgrade_url"":""https://whoisjson.com/dashboard/subscription""}"
berio.com,False,,32.2,invented-fill,2026-08-30T20:12:45.201724+00:00,429,167,,"{""statusCode"":429,""message"":""Rate limit exceeded."",""limit_reason"":""rate_limit"",""upgrade_url"":""https://whoisjson.com/dashboard/subscription""}"
bevia.com,False,,32.2,invented-fill,2026-08-30T20:12:45.110805+00:00,429,102,,"{""statusCode"":429,""message"":""Rate limit exceeded."",""limit_reason"":""rate_limit"",""upgrade_url"":""https://whoisjson.com/dashboard/subscription""}"
birio.com,False,,32.2,invented-fill,2026-08-30T20:12:45.429148+00:00,429,99,,"{""statusCode"":429,""message"":""Rate limit exceeded."",""limit_reason"":""rate_limit"",""upgrade_url"":""https://whoisjson.com/dashboard/subscription""}"
bivia.com,False,,32.2,invented-fill,2026-08-30T20:12:45.421638+00:00,429,105,,"{""statusCode"":429,""message"":""Rate limit exceeded."",""limit_reason"":""rate_limit"",""upgrade_url"":""https://whoisjson.com/dashboard/subscription""}"
borio.com,False,,32.2,invented-fill,2026-08-30T20:12:45.621229+00:00,429,110,,"{""statusCode"":429,""message"":""Rate limit exceeded."",""limit_reason"":""rate_limit"",""upgrade_url"":""https://whoisjson.com/dashboard/subscription""}"
bovia.com,False,,32.2,invented-fill,2026-08-30T20:12:45.548594+00:00,429,106,,"{""statusCode"":429,""message"":""Rate limit exceeded."",""limit_reason"":""rate_limit"",""upgrade_url"":""https://whoisjson.com/dashboard/subscription""}"
blinktunnel.com,False,True,32.1,curated,2026-08-30T20:15:03.883393+00:00,200,917,70,
cipherrelay.com,False,,32.1,semantic,2026-08-30T20:12:40.114871+00:00,429,144,,"{""statusCode"":429,""message"":""Rate limit exceeded."",""limit_reason"":""rate_limit"",""upgrade_url"":""https://whoisjson.com/dashboard/subscription""}"
cipherroute.com,False,,32.1,semantic,2026-08-30T20:12:40.083990+00:00,429,113,,"{""statusCode"":429,""message"":""Rate limit exceeded."",""limit_reason"":""rate_limit"",""upgrade_url"":""https://whoisjson.com/dashboard/subscription""}"
blinksphere.com,False,,31.1,semantic,2026-08-30T20:12:39.097098+00:00,429,167,,"{""statusCode"":429,""message"":""Rate limit exceeded."",""limit_reason"":""rate_limit"",""upgrade_url"":""https://whoisjson.com/dashboard/subscription""}"
brighthaven.com,False,,31.1,semantic,2026-08-30T20:12:39.279552+00:00,429,117,,"{""statusCode"":429,""message"":""Rate limit exceeded."",""limit_reason"":""rate_limit"",""upgrade_url"":""https://whoisjson.com/dashboard/subscription""}"
cipherhaven.com,False,,31.1,semantic,2026-08-30T20:12:40.075900+00:00,429,108,,"{""statusCode"":429,""message"":""Rate limit exceeded."",""limit_reason"":""rate_limit"",""upgrade_url"":""https://whoisjson.com/dashboard/subscription""}"
cloudsphere.com,False,,31.1,semantic,2026-08-30T20:12:40.731834+00:00,429,112,,"{""statusCode"":429,""message"":""Rate limit exceeded."",""limit_reason"":""rate_limit"",""upgrade_url"":""https://whoisjson.com/dashboard/subscription""}"
coverthaven.com,False,,31.1,semantic,2026-08-30T20:12:40.882381+00:00,429,106,,"{""statusCode"":429,""message"":""Rate limit exceeded."",""limit_reason"":""rate_limit"",""upgrade_url"":""https://whoisjson.com/dashboard/subscription""}"
driftsphere.com,False,,31.1,semantic,2026-08-30T20:12:41.380484+00:00,429,102,,"{""statusCode"":429,""message"":""Rate limit exceeded."",""limit_reason"":""rate_limit"",""upgrade_url"":""https://whoisjson.com/dashboard/subscription""}"
embersphere.com,False,,31.1,semantic,2026-08-30T20:12:41.776200+00:00,429,108,,"{""statusCode"":429,""message"":""Rate limit exceeded."",""limit_reason"":""rate_limit"",""upgrade_url"":""https://whoisjson.com/dashboard/subscription""}"
brightsphere.com,False,,29.75,semantic,2026-08-30T20:12:39.447889+00:00,429,168,,"{""statusCode"":429,""message"":""Rate limit exceeded."",""limit_reason"":""rate_limit"",""upgrade_url"":""https://whoisjson.com/dashboard/subscription""}"
ciphersphere.com,False,,29.75,semantic,2026-08-30T20:12:40.198715+00:00,429,113,,"{""statusCode"":429,""message"":""Rate limit exceeded."",""limit_reason"":""rate_limit"",""upgrade_url"":""https://whoisjson.com/dashboard/subscription""}"
covertsphere.com,False,,29.75,semantic,2026-08-30T20:12:41.154116+00:00,429,127,,"{""statusCode"":429,""message"":""Rate limit exceeded."",""limit_reason"":""rate_limit"",""upgrade_url"":""https://whoisjson.com/dashboard/subscription""}"
cleartunnel.com,False,,28.1,semantic,2026-08-30T20:12:40.485928+00:00,429,152,,"{""statusCode"":429,""message"":""Rate limit exceeded."",""limit_reason"":""rate_limit"",""upgrade_url"":""https://whoisjson.com/dashboard/subscription""}"
cloudtunnel.com,False,,28.1,semantic,2026-08-30T20:12:40.730632+00:00,429,110,,"{""statusCode"":429,""message"":""Rate limit exceeded."",""limit_reason"":""rate_limit"",""upgrade_url"":""https://whoisjson.com/dashboard/subscription""}"
drifttunnel.com,False,,28.1,semantic,2026-08-30T20:12:41.539082+00:00,429,158,,"{""statusCode"":429,""message"":""Rate limit exceeded."",""limit_reason"":""rate_limit"",""upgrade_url"":""https://whoisjson.com/dashboard/subscription""}"
embertunnel.com,False,,28.1,semantic,2026-08-30T20:12:41.785061+00:00,429,116,,"{""statusCode"":429,""message"":""Rate limit exceeded."",""limit_reason"":""rate_limit"",""upgrade_url"":""https://whoisjson.com/dashboard/subscription""}"
brighttunnel.com,False,,26.75,semantic,2026-08-30T20:12:39.454370+00:00,429,174,,"{""statusCode"":429,""message"":""Rate limit exceeded."",""limit_reason"":""rate_limit"",""upgrade_url"":""https://whoisjson.com/dashboard/subscription""}"
ciphertunnel.com,False,,26.75,semantic,2026-08-30T20:12:40.209967+00:00,429,122,,"{""statusCode"":429,""message"":""Rate limit exceeded."",""limit_reason"":""rate_limit"",""upgrade_url"":""https://whoisjson.com/dashboard/subscription""}"
coverttunnel.com,False,,26.75,semantic,2026-08-30T20:12:41.154591+00:00,429,126,,"{""statusCode"":429,""message"":""Rate limit exceeded."",""limit_reason"":""rate_limit"",""upgrade_url"":""https://whoisjson.com/dashboard/subscription""}"
