domain,status,registry_absent,registered,score,source,checked_at,http_status,elapsed_ms,error
veilvpn.com,registered,False,True,82.0,focused-curated,2026-08-30T20:38:24.525226+00:00,200,271,
cloakvpn.com,registered,False,True,80.75,focused-curated,2026-08-30T20:38:24.658735+00:00,200,281,
relayvpn.com,registered,False,True,80.75,focused-curated,2026-08-30T20:38:24.724427+00:00,200,220,
shieldvpn.com,registered,False,True,79.5,focused-curated,2026-08-30T20:38:24.846743+00:00,200,218,
aerovpn.com,registered,False,True,79.0,focused-curated,2026-08-30T20:38:25.119195+00:00,200,365,
auravpn.com,registered,False,True,79.0,focused-curated,2026-08-30T20:38:25.119810+00:00,200,242,
boltvpn.com,registered,False,True,79.0,focused-curated,2026-08-30T20:38:25.289872+00:00,200,287,
briovpn.com,registry-absent,True,False,79.0,focused-curated,2026-08-30T20:38:25.347005+00:00,404,216,
dashvpn.com,registered,False,True,79.0,focused-curated,2026-08-30T20:38:25.500364+00:00,200,248,
evervpn.com,registered,False,True,79.0,focused-curated,2026-08-30T20:38:25.646426+00:00,200,268,
fastvpn.com,registered,False,True,79.0,focused-curated,2026-08-30T20:38:25.722250+00:00,200,219,
fluxvpn.com,registered,False,True,79.0,focused-curated,2026-08-30T20:38:25.848207+00:00,200,217,
halovpn.com,registered,False,True,79.0,focused-curated,2026-08-30T20:38:26.026018+00:00,200,273,
hushvpn.com,registered,False,True,79.0,focused-curated,2026-08-30T20:38:26.171501+00:00,200,293,
lumavpn.com,registered,False,True,79.0,focused-curated,2026-08-30T20:38:26.235230+00:00,200,232,
mistvpn.com,registry-absent,True,False,79.0,focused-curated,2026-08-30T20:38:26.345568+00:00,404,217,
navivpn.com,registered,False,True,79.0,focused-curated,2026-08-30T20:38:26.548763+00:00,200,296,
nexavpn.com,registered,False,True,79.0,focused-curated,2026-08-30T20:38:26.621194+00:00,200,243,
novavpn.com,registered,False,True,79.0,focused-curated,2026-08-30T20:38:26.757780+00:00,200,253,
roamvpn.com,registered,False,True,79.0,focused-curated,2026-08-30T20:38:26.847513+00:00,200,219,
safevpn.com,registered,False,True,79.0,focused-curated,2026-08-30T20:38:26.972738+00:00,200,219,
velovpn.com,registered,False,True,79.0,focused-curated,2026-08-30T20:38:27.144124+00:00,200,263,
privatevpn.com,registered,False,True,78.25,focused-curated,2026-08-30T20:38:27.349208+00:00,200,345,
aegisvpn.com,registered,False,True,77.75,focused-curated,2026-08-30T20:38:27.349101+00:00,200,218,
blinkvpn.com,registered,False,True,77.75,focused-curated,2026-08-30T20:38:27.469448+00:00,200,215,
clearvpn.com,registered,False,True,77.75,focused-curated,2026-08-30T20:38:27.668644+00:00,200,290,
cloudvpn.com,registered,False,True,77.75,focused-curated,2026-08-30T20:38:27.875837+00:00,200,373,
driftvpn.com,registered,False,True,77.75,focused-curated,2026-08-30T20:38:27.847462+00:00,200,219,
embervpn.com,registered,False,True,77.75,focused-curated,2026-08-30T20:38:27.973873+00:00,200,221,
glidevpn.com,registered,False,True,77.75,focused-curated,2026-08-30T20:38:28.121339+00:00,200,244,
lightvpn.com,registered,False,True,77.75,focused-curated,2026-08-30T20:38:28.267261+00:00,200,264,
orbitvpn.com,registered,False,True,77.75,focused-curated,2026-08-30T20:38:28.348038+00:00,200,220,
quietvpn.com,registered,False,True,77.75,focused-curated,2026-08-30T20:38:28.472383+00:00,200,219,
rapidvpn.com,registered,False,True,77.75,focused-curated,2026-08-30T20:38:28.646168+00:00,200,265,
routevpn.com,registered,False,True,77.75,focused-curated,2026-08-30T20:38:28.793552+00:00,200,289,
swiftvpn.com,registered,False,True,77.75,focused-curated,2026-08-30T20:38:28.858873+00:00,200,229,
vividvpn.com,registered,False,True,77.75,focused-curated,2026-08-30T20:38:28.979757+00:00,200,225,
veilproxy.com,registered,False,True,77.5,focused-curated,2026-08-30T20:38:29.169885+00:00,200,292,
ciphervpn.com,registered,False,True,76.5,focused-curated,2026-08-30T20:38:29.311087+00:00,200,306,
tunnelvpn.com,registered,False,True,76.5,focused-curated,2026-08-30T20:38:29.386864+00:00,200,259,
airvpn.com,registered,False,True,76.25,focused-curated,2026-08-30T20:38:29.472420+00:00,200,217,
arcvpn.com,registered,False,True,76.25,focused-curated,2026-08-30T20:38:29.599921+00:00,200,219,
zenvpn.com,registered,False,True,76.25,focused-curated,2026-08-30T20:38:29.766816+00:00,200,262,
airproxy.com,registered,False,True,75.75,focused-curated,2026-08-30T20:38:29.904686+00:00,200,273,
arcproxy.com,registered,False,True,75.75,focused-curated,2026-08-30T20:38:29.972264+00:00,200,219,
zenproxy.com,registered,False,True,75.75,focused-curated,2026-08-30T20:38:30.628875+00:00,200,749,
safehopvpn.com,registry-absent,True,False,75.25,focused-curated,2026-08-30T20:38:30.291413+00:00,404,285,
zenpathvpn.com,registry-absent,True,False,75.25,focused-curated,2026-08-30T20:38:30.429629+00:00,404,300,
aeroproxy.com,registered,False,True,74.5,focused-curated,2026-08-30T20:38:30.471242+00:00,200,219,
auraproxy.com,registered,False,True,74.5,focused-curated,2026-08-30T20:38:30.594549+00:00,200,216,
boltproxy.com,registered,False,True,74.5,focused-curated,2026-08-30T20:38:30.814974+00:00,200,312,
brioproxy.com,registry-absent,True,False,74.5,focused-curated,2026-08-30T20:38:30.887331+00:00,404,256,
dashproxy.com,registered,False,True,74.5,focused-curated,2026-08-30T20:38:30.972678+00:00,200,219,
everproxy.com,registered,False,True,74.5,focused-curated,2026-08-30T20:38:31.099515+00:00,200,222,
fluxproxy.com,registered,False,True,74.5,focused-curated,2026-08-30T20:38:31.267237+00:00,200,261,
haloproxy.com,registered,False,True,74.5,focused-curated,2026-08-30T20:38:31.412978+00:00,200,284,
hushproxy.com,registered,False,True,74.5,focused-curated,2026-08-30T20:38:31.545487+00:00,200,292,
lumaproxy.com,registered,False,True,74.5,focused-curated,2026-08-30T20:38:31.595798+00:00,200,216,
mistproxy.com,registered,False,True,74.5,focused-curated,2026-08-30T20:38:31.791934+00:00,200,286,
naviproxy.com,registry-absent,True,False,74.5,focused-curated,2026-08-30T20:38:31.937110+00:00,404,308,
nexaproxy.com,registered,False,True,74.5,focused-curated,2026-08-30T20:38:32.004268+00:00,200,251,
novaproxy.com,registered,False,True,74.5,focused-curated,2026-08-30T20:38:32.099594+00:00,200,219,
roamproxy.com,registered,False,True,74.5,focused-curated,2026-08-30T20:38:32.227196+00:00,200,224,
safeproxy.com,registered,False,True,74.5,focused-curated,2026-08-30T20:38:32.459358+00:00,200,331,
veloproxy.com,registered,False,True,74.5,focused-curated,2026-08-30T20:38:32.528663+00:00,200,275,
vpnveil.com,registered,False,True,74.0,focused-curated,2026-08-30T20:38:32.597532+00:00,200,219,
arcguardvpn.com,registry-absent,True,False,74.0,focused-curated,2026-08-30T20:38:32.839968+00:00,404,339,
fastlanevpn.com,registry-absent,True,False,74.0,focused-curated,2026-08-30T20:38:32.912308+00:00,404,284,
breezyvpn.com,registry-absent,True,False,73.5,focused-curated,2026-08-30T20:38:33.049161+00:00,404,296,
blinkproxy.com,registry-absent,True,False,73.25,focused-curated,2026-08-30T20:38:33.095970+00:00,404,218,
clearproxy.com,registered,False,True,73.25,focused-curated,2026-08-30T20:38:33.764392+00:00,200,762,
cloudproxy.com,registered,False,True,73.25,focused-curated,2026-08-30T20:38:33.430351+00:00,200,302,
driftproxy.com,registered,False,True,73.25,focused-curated,2026-08-30T20:38:33.511900+00:00,200,258,
emberproxy.com,registered,False,True,73.25,focused-curated,2026-08-30T20:38:33.604437+00:00,200,225,
glideproxy.com,registry-absent,True,False,73.25,focused-curated,2026-08-30T20:38:33.720200+00:00,404,217,
orbitproxy.com,registered,False,True,73.25,focused-curated,2026-08-30T20:38:33.889911+00:00,200,259,
quietproxy.com,registry-absent,True,False,73.25,focused-curated,2026-08-30T20:38:34.037110+00:00,404,283,
rapidproxy.com,registered,False,True,73.25,focused-curated,2026-08-30T20:38:34.100542+00:00,200,221,
swiftproxy.com,registered,False,True,73.25,focused-curated,2026-08-30T20:38:34.228262+00:00,200,225,
vpncloak.com,registered,False,True,72.75,focused-curated,2026-08-30T20:38:34.414362+00:00,200,285,
cipherproxy.com,registered,False,True,72.0,focused-curated,2026-08-30T20:38:34.560688+00:00,200,307,
proxyveil.com,registry-absent,True,False,71.5,focused-curated,2026-08-30T20:38:34.624905+00:00,404,244,
vpnshield.com,registered,False,True,71.5,focused-curated,2026-08-30T20:38:34.724207+00:00,200,220,
vpnaura.com,registered,False,True,71.0,focused-curated,2026-08-30T20:38:35.461202+00:00,200,833,
vpnbeam.com,registered,False,True,71.0,focused-curated,2026-08-30T20:38:35.009034+00:00,200,257,
vpnbolt.com,registered,False,True,71.0,focused-curated,2026-08-30T20:38:35.150199+00:00,200,271,
vpndash.com,registered,False,True,71.0,focused-curated,2026-08-30T20:38:35.221878+00:00,200,218,
vpngate.com,registered,False,True,71.0,focused-curated,2026-08-30T20:38:35.461020+00:00,200,332,
vpnhalo.com,registered,False,True,71.0,focused-curated,2026-08-30T20:38:35.532782+00:00,200,276,
vpnlane.com,registry-absent,True,False,71.0,focused-curated,2026-08-30T20:38:35.670574+00:00,404,289,
vpnlink.com,registered,False,True,71.0,focused-curated,2026-08-30T20:38:35.721074+00:00,200,216,
vpnluma.com,registry-absent,True,False,71.0,focused-curated,2026-08-30T20:38:35.846044+00:00,404,218,
vpnmesh.com,registered,False,True,71.0,focused-curated,2026-08-30T20:38:36.058198+00:00,200,302,
vpnpath.com,registered,False,True,71.0,focused-curated,2026-08-30T20:38:36.129044+00:00,200,251,
vpntide.com,registry-absent,True,False,71.0,focused-curated,2026-08-30T20:38:36.221573+00:00,404,215,
vpnwave.com,registered,False,True,71.0,focused-curated,2026-08-30T20:38:36.347002+00:00,200,216,
vpnwing.com,registry-absent,True,False,71.0,focused-curated,2026-08-30T20:38:36.510695+00:00,404,256,
proxycloak.com,registered,False,True,70.25,focused-curated,2026-08-30T20:38:36.653764+00:00,200,276,
zenprivate.com,registered,False,True,70.25,focused-curated,2026-08-30T20:38:36.722682+00:00,200,218,
proxyarc.com,registered,False,True,69.75,focused-curated,2026-08-30T20:38:36.845012+00:00,200,216,
proxyfox.com,registered,False,True,69.75,focused-curated,2026-08-30T20:38:37.034223+00:00,200,278,
proxyhop.com,registered,False,True,69.75,focused-curated,2026-08-30T20:38:37.178376+00:00,200,299,
proxyzen.com,registered,False,True,69.75,focused-curated,2026-08-30T20:38:37.242964+00:00,200,238,
vpndrift.com,registered,False,True,69.75,focused-curated,2026-08-30T20:38:37.347425+00:00,200,216,
vpnglide.com,registry-absent,True,False,69.75,focused-curated,2026-08-30T20:38:37.561331+00:00,404,305,
vpnguard.com,registered,False,True,69.75,focused-curated,2026-08-30T20:38:37.633167+00:00,200,254,
vpnhaven.com,registered,False,True,69.75,focused-curated,2026-08-30T20:38:37.770490+00:00,200,267,
vpnorbit.com,registered,False,True,69.75,focused-curated,2026-08-30T20:38:37.849823+00:00,200,219,
vpnpilot.com,registered,False,True,69.75,focused-curated,2026-08-30T20:38:37.972751+00:00,200,219,
vpnpulse.com,registered,False,True,69.75,focused-curated,2026-08-30T20:38:38.155382+00:00,200,277,
vpnroute.com,registered,False,True,69.75,focused-curated,2026-08-30T20:38:38.293168+00:00,200,287,
vpnswift.com,registered,False,True,69.75,focused-curated,2026-08-30T20:38:38.414653+00:00,200,284,
vpnvault.com,registered,False,True,69.75,focused-curated,2026-08-30T20:38:38.470657+00:00,200,218,
privateproxy.com,registered,False,True,69.75,focused-curated,2026-08-30T20:38:38.681608+00:00,200,303,
hushprivate.com,registered,False,True,69.0,focused-curated,2026-08-30T20:38:38.753365+00:00,200,249,
lumaprivate.com,registered,False,True,69.0,focused-curated,2026-08-30T20:38:38.845550+00:00,200,218,
novaprivate.com,registered,False,True,69.0,focused-curated,2026-08-30T20:38:38.969913+00:00,200,216,
proxyshield.com,registered,False,True,69.0,focused-curated,2026-08-30T20:38:39.131427+00:00,200,254,
roamprivate.com,registered,False,True,69.0,focused-curated,2026-08-30T20:38:39.277365+00:00,200,272,
veloprivate.com,registered,False,True,69.0,focused-curated,2026-08-30T20:38:39.348774+00:00,200,219,
boltguardvpn.com,registry-absent,True,False,68.75,focused-curated,2026-08-30T20:38:39.475091+00:00,404,222,
clearpathvpn.com,registry-absent,True,False,68.75,focused-curated,2026-08-30T20:38:39.655794+00:00,404,277,
dashguardvpn.com,registry-absent,True,False,68.75,focused-curated,2026-08-30T20:38:39.799209+00:00,404,296,
proxybeam.com,registered,False,True,68.5,focused-curated,2026-08-30T20:38:39.867665+00:00,200,239,
proxybolt.com,registered,False,True,68.5,focused-curated,2026-08-30T20:38:39.972039+00:00,200,219,
proxydash.com,registered,False,True,68.5,focused-curated,2026-08-30T20:38:40.181109+00:00,200,302,
proxygate.com,registered,False,True,68.5,focused-curated,2026-08-30T20:38:40.253479+00:00,200,250,
proxyhalo.com,registry-absent,True,False,68.5,focused-curated,2026-08-30T20:38:40.392177+00:00,404,261,
proxylane.com,registered,False,True,68.5,focused-curated,2026-08-30T20:38:40.474320+00:00,200,221,
proxylink.com,registered,False,True,68.5,focused-curated,2026-08-30T20:38:40.705264+00:00,200,327,
proxyluma.com,registry-absent,True,False,68.5,focused-curated,2026-08-30T20:38:40.778110+00:00,404,275,
proxymesh.com,registered,False,True,68.5,focused-curated,2026-08-30T20:38:40.915120+00:00,200,285,
proxynest.com,registered,False,True,68.5,focused-curated,2026-08-30T20:38:40.971097+00:00,200,218,
proxynode.com,registered,False,True,68.5,focused-curated,2026-08-30T20:38:41.100982+00:00,200,220,
proxynova.com,registered,False,True,68.5,focused-curated,2026-08-30T20:38:41.299800+00:00,200,293,
proxypath.com,registered,False,True,68.5,focused-curated,2026-08-30T20:38:41.372835+00:00,200,244,
proxytide.com,registry-absent,True,False,68.5,focused-curated,2026-08-30T20:38:41.471120+00:00,404,217,
proxywave.com,registered,False,True,68.5,focused-curated,2026-08-30T20:38:41.597303+00:00,200,218,
proxywing.com,registered,False,True,68.5,focused-curated,2026-08-30T20:38:41.753524+00:00,200,247,
vpnmobile.com,registered,False,True,68.5,focused-curated,2026-08-30T20:38:41.900801+00:00,200,272,
zentunnel.com,registered,False,True,68.5,focused-curated,2026-08-30T20:38:41.967247+00:00,200,215,
vpnfox.com,registered,False,True,68.25,focused-curated,2026-08-30T20:38:42.097150+00:00,200,218,
vpnhop.com,registered,False,True,68.25,focused-curated,2026-08-30T20:38:42.278152+00:00,200,275,
vpnzen.com,registered,False,True,68.25,focused-curated,2026-08-30T20:38:42.422368+00:00,200,294,
vpnnest.com,registered,False,True,68.0,focused-curated,2026-08-30T20:38:42.489293+00:00,200,233,
vpnnode.com,registered,False,True,68.0,focused-curated,2026-08-30T20:38:42.662727+00:00,200,282,
vpnnova.com,registered,False,True,68.0,focused-curated,2026-08-30T20:38:42.801570+00:00,200,298,
cloudguardvpn.com,registry-absent,True,False,67.5,focused-curated,2026-08-30T20:38:42.872856+00:00,404,243,
arcprivacy.com,registered,False,True,67.25,focused-curated,2026-08-30T20:38:43.010599+00:00,200,254,
hushtunnel.com,registry-absent,True,False,67.25,focused-curated,2026-08-30T20:38:43.093410+00:00,404,213,
lumatunnel.com,registry-absent,True,False,67.25,focused-curated,2026-08-30T20:38:43.219482+00:00,404,213,
novatunnel.com,registered,False,True,67.25,focused-curated,2026-08-30T20:38:43.397233+00:00,200,268,
proxydrift.com,registered,False,True,67.25,focused-curated,2026-08-30T20:38:43.534241+00:00,200,282,
proxyguard.com,registered,False,True,67.25,focused-curated,2026-08-30T20:38:43.596433+00:00,200,215,
proxyhaven.com,registered,False,True,67.25,focused-curated,2026-08-30T20:38:43.850177+00:00,200,344,
proxypilot.com,registered,False,True,67.25,focused-curated,2026-08-30T20:38:43.921799+00:00,200,293,
proxypulse.com,registered,False,True,67.25,focused-curated,2026-08-30T20:38:44.065582+00:00,200,312,
proxyroute.com,registered,False,True,67.25,focused-curated,2026-08-30T20:38:44.098768+00:00,200,220,
proxyswift.com,registered,False,True,67.25,focused-curated,2026-08-30T20:38:44.228349+00:00,200,222,
proxyvault.com,registered,False,True,67.25,focused-curated,2026-08-30T20:38:44.376139+00:00,200,248,
roamtunnel.com,registry-absent,True,False,67.25,focused-curated,2026-08-30T20:38:44.594517+00:00,404,342,
velotunnel.com,registry-absent,True,False,67.25,focused-curated,2026-08-30T20:38:44.594268+00:00,404,217,
zenprivacy.com,registered,False,True,67.25,focused-curated,2026-08-30T20:38:44.727529+00:00,200,225,
hushprivacy.com,registered,False,True,66.0,focused-curated,2026-08-30T20:38:44.898452+00:00,200,267,
lumaprivacy.com,registered,False,True,66.0,focused-curated,2026-08-30T20:38:45.044509+00:00,200,291,
novaprivacy.com,registered,False,True,66.0,focused-curated,2026-08-30T20:38:45.112215+00:00,200,234,
quiettunnel.com,registered,False,True,66.0,focused-curated,2026-08-30T20:38:45.223431+00:00,200,218,
roamprivacy.com,registry-absent,True,False,66.0,focused-curated,2026-08-30T20:38:45.423129+00:00,404,292,
swifttunnel.com,registered,False,True,66.0,focused-curated,2026-08-30T20:38:45.496190+00:00,200,240,
veloprivacy.com,registered,False,True,66.0,focused-curated,2026-08-30T20:38:45.639682+00:00,200,260,
aegivpn.com,registry-absent,True,False,65.0,focused-vpn,2026-08-30T20:38:45.722994+00:00,404,219,
aerivpn.com,registered,False,True,65.0,focused-vpn,2026-08-30T20:38:46.472021+00:00,200,841,
altivpn.com,registered,False,True,65.0,focused-vpn,2026-08-30T20:38:46.019029+00:00,200,265,
anvivpn.com,registered,False,True,65.0,focused-vpn,2026-08-30T20:38:46.228300+00:00,200,347,
arcavpn.com,registered,False,True,65.0,focused-vpn,2026-08-30T20:38:46.219012+00:00,200,216,
ariovpn.com,registry-absent,True,False,65.0,focused-vpn,2026-08-30T20:38:46.348457+00:00,404,217,
arvivpn.com,registry-absent,True,False,65.0,focused-vpn,2026-08-30T20:38:46.543058+00:00,404,289,
aurivpn.com,registry-absent,True,False,65.0,focused-vpn,2026-08-30T20:38:46.615436+00:00,404,239,
aviovpn.com,registry-absent,True,False,65.0,focused-vpn,2026-08-30T20:38:46.721979+00:00,404,217,
avravpn.com,registry-absent,True,False,65.0,focused-vpn,2026-08-30T20:38:46.844993+00:00,404,215,
avrovpn.com,registry-absent,True,False,65.0,focused-vpn,2026-08-30T20:38:46.995951+00:00,404,243,
belavpn.com,registry-absent,True,False,65.0,focused-vpn,2026-08-30T20:38:47.141072+00:00,404,261,
cerivpn.com,registered,False,True,65.0,focused-vpn,2026-08-30T20:38:47.290902+00:00,200,287,
cerovpn.com,registry-absent,True,False,65.0,focused-vpn,2026-08-30T20:38:47.348748+00:00,404,218,
ciravpn.com,registry-absent,True,False,65.0,focused-vpn,2026-08-30T20:38:47.519451+00:00,404,267,
cirovpn.com,registry-absent,True,False,65.0,focused-vpn,2026-08-30T20:38:47.665959+00:00,404,286,
cyravpn.com,registry-absent,True,False,65.0,focused-vpn,2026-08-30T20:38:47.730744+00:00,404,227,
dalivpn.com,registry-absent,True,False,65.0,focused-vpn,2026-08-30T20:38:47.846292+00:00,404,218,
dovavpn.com,registry-absent,True,False,65.0,focused-vpn,2026-08-30T20:38:48.045065+00:00,404,291,
eliovpn.com,registry-absent,True,False,65.0,focused-vpn,2026-08-30T20:38:48.184719+00:00,404,306,
elvavpn.com,registry-absent,True,False,65.0,focused-vpn,2026-08-30T20:38:48.256747+00:00,404,250,
ensovpn.com,registered,False,True,65.0,focused-vpn,2026-08-30T20:38:48.343868+00:00,200,217,
evravpn.com,registry-absent,True,False,65.0,focused-vpn,2026-08-30T20:38:48.468866+00:00,404,215,
evrivpn.com,registry-absent,True,False,65.0,focused-vpn,2026-08-30T20:38:48.639197+00:00,404,259,
havovpn.com,registry-absent,True,False,65.0,focused-vpn,2026-08-30T20:38:48.784956+00:00,404,281,
kavivpn.com,registry-absent,True,False,65.0,focused-vpn,2026-08-30T20:38:48.847038+00:00,404,217,
liravpn.com,registered,False,True,65.0,focused-vpn,2026-08-30T20:38:48.974923+00:00,200,222,
lumovpn.com,registered,False,True,65.0,focused-vpn,2026-08-30T20:38:49.755453+00:00,200,878,
miravpn.com,registered,False,True,65.0,focused-vpn,2026-08-30T20:38:49.303955+00:00,200,300,
mirovpn.com,registry-absent,True,False,65.0,focused-vpn,2026-08-30T20:38:49.354006+00:00,404,223,
myravpn.com,registry-absent,True,False,65.0,focused-vpn,2026-08-30T20:38:49.470516+00:00,404,218,
navovpn.com,registry-absent,True,False,65.0,focused-vpn,2026-08-30T20:38:49.684455+00:00,404,306,
nevavpn.com,registry-absent,True,False,65.0,focused-vpn,2026-08-30T20:38:49.768112+00:00,404,262,
nevovpn.com,registry-absent,True,False,65.0,focused-vpn,2026-08-30T20:38:49.853795+00:00,404,224,
nivovpn.com,registered,False,True,65.0,focused-vpn,2026-08-30T20:38:49.976777+00:00,200,223,
noravpn.com,registered,False,True,65.0,focused-vpn,2026-08-30T20:38:50.144562+00:00,200,263,
novivpn.com,registered,False,True,65.0,focused-vpn,2026-08-30T20:38:50.291107+00:00,200,286,
noxavpn.com,registry-absent,True,False,65.0,focused-vpn,2026-08-30T20:38:50.351832+00:00,404,220,
nyravpn.com,registry-absent,True,False,65.0,focused-vpn,2026-08-30T20:38:50.471545+00:00,404,218,
orbavpn.com,registry-absent,True,False,65.0,focused-vpn,2026-08-30T20:38:50.665820+00:00,404,288,
orbivpn.com,registered,False,True,65.0,focused-vpn,2026-08-30T20:38:50.810923+00:00,200,307,
oriavpn.com,registry-absent,True,False,65.0,focused-vpn,2026-08-30T20:38:50.875210+00:00,404,244,
orvovpn.com,registry-absent,True,False,65.0,focused-vpn,2026-08-30T20:38:50.970390+00:00,404,218,
pavovpn.com,registry-absent,True,False,65.0,focused-vpn,2026-08-30T20:38:51.093765+00:00,404,216,
qiravpn.com,registry-absent,True,False,65.0,focused-vpn,2026-08-30T20:38:51.262191+00:00,404,256,
ravovpn.com,registry-absent,True,False,65.0,focused-vpn,2026-08-30T20:38:52.030233+00:00,404,900,
rivavpn.com,registry-absent,True,False,65.0,focused-vpn,2026-08-30T20:38:51.472724+00:00,404,220,
rovavpn.com,registered,False,True,65.0,focused-vpn,2026-08-30T20:38:51.596539+00:00,200,218,
soravpn.com,registered,False,True,65.0,focused-vpn,2026-08-30T20:38:51.786730+00:00,200,281,
tavivpn.com,registry-absent,True,False,65.0,focused-vpn,2026-08-30T20:38:51.929168+00:00,404,302,
terovpn.com,registry-absent,True,False,65.0,focused-vpn,2026-08-30T20:38:51.971725+00:00,404,219,
tevavpn.com,registry-absent,True,False,65.0,focused-vpn,2026-08-30T20:38:52.096244+00:00,404,217,
ultovpn.com,registry-absent,True,False,65.0,focused-vpn,2026-08-30T20:38:52.312992+00:00,404,309,
varavpn.com,registered,False,True,65.0,focused-vpn,2026-08-30T20:38:52.385398+00:00,200,255,
velavpn.com,registered,False,True,65.0,focused-vpn,2026-08-30T20:38:52.472782+00:00,200,219,
veravpn.com,registered,False,True,65.0,focused-vpn,2026-08-30T20:38:52.597591+00:00,200,217,
viravpn.com,registered,False,True,65.0,focused-vpn,2026-08-30T20:38:52.765775+00:00,200,260,
virovpn.com,registry-absent,True,False,65.0,focused-vpn,2026-08-30T20:38:52.911577+00:00,404,283,
volavpn.com,registry-absent,True,False,65.0,focused-vpn,2026-08-30T20:38:52.973945+00:00,404,219,
voravpn.com,registry-absent,True,False,65.0,focused-vpn,2026-08-30T20:38:53.097003+00:00,404,218,
vyravpn.com,registry-absent,True,False,65.0,focused-vpn,2026-08-30T20:38:53.287298+00:00,404,281,
zavivpn.com,registry-absent,True,False,65.0,focused-vpn,2026-08-30T20:38:53.432790+00:00,404,304,
zenovpn.com,registered,False,True,65.0,focused-vpn,2026-08-30T20:38:53.495800+00:00,200,244,
zevavpn.com,registry-absent,True,False,65.0,focused-vpn,2026-08-30T20:38:53.595802+00:00,404,217,
zoravpn.com,registry-absent,True,False,65.0,focused-vpn,2026-08-30T20:38:53.721795+00:00,404,217,
elaravpn.com,registry-absent,True,False,63.75,focused-vpn,2026-08-30T20:38:53.951330+00:00,404,323,
fluxavpn.com,registry-absent,True,False,63.75,focused-vpn,2026-08-30T20:38:54.093502+00:00,404,337,
truvavpn.com,registered,False,True,63.75,focused-vpn,2026-08-30T20:38:54.097745+00:00,200,219,
blinkprivate.com,registry-absent,True,False,63.75,focused-curated,2026-08-30T20:38:54.223783+00:00,404,218,
clearprivate.com,registered,False,True,63.75,focused-curated,2026-08-30T20:38:54.406531+00:00,200,278,
cloudprivate.com,registered,False,True,63.75,focused-curated,2026-08-30T20:38:54.544706+00:00,200,291,
quietprivate.com,registered,False,True,63.75,focused-curated,2026-08-30T20:38:54.598180+00:00,200,219,
swiftprivate.com,registered,False,True,63.75,focused-curated,2026-08-30T20:38:54.725490+00:00,200,221,
calmvpn.com,registered,False,True,63.0,focused-vpn,2026-08-30T20:38:54.934282+00:00,200,307,
maskvpn.com,registered,False,True,63.0,focused-vpn,2026-08-30T20:38:55.004053+00:00,200,252,
pathvpn.com,registered,False,True,63.0,focused-vpn,2026-08-30T20:38:55.094812+00:00,200,216,
purevpn.com,registered,False,True,63.0,focused-vpn,2026-08-30T20:38:55.226664+00:00,200,223,
truevpn.com,registered,False,True,63.0,focused-vpn,2026-08-30T20:38:55.384291+00:00,200,254,
wavevpn.com,registered,False,True,63.0,focused-vpn,2026-08-30T20:38:55.528939+00:00,200,276,
wingvpn.com,registered,False,True,63.0,focused-vpn,2026-08-30T20:38:55.595034+00:00,200,216,
ivovpn.com,registry-absent,True,False,62.25,focused-vpn,2026-08-30T20:38:55.725320+00:00,404,219,
ghostvpn.com,registered,False,True,61.75,focused-vpn,2026-08-30T20:38:55.909899+00:00,200,280,
havenvpn.com,registered,False,True,61.75,focused-vpn,2026-08-30T20:38:56.053211+00:00,200,300,
ivoryvpn.com,registry-absent,True,False,61.75,focused-vpn,2026-08-30T20:38:56.117081+00:00,404,236,
lucidvpn.com,registered,False,True,61.75,focused-vpn,2026-08-30T20:38:56.223963+00:00,200,219,
vaultvpn.com,registered,False,True,61.75,focused-vpn,2026-08-30T20:38:56.343566+00:00,200,215,
blinkprivacy.com,registry-absent,True,False,60.75,focused-curated,2026-08-30T20:38:56.503476+00:00,404,250,
clearprivacy.com,registered,False,True,60.75,focused-curated,2026-08-30T20:38:56.648046+00:00,200,268,
cloudprivacy.com,registered,False,True,60.75,focused-curated,2026-08-30T20:38:56.720089+00:00,200,216,
quietprivacy.com,registered,False,True,60.75,focused-curated,2026-08-30T20:38:56.846166+00:00,200,216,
swiftprivacy.com,registered,False,True,60.75,focused-curated,2026-08-30T20:38:57.028027+00:00,200,276,
brightvpn.com,registered,False,True,60.5,focused-vpn,2026-08-30T20:38:57.167834+00:00,200,289,
covertvpn.com,registered,False,True,60.5,focused-vpn,2026-08-30T20:38:57.221293+00:00,200,218,
mobilevpn.com,registered,False,True,60.5,focused-vpn,2026-08-30T20:38:57.481615+00:00,200,353,
securevpn.com,registered,False,True,60.5,focused-vpn,2026-08-30T20:38:57.554658+00:00,200,301,
silentvpn.com,registered,False,True,60.5,focused-vpn,2026-08-30T20:38:57.628165+00:00,200,250,
balavpn.com,registered,False,True,60.0,focused-invented-vpn,2026-08-30T20:38:57.720733+00:00,200,218,
balovpn.com,registry-absent,True,False,60.0,focused-invented-vpn,2026-08-30T20:38:57.852003+00:00,404,221,
banavpn.com,registry-absent,True,False,60.0,focused-invented-vpn,2026-08-30T20:38:58.007252+00:00,404,251,
banovpn.com,registry-absent,True,False,60.0,focused-invented-vpn,2026-08-30T20:38:58.152850+00:00,404,274,
baravpn.com,registered,False,True,60.0,focused-invented-vpn,2026-08-30T20:38:58.224696+00:00,200,220,
barivpn.com,registry-absent,True,False,60.0,focused-invented-vpn,2026-08-30T20:38:58.345312+00:00,404,217,
barovpn.com,registered,False,True,60.0,focused-invented-vpn,2026-08-30T20:38:58.530137+00:00,200,276,
bavavpn.com,registry-absent,True,False,60.0,focused-invented-vpn,2026-08-30T20:38:58.673600+00:00,404,295,
bavivpn.com,registry-absent,True,False,60.0,focused-invented-vpn,2026-08-30T20:38:58.740223+00:00,404,237,
bavovpn.com,registry-absent,True,False,60.0,focused-invented-vpn,2026-08-30T20:38:58.850143+00:00,404,219,
bazavpn.com,registered,False,True,60.0,focused-invented-vpn,2026-08-30T20:38:59.056752+00:00,200,304,
bazovpn.com,registry-absent,True,False,60.0,focused-invented-vpn,2026-08-30T20:38:59.128296+00:00,404,250,
belovpn.com,registry-absent,True,False,60.0,focused-invented-vpn,2026-08-30T20:38:59.274521+00:00,404,271,
benavpn.com,registry-absent,True,False,60.0,focused-invented-vpn,2026-08-30T20:38:59.353074+00:00,404,225,
benovpn.com,registered,False,True,60.0,focused-invented-vpn,2026-08-30T20:38:59.467609+00:00,200,214,
beravpn.com,registry-absent,True,False,60.0,focused-invented-vpn,2026-08-30T20:38:59.650462+00:00,404,271,
berivpn.com,registry-absent,True,False,60.0,focused-invented-vpn,2026-08-30T20:38:59.786591+00:00,404,284,
berovpn.com,registry-absent,True,False,60.0,focused-invented-vpn,2026-08-30T20:38:59.848504+00:00,404,222,
bevavpn.com,registry-absent,True,False,60.0,focused-invented-vpn,2026-08-30T20:38:59.969970+00:00,404,217,
bevivpn.com,registry-absent,True,False,60.0,focused-invented-vpn,2026-08-30T20:39:00.176710+00:00,404,295,
bevovpn.com,registry-absent,True,False,60.0,focused-invented-vpn,2026-08-30T20:39:00.249962+00:00,404,247,
bezavpn.com,registry-absent,True,False,60.0,focused-invented-vpn,2026-08-30T20:39:00.345366+00:00,404,216,
bezovpn.com,registry-absent,True,False,60.0,focused-invented-vpn,2026-08-30T20:39:00.477697+00:00,404,222,
bilavpn.com,registry-absent,True,False,60.0,focused-invented-vpn,2026-08-30T20:39:00.696778+00:00,404,316,
bilovpn.com,registry-absent,True,False,60.0,focused-invented-vpn,2026-08-30T20:39:00.771832+00:00,404,268,
binavpn.com,registry-absent,True,False,60.0,focused-invented-vpn,2026-08-30T20:39:00.914815+00:00,404,286,
binovpn.com,registry-absent,True,False,60.0,focused-invented-vpn,2026-08-30T20:39:01.045119+00:00,404,289,
biravpn.com,registry-absent,True,False,60.0,focused-invented-vpn,2026-08-30T20:39:01.153821+00:00,404,275,
birivpn.com,registry-absent,True,False,60.0,focused-invented-vpn,2026-08-30T20:39:01.297991+00:00,404,295,
birovpn.com,registry-absent,True,False,60.0,focused-invented-vpn,2026-08-30T20:39:01.361591+00:00,404,233,
bivavpn.com,registry-absent,True,False,60.0,focused-invented-vpn,2026-08-30T20:39:01.475610+00:00,404,219,
bivivpn.com,registry-absent,True,False,60.0,focused-invented-vpn,2026-08-30T20:39:01.676325+00:00,404,298,
bivovpn.com,registry-absent,True,False,60.0,focused-invented-vpn,2026-08-30T20:39:01.748060+00:00,404,245,
bizavpn.com,registry-absent,True,False,60.0,focused-invented-vpn,2026-08-30T20:39:01.886719+00:00,404,258,
bizovpn.com,registry-absent,True,False,60.0,focused-invented-vpn,2026-08-30T20:39:01.978458+00:00,404,222,
bolavpn.com,registry-absent,True,False,60.0,focused-invented-vpn,2026-08-30T20:39:02.104166+00:00,404,223,
bolovpn.com,registry-absent,True,False,60.0,focused-invented-vpn,2026-08-30T20:39:02.277406+00:00,404,271,
bonavpn.com,registry-absent,True,False,60.0,focused-invented-vpn,2026-08-30T20:39:02.411399+00:00,404,282,
bonovpn.com,registry-absent,True,False,60.0,focused-invented-vpn,2026-08-30T20:39:02.475548+00:00,404,223,
boravpn.com,registry-absent,True,False,60.0,focused-invented-vpn,2026-08-30T20:39:02.601758+00:00,404,220,
borivpn.com,registry-absent,True,False,60.0,focused-invented-vpn,2026-08-30T20:39:02.871067+00:00,404,368,
borovpn.com,registry-absent,True,False,60.0,focused-invented-vpn,2026-08-30T20:39:02.935194+00:00,404,306,
bovavpn.com,registry-absent,True,False,60.0,focused-invented-vpn,2026-08-30T20:39:03.046302+00:00,404,290,
bovivpn.com,registry-absent,True,False,60.0,focused-invented-vpn,2026-08-30T20:39:03.098079+00:00,404,219,
bovovpn.com,registry-absent,True,False,60.0,focused-invented-vpn,2026-08-30T20:39:03.249983+00:00,404,245,
bozavpn.com,registry-absent,True,False,60.0,focused-invented-vpn,2026-08-30T20:39:03.393648+00:00,404,264,
bozovpn.com,registry-absent,True,False,60.0,focused-invented-vpn,2026-08-30T20:39:03.466876+00:00,404,215,
bulavpn.com,registry-absent,True,False,60.0,focused-invented-vpn,2026-08-30T20:39:03.598105+00:00,404,220,
bulovpn.com,registry-absent,True,False,60.0,focused-invented-vpn,2026-08-30T20:39:03.772876+00:00,404,270,
bunavpn.com,registry-absent,True,False,60.0,focused-invented-vpn,2026-08-30T20:39:03.917459+00:00,404,287,
bunovpn.com,registry-absent,True,False,60.0,focused-invented-vpn,2026-08-30T20:39:03.982573+00:00,404,226,
buravpn.com,registered,False,True,60.0,focused-invented-vpn,2026-08-30T20:39:04.104810+00:00,200,223,
burivpn.com,registry-absent,True,False,60.0,focused-invented-vpn,2026-08-30T20:39:04.297631+00:00,404,294,
burovpn.com,registry-absent,True,False,60.0,focused-invented-vpn,2026-08-30T20:39:04.438740+00:00,404,308,
buvavpn.com,registry-absent,True,False,60.0,focused-invented-vpn,2026-08-30T20:39:04.512292+00:00,404,259,
buvivpn.com,registry-absent,True,False,60.0,focused-invented-vpn,2026-08-30T20:39:04.597502+00:00,404,220,
buvovpn.com,registry-absent,True,False,60.0,focused-invented-vpn,2026-08-30T20:39:04.726890+00:00,404,223,
buzavpn.com,registry-absent,True,False,60.0,focused-invented-vpn,2026-08-30T20:39:04.894820+00:00,404,263,
buzovpn.com,registry-absent,True,False,60.0,focused-invented-vpn,2026-08-30T20:39:05.032849+00:00,404,280,
calavpn.com,registry-absent,True,False,60.0,focused-invented-vpn,2026-08-30T20:39:05.098714+00:00,404,220,
calovpn.com,registry-absent,True,False,60.0,focused-invented-vpn,2026-08-30T20:39:05.225117+00:00,404,220,
canavpn.com,registry-absent,True,False,60.0,focused-invented-vpn,2026-08-30T20:39:05.417771+00:00,404,287,
canovpn.com,registry-absent,True,False,60.0,focused-invented-vpn,2026-08-30T20:39:05.560698+00:00,404,309,
caravpn.com,registry-absent,True,False,60.0,focused-invented-vpn,2026-08-30T20:39:06.131654+00:00,404,751,
carivpn.com,registry-absent,True,False,60.0,focused-invented-vpn,2026-08-30T20:39:05.725983+00:00,404,221,
carovpn.com,registry-absent,True,False,60.0,focused-invented-vpn,2026-08-30T20:39:05.933904+00:00,404,304,
cavavpn.com,registered,False,True,60.0,focused-invented-vpn,2026-08-30T20:39:06.017445+00:00,200,265,
cavivpn.com,registry-absent,True,False,60.0,focused-invented-vpn,2026-08-30T20:39:06.098397+00:00,404,218,
cavovpn.com,registry-absent,True,False,60.0,focused-invented-vpn,2026-08-30T20:39:06.225248+00:00,404,222,
cazavpn.com,registry-absent,True,False,60.0,focused-invented-vpn,2026-08-30T20:39:06.396012+00:00,404,266,
cazovpn.com,registry-absent,True,False,60.0,focused-invented-vpn,2026-08-30T20:39:06.539830+00:00,404,287,
celavpn.com,registry-absent,True,False,60.0,focused-invented-vpn,2026-08-30T20:39:06.674156+00:00,404,295,
celovpn.com,registry-absent,True,False,60.0,focused-invented-vpn,2026-08-30T20:39:06.725280+00:00,404,219,
cenavpn.com,registry-absent,True,False,60.0,focused-invented-vpn,2026-08-30T20:39:06.921924+00:00,404,291,
cenovpn.com,registry-absent,True,False,60.0,focused-invented-vpn,2026-08-30T20:39:06.993383+00:00,404,241,
ceravpn.com,registry-absent,True,False,60.0,focused-invented-vpn,2026-08-30T20:39:07.133199+00:00,404,257,
cevavpn.com,registry-absent,True,False,60.0,focused-invented-vpn,2026-08-30T20:39:07.223839+00:00,404,219,
cevivpn.com,registry-absent,True,False,60.0,focused-invented-vpn,2026-08-30T20:39:07.349211+00:00,404,220,
cevovpn.com,registry-absent,True,False,60.0,focused-invented-vpn,2026-08-30T20:39:07.512300+00:00,404,258,
cezavpn.com,registry-absent,True,False,60.0,focused-invented-vpn,2026-08-30T20:39:07.650157+00:00,404,269,
cezovpn.com,registry-absent,True,False,60.0,focused-invented-vpn,2026-08-30T20:39:07.722514+00:00,404,218,
cilavpn.com,registry-absent,True,False,60.0,focused-invented-vpn,2026-08-30T20:39:07.966890+00:00,404,336,
cilovpn.com,registry-absent,True,False,60.0,focused-invented-vpn,2026-08-30T20:39:08.039317+00:00,404,287,
cinavpn.com,registry-absent,True,False,60.0,focused-invented-vpn,2026-08-30T20:39:08.180761+00:00,404,302,
cinovpn.com,registry-absent,True,False,60.0,focused-invented-vpn,2026-08-30T20:39:08.230183+00:00,404,227,
cirivpn.com,registry-absent,True,False,60.0,focused-invented-vpn,2026-08-30T20:39:08.351206+00:00,404,220,
civavpn.com,registry-absent,True,False,60.0,focused-invented-vpn,2026-08-30T20:39:08.556266+00:00,404,303,
civivpn.com,registry-absent,True,False,60.0,focused-invented-vpn,2026-08-30T20:39:08.635842+00:00,404,256,
civovpn.com,registered,False,True,60.0,focused-invented-vpn,2026-08-30T20:39:08.731202+00:00,200,223,
cizavpn.com,registry-absent,True,False,60.0,focused-invented-vpn,2026-08-30T20:39:08.845176+00:00,404,214,
cizovpn.com,registry-absent,True,False,60.0,focused-invented-vpn,2026-08-30T20:39:09.017115+00:00,404,265,
colavpn.com,registered,False,True,60.0,focused-invented-vpn,2026-08-30T20:39:09.173279+00:00,200,294,
colovpn.com,registered,False,True,60.0,focused-invented-vpn,2026-08-30T20:39:09.229923+00:00,200,224,
conavpn.com,registry-absent,True,False,60.0,focused-invented-vpn,2026-08-30T20:39:09.346799+00:00,404,218,
conovpn.com,registry-absent,True,False,60.0,focused-invented-vpn,2026-08-30T20:39:09.541843+00:00,404,286,
coravpn.com,registry-absent,True,False,60.0,focused-invented-vpn,2026-08-30T20:39:09.687688+00:00,404,311,
corivpn.com,registry-absent,True,False,60.0,focused-invented-vpn,2026-08-30T20:39:09.758672+00:00,404,255,
corovpn.com,registry-absent,True,False,60.0,focused-invented-vpn,2026-08-30T20:39:09.846483+00:00,404,216,
covavpn.com,registry-absent,True,False,60.0,focused-invented-vpn,2026-08-30T20:39:09.970348+00:00,404,217,
covivpn.com,registry-absent,True,False,60.0,focused-invented-vpn,2026-08-30T20:39:10.137124+00:00,404,259,
covovpn.com,registry-absent,True,False,60.0,focused-invented-vpn,2026-08-30T20:39:10.274157+00:00,404,271,
cozavpn.com,registry-absent,True,False,60.0,focused-invented-vpn,2026-08-30T20:39:10.348059+00:00,404,219,
cozovpn.com,registry-absent,True,False,60.0,focused-invented-vpn,2026-08-30T20:39:10.471808+00:00,404,218,
culavpn.com,registry-absent,True,False,60.0,focused-invented-vpn,2026-08-30T20:39:11.251876+00:00,404,873,
culovpn.com,registry-absent,True,False,60.0,focused-invented-vpn,2026-08-30T20:39:10.799458+00:00,404,295,
cunavpn.com,registry-absent,True,False,60.0,focused-invented-vpn,2026-08-30T20:39:10.847973+00:00,404,217,
cunovpn.com,registry-absent,True,False,60.0,focused-invented-vpn,2026-08-30T20:39:10.977840+00:00,404,222,
curavpn.com,registry-absent,True,False,60.0,focused-invented-vpn,2026-08-30T20:39:11.188354+00:00,404,310,
curivpn.com,registry-absent,True,False,60.0,focused-invented-vpn,2026-08-30T20:39:11.261268+00:00,404,256,
curovpn.com,registry-absent,True,False,60.0,focused-invented-vpn,2026-08-30T20:39:11.348238+00:00,404,218,
cuvavpn.com,registry-absent,True,False,60.0,focused-invented-vpn,2026-08-30T20:39:11.472047+00:00,404,219,
cuvivpn.com,registry-absent,True,False,60.0,focused-invented-vpn,2026-08-30T20:39:11.639453+00:00,404,261,
cuvovpn.com,registry-absent,True,False,60.0,focused-invented-vpn,2026-08-30T20:39:11.784461+00:00,404,280,
cuzavpn.com,registry-absent,True,False,60.0,focused-invented-vpn,2026-08-30T20:39:11.843713+00:00,404,215,
cuzovpn.com,registry-absent,True,False,60.0,focused-invented-vpn,2026-08-30T20:39:11.970907+00:00,404,217,
dalavpn.com,registry-absent,True,False,60.0,focused-invented-vpn,2026-08-30T20:39:12.161398+00:00,404,283,
dalovpn.com,registry-absent,True,False,60.0,focused-invented-vpn,2026-08-30T20:39:12.306266+00:00,404,303,
danavpn.com,registered,False,True,60.0,focused-invented-vpn,2026-08-30T20:39:12.938763+00:00,200,810,
danovpn.com,registry-absent,True,False,60.0,focused-invented-vpn,2026-08-30T20:39:12.470097+00:00,404,217,
daravpn.com,registry-absent,True,False,60.0,focused-invented-vpn,2026-08-30T20:39:12.686313+00:00,404,308,
darivpn.com,registry-absent,True,False,60.0,focused-invented-vpn,2026-08-30T20:39:12.828833+00:00,404,322,
darovpn.com,registry-absent,True,False,60.0,focused-invented-vpn,2026-08-30T20:39:12.895784+00:00,404,266,
davavpn.com,registry-absent,True,False,60.0,focused-invented-vpn,2026-08-30T20:39:12.971239+00:00,404,218,
davivpn.com,registry-absent,True,False,60.0,focused-invented-vpn,2026-08-30T20:39:13.096335+00:00,404,217,
davovpn.com,registry-absent,True,False,60.0,focused-invented-vpn,2026-08-30T20:39:13.284073+00:00,404,278,
dazavpn.com,registry-absent,True,False,60.0,focused-invented-vpn,2026-08-30T20:39:13.424820+00:00,404,296,
dazovpn.com,registry-absent,True,False,60.0,focused-invented-vpn,2026-08-30T20:39:13.469333+00:00,404,216,
delavpn.com,registry-absent,True,False,60.0,focused-invented-vpn,2026-08-30T20:39:13.597969+00:00,404,219,
delovpn.com,registry-absent,True,False,60.0,focused-invented-vpn,2026-08-30T20:39:13.805589+00:00,404,302,
denavpn.com,registry-absent,True,False,60.0,focused-invented-vpn,2026-08-30T20:39:13.880358+00:00,404,249,
denovpn.com,registry-absent,True,False,60.0,focused-invented-vpn,2026-08-30T20:39:13.972829+00:00,404,219,
deravpn.com,registry-absent,True,False,60.0,focused-invented-vpn,2026-08-30T20:39:14.094488+00:00,404,216,
derivpn.com,registry-absent,True,False,60.0,focused-invented-vpn,2026-08-30T20:39:14.258985+00:00,404,254,
derovpn.com,registry-absent,True,False,60.0,focused-invented-vpn,2026-08-30T20:39:14.403657+00:00,404,275,
devavpn.com,registry-absent,True,False,60.0,focused-invented-vpn,2026-08-30T20:39:14.468497+00:00,404,217,
devivpn.com,registered,False,True,60.0,focused-invented-vpn,2026-08-30T20:39:14.597118+00:00,200,218,
devovpn.com,registry-absent,True,False,60.0,focused-invented-vpn,2026-08-30T20:39:14.782709+00:00,404,279,
dezavpn.com,registry-absent,True,False,60.0,focused-invented-vpn,2026-08-30T20:39:14.925049+00:00,404,295,
dezovpn.com,registry-absent,True,False,60.0,focused-invented-vpn,2026-08-30T20:39:14.991438+00:00,404,237,
dilavpn.com,registry-absent,True,False,60.0,focused-invented-vpn,2026-08-30T20:39:15.095750+00:00,404,217,
dilovpn.com,registry-absent,True,False,60.0,focused-invented-vpn,2026-08-30T20:39:15.307219+00:00,404,302,
dinavpn.com,registry-absent,True,False,60.0,focused-invented-vpn,2026-08-30T20:39:15.378111+00:00,404,249,
dinovpn.com,registered,False,True,60.0,focused-invented-vpn,2026-08-30T20:39:16.108907+00:00,200,853,
diravpn.com,registry-absent,True,False,60.0,focused-invented-vpn,2026-08-30T20:39:15.596436+00:00,404,215,
dirivpn.com,registry-absent,True,False,60.0,focused-invented-vpn,2026-08-30T20:39:15.718949+00:00,404,215,
dirovpn.com,registry-absent,True,False,60.0,focused-invented-vpn,2026-08-30T20:39:15.901812+00:00,404,273,
divavpn.com,registry-absent,True,False,60.0,focused-invented-vpn,2026-08-30T20:39:16.039021+00:00,404,286,
divivpn.com,registry-absent,True,False,60.0,focused-invented-vpn,2026-08-30T20:39:16.093686+00:00,404,216,
divovpn.com,registry-absent,True,False,60.0,focused-invented-vpn,2026-08-30T20:39:16.217661+00:00,404,214,
dizavpn.com,registry-absent,True,False,60.0,focused-invented-vpn,2026-08-30T20:39:16.428696+00:00,404,300,
dizovpn.com,registry-absent,True,False,60.0,focused-invented-vpn,2026-08-30T20:39:16.498383+00:00,404,245,
dolavpn.com,registry-absent,True,False,60.0,focused-invented-vpn,2026-08-30T20:39:16.593415+00:00,404,215,
dolovpn.com,registry-absent,True,False,60.0,focused-invented-vpn,2026-08-30T20:39:16.716727+00:00,404,213,
donavpn.com,registry-absent,True,False,60.0,focused-invented-vpn,2026-08-30T20:39:16.952142+00:00,404,321,
donovpn.com,registry-absent,True,False,60.0,focused-invented-vpn,2026-08-30T20:39:17.024970+00:00,404,271,
doravpn.com,registered,False,True,60.0,focused-invented-vpn,2026-08-30T20:39:17.099087+00:00,200,219,
dorivpn.com,registry-absent,True,False,60.0,focused-invented-vpn,2026-08-30T20:39:17.223418+00:00,404,218,
dorovpn.com,registry-absent,True,False,60.0,focused-invented-vpn,2026-08-30T20:39:17.410869+00:00,404,282,
dovivpn.com,registry-absent,True,False,60.0,focused-invented-vpn,2026-08-30T20:39:18.283465+00:00,404,1029,
dovovpn.com,registry-absent,True,False,60.0,focused-invented-vpn,2026-08-30T20:39:17.616595+00:00,404,239,
dozavpn.com,registered,False,True,60.0,focused-invented-vpn,2026-08-30T20:39:17.724520+00:00,200,218,
dozovpn.com,registry-absent,True,False,60.0,focused-invented-vpn,2026-08-30T20:39:17.928942+00:00,404,299,
dulavpn.com,registry-absent,True,False,60.0,focused-invented-vpn,2026-08-30T20:39:18.001848+00:00,404,248,
dulovpn.com,registry-absent,True,False,60.0,focused-invented-vpn,2026-08-30T20:39:18.137252+00:00,404,257,
dunavpn.com,registry-absent,True,False,60.0,focused-invented-vpn,2026-08-30T20:39:18.219334+00:00,404,214,
dunovpn.com,registry-absent,True,False,60.0,focused-invented-vpn,2026-08-30T20:39:18.346608+00:00,404,218,
duravpn.com,registry-absent,True,False,60.0,focused-invented-vpn,2026-08-30T20:39:18.524444+00:00,404,272,
durivpn.com,registry-absent,True,False,60.0,focused-invented-vpn,2026-08-30T20:39:18.663804+00:00,404,285,
durovpn.com,registry-absent,True,False,60.0,focused-invented-vpn,2026-08-30T20:39:18.722091+00:00,404,217,
duvavpn.com,registry-absent,True,False,60.0,focused-invented-vpn,2026-08-30T20:39:18.846224+00:00,404,217,
duvivpn.com,registry-absent,True,False,60.0,focused-invented-vpn,2026-08-30T20:39:19.045774+00:00,404,289,
duvovpn.com,registry-absent,True,False,60.0,focused-invented-vpn,2026-08-30T20:39:19.126983+00:00,404,246,
duzavpn.com,registry-absent,True,False,60.0,focused-invented-vpn,2026-08-30T20:39:19.220445+00:00,404,217,
duzovpn.com,registry-absent,True,False,60.0,focused-invented-vpn,2026-08-30T20:39:19.346575+00:00,404,216,
falavpn.com,registry-absent,True,False,60.0,focused-invented-vpn,2026-08-30T20:39:19.504427+00:00,404,248,
falovpn.com,registry-absent,True,False,60.0,focused-invented-vpn,2026-08-30T20:39:19.649893+00:00,404,271,
fanavpn.com,registry-absent,True,False,60.0,focused-invented-vpn,2026-08-30T20:39:19.721538+00:00,404,216,
fanovpn.com,registry-absent,True,False,60.0,focused-invented-vpn,2026-08-30T20:39:19.848194+00:00,404,217,
faravpn.com,registry-absent,True,False,60.0,focused-invented-vpn,2026-08-30T20:39:20.028492+00:00,404,275,
farivpn.com,registry-absent,True,False,60.0,focused-invented-vpn,2026-08-30T20:39:20.173521+00:00,404,297,
farovpn.com,registry-absent,True,False,60.0,focused-invented-vpn,2026-08-30T20:39:20.234169+00:00,404,231,
favavpn.com,registry-absent,True,False,60.0,focused-invented-vpn,2026-08-30T20:39:20.345624+00:00,404,217,
favivpn.com,registry-absent,True,False,60.0,focused-invented-vpn,2026-08-30T20:39:20.547422+00:00,404,291,
favovpn.com,registry-absent,True,False,60.0,focused-invented-vpn,2026-08-30T20:39:20.619855+00:00,404,241,
fazavpn.com,registry-absent,True,False,60.0,focused-invented-vpn,2026-08-30T20:39:20.758602+00:00,404,255,
fazovpn.com,registry-absent,True,False,60.0,focused-invented-vpn,2026-08-30T20:39:20.918571+00:00,404,287,
felavpn.com,registry-absent,True,False,60.0,focused-invented-vpn,2026-08-30T20:39:20.974952+00:00,404,218,
felovpn.com,registry-absent,True,False,60.0,focused-invented-vpn,2026-08-30T20:39:21.148429+00:00,404,270,
fenavpn.com,registry-absent,True,False,60.0,focused-invented-vpn,2026-08-30T20:39:21.288287+00:00,404,285,
fenovpn.com,registry-absent,True,False,60.0,focused-invented-vpn,2026-08-30T20:39:21.348500+00:00,404,220,
feravpn.com,registry-absent,True,False,60.0,focused-invented-vpn,2026-08-30T20:39:21.477123+00:00,404,225,
ferivpn.com,registry-absent,True,False,60.0,focused-invented-vpn,2026-08-30T20:39:21.672819+00:00,404,294,
ferovpn.com,registry-absent,True,False,60.0,focused-invented-vpn,2026-08-30T20:39:22.549898+00:00,404,1046,
fevavpn.com,registry-absent,True,False,60.0,focused-invented-vpn,2026-08-30T20:39:21.847401+00:00,404,219,
fevivpn.com,registry-absent,True,False,60.0,focused-invented-vpn,2026-08-30T20:39:21.977007+00:00,404,223,
fevovpn.com,registry-absent,True,False,60.0,focused-invented-vpn,2026-08-30T20:39:22.123770+00:00,404,245,
fezavpn.com,registry-absent,True,False,60.0,focused-invented-vpn,2026-08-30T20:39:22.271596+00:00,404,265,
fezovpn.com,registry-absent,True,False,60.0,focused-invented-vpn,2026-08-30T20:39:22.345513+00:00,404,217,
filavpn.com,registry-absent,True,False,60.0,focused-invented-vpn,2026-08-30T20:39:22.470220+00:00,404,216,
filovpn.com,registry-absent,True,False,60.0,focused-invented-vpn,2026-08-30T20:39:22.647520+00:00,404,266,
finavpn.com,registry-absent,True,False,60.0,focused-invented-vpn,2026-08-30T20:39:22.792467+00:00,404,289,
finovpn.com,registry-absent,True,False,60.0,focused-invented-vpn,2026-08-30T20:39:22.862821+00:00,404,231,
firivpn.com,registry-absent,True,False,60.0,focused-invented-vpn,2026-08-30T20:39:22.977975+00:00,404,221,
firovpn.com,registry-absent,True,False,60.0,focused-invented-vpn,2026-08-30T20:39:23.173908+00:00,404,292,
fivavpn.com,registry-absent,True,False,60.0,focused-invented-vpn,2026-08-30T20:39:23.382500+00:00,404,377,
fivivpn.com,registry-absent,True,False,60.0,focused-invented-vpn,2026-08-30T20:39:23.383038+00:00,404,256,
fivovpn.com,registry-absent,True,False,60.0,focused-invented-vpn,2026-08-30T20:39:23.471175+00:00,404,218,
fizavpn.com,registry-absent,True,False,60.0,focused-invented-vpn,2026-08-30T20:39:23.601486+00:00,404,223,
fizovpn.com,registry-absent,True,False,60.0,focused-invented-vpn,2026-08-30T20:39:23.768129+00:00,404,265,
folavpn.com,registry-absent,True,False,60.0,focused-invented-vpn,2026-08-30T20:39:23.908874+00:00,404,282,
folovpn.com,registry-absent,True,False,60.0,focused-invented-vpn,2026-08-30T20:39:23.980760+00:00,404,227,
fonavpn.com,registry-absent,True,False,60.0,focused-invented-vpn,2026-08-30T20:39:24.101859+00:00,404,220,
fonovpn.com,registry-absent,True,False,60.0,focused-invented-vpn,2026-08-30T20:39:24.295760+00:00,404,292,
foravpn.com,registry-absent,True,False,60.0,focused-invented-vpn,2026-08-30T20:39:24.432139+00:00,404,301,
forivpn.com,registry-absent,True,False,60.0,focused-invented-vpn,2026-08-30T20:39:24.474619+00:00,404,221,
forovpn.com,registry-absent,True,False,60.0,focused-invented-vpn,2026-08-30T20:39:24.601696+00:00,404,223,
fovavpn.com,registry-absent,True,False,60.0,focused-invented-vpn,2026-08-30T20:39:24.810162+00:00,404,304,
fovivpn.com,registry-absent,True,False,60.0,focused-invented-vpn,2026-08-30T20:39:24.889164+00:00,404,260,
fovovpn.com,registry-absent,True,False,60.0,focused-invented-vpn,2026-08-30T20:39:24.974746+00:00,404,221,
fozavpn.com,registry-absent,True,False,60.0,focused-invented-vpn,2026-08-30T20:39:25.100169+00:00,404,221,
fozovpn.com,registry-absent,True,False,60.0,focused-invented-vpn,2026-08-30T20:39:25.269960+00:00,404,266,
fulavpn.com,registry-absent,True,False,60.0,focused-invented-vpn,2026-08-30T20:39:25.413960+00:00,404,282,
fulovpn.com,registry-absent,True,False,60.0,focused-invented-vpn,2026-08-30T20:39:25.481683+00:00,404,228,
funavpn.com,registry-absent,True,False,60.0,focused-invented-vpn,2026-08-30T20:39:25.595036+00:00,404,218,
funovpn.com,registry-absent,True,False,60.0,focused-invented-vpn,2026-08-30T20:39:25.793152+00:00,404,289,
furavpn.com,registry-absent,True,False,60.0,focused-invented-vpn,2026-08-30T20:39:25.941017+00:00,404,314,
furivpn.com,registry-absent,True,False,60.0,focused-invented-vpn,2026-08-30T20:39:26.009119+00:00,404,255,
furovpn.com,registry-absent,True,False,60.0,focused-invented-vpn,2026-08-30T20:39:26.102136+00:00,404,221,
fuvavpn.com,registry-absent,True,False,60.0,focused-invented-vpn,2026-08-30T20:39:26.222187+00:00,404,219,
fuvivpn.com,registry-absent,True,False,60.0,focused-invented-vpn,2026-08-30T20:39:26.390421+00:00,404,259,
fuvovpn.com,registry-absent,True,False,60.0,focused-invented-vpn,2026-08-30T20:39:26.527771+00:00,404,271,
fuzavpn.com,registry-absent,True,False,60.0,focused-invented-vpn,2026-08-30T20:39:26.597849+00:00,404,218,
fuzovpn.com,registry-absent,True,False,60.0,focused-invented-vpn,2026-08-30T20:39:26.725914+00:00,404,223,
galavpn.com,registered,False,True,60.0,focused-invented-vpn,2026-08-30T20:39:26.915222+00:00,200,284,
galovpn.com,registry-absent,True,False,60.0,focused-invented-vpn,2026-08-30T20:39:27.051136+00:00,404,297,
ganavpn.com,registry-absent,True,False,60.0,focused-invented-vpn,2026-08-30T20:39:27.097052+00:00,404,218,
ganovpn.com,registry-absent,True,False,60.0,focused-invented-vpn,2026-08-30T20:39:27.220053+00:00,404,216,
garavpn.com,registry-absent,True,False,60.0,focused-invented-vpn,2026-08-30T20:39:27.437840+00:00,404,309,
garivpn.com,registry-absent,True,False,60.0,focused-invented-vpn,2026-08-30T20:39:27.509348+00:00,404,255,
garovpn.com,registry-absent,True,False,60.0,focused-invented-vpn,2026-08-30T20:39:27.598133+00:00,404,219,
gavavpn.com,registry-absent,True,False,60.0,focused-invented-vpn,2026-08-30T20:39:27.725466+00:00,404,220,
gavivpn.com,registry-absent,True,False,60.0,focused-invented-vpn,2026-08-30T20:39:27.889876+00:00,404,260,
gavovpn.com,registry-absent,True,False,60.0,focused-invented-vpn,2026-08-30T20:39:28.033949+00:00,404,280,
gazavpn.com,registry-absent,True,False,60.0,focused-invented-vpn,2026-08-30T20:39:28.102242+00:00,404,221,
gazovpn.com,registry-absent,True,False,60.0,focused-invented-vpn,2026-08-30T20:39:28.220363+00:00,404,215,
gelavpn.com,registry-absent,True,False,60.0,focused-invented-vpn,2026-08-30T20:39:28.413756+00:00,404,286,
gelovpn.com,registry-absent,True,False,60.0,focused-invented-vpn,2026-08-30T20:39:28.625697+00:00,404,369,
genavpn.com,registry-absent,True,False,60.0,focused-invented-vpn,2026-08-30T20:39:28.626114+00:00,404,248,
genovpn.com,registry-absent,True,False,60.0,focused-invented-vpn,2026-08-30T20:39:28.720416+00:00,404,216,
geravpn.com,registered,False,True,60.0,focused-invented-vpn,2026-08-30T20:39:28.849421+00:00,200,218,
gerivpn.com,registry-absent,True,False,60.0,focused-invented-vpn,2026-08-30T20:39:29.014303+00:00,404,258,
gerovpn.com,registry-absent,True,False,60.0,focused-invented-vpn,2026-08-30T20:39:29.150749+00:00,404,274,
gevavpn.com,registry-absent,True,False,60.0,focused-invented-vpn,2026-08-30T20:39:29.222899+00:00,404,218,
gevivpn.com,registry-absent,True,False,60.0,focused-invented-vpn,2026-08-30T20:39:29.356155+00:00,404,226,
gevovpn.com,registry-absent,True,False,60.0,focused-invented-vpn,2026-08-30T20:39:29.535263+00:00,404,279,
gezavpn.com,registry-absent,True,False,60.0,focused-invented-vpn,2026-08-30T20:39:29.673479+00:00,404,295,
gezovpn.com,registry-absent,True,False,60.0,focused-invented-vpn,2026-08-30T20:39:30.257291+00:00,404,751,
gilavpn.com,registry-absent,True,False,60.0,focused-invented-vpn,2026-08-30T20:39:29.847070+00:00,404,218,
gilovpn.com,registry-absent,True,False,60.0,focused-invented-vpn,2026-08-30T20:39:30.059202+00:00,404,303,
ginavpn.com,registry-absent,True,False,60.0,focused-invented-vpn,2026-08-30T20:39:30.132882+00:00,404,251,
ginovpn.com,registry-absent,True,False,60.0,focused-invented-vpn,2026-08-30T20:39:30.237497+00:00,404,231,
giravpn.com,registry-absent,True,False,60.0,focused-invented-vpn,2026-08-30T20:39:30.346643+00:00,404,218,
girivpn.com,registry-absent,True,False,60.0,focused-invented-vpn,2026-08-30T20:39:30.512906+00:00,404,261,
girovpn.com,registry-absent,True,False,60.0,focused-invented-vpn,2026-08-30T20:39:30.657257+00:00,404,279,
givavpn.com,registry-absent,True,False,60.0,focused-invented-vpn,2026-08-30T20:39:30.725022+00:00,404,221,
givivpn.com,registry-absent,True,False,60.0,focused-invented-vpn,2026-08-30T20:39:30.842960+00:00,404,214,
givovpn.com,registry-absent,True,False,60.0,focused-invented-vpn,2026-08-30T20:39:31.035534+00:00,404,279,
gizavpn.com,registry-absent,True,False,60.0,focused-invented-vpn,2026-08-30T20:39:31.180303+00:00,404,299,
gizovpn.com,registry-absent,True,False,60.0,focused-invented-vpn,2026-08-30T20:39:31.245593+00:00,404,240,
golavpn.com,registry-absent,True,False,60.0,focused-invented-vpn,2026-08-30T20:39:31.343759+00:00,404,213,
golovpn.com,registry-absent,True,False,60.0,focused-invented-vpn,2026-08-30T20:39:31.560290+00:00,404,304,
gonavpn.com,registry-absent,True,False,60.0,focused-invented-vpn,2026-08-30T20:39:31.630944+00:00,404,252,
gonovpn.com,registry-absent,True,False,60.0,focused-invented-vpn,2026-08-30T20:39:31.846637+00:00,404,343,
goravpn.com,registry-absent,True,False,60.0,focused-invented-vpn,2026-08-30T20:39:31.846394+00:00,404,217,
gorivpn.com,registry-absent,True,False,60.0,focused-invented-vpn,2026-08-30T20:39:31.969903+00:00,404,216,
gorovpn.com,registry-absent,True,False,60.0,focused-invented-vpn,2026-08-30T20:39:32.157099+00:00,404,276,
govavpn.com,registry-absent,True,False,60.0,focused-invented-vpn,2026-08-30T20:39:32.296462+00:00,404,290,
govivpn.com,registry-absent,True,False,60.0,focused-invented-vpn,2026-08-30T20:39:32.346967+00:00,404,218,
govovpn.com,registry-absent,True,False,60.0,focused-invented-vpn,2026-08-30T20:39:33.005572+00:00,404,749,
gozavpn.com,registry-absent,True,False,60.0,focused-invented-vpn,2026-08-30T20:39:32.680496+00:00,404,302,
gozovpn.com,registry-absent,True,False,60.0,focused-invented-vpn,2026-08-30T20:39:32.754046+00:00,404,249,
gulavpn.com,registry-absent,True,False,60.0,focused-invented-vpn,2026-08-30T20:39:32.843315+00:00,404,214,
gulovpn.com,registry-absent,True,False,60.0,focused-invented-vpn,2026-08-30T20:39:32.966510+00:00,404,213,
gunavpn.com,registry-absent,True,False,60.0,focused-invented-vpn,2026-08-30T20:39:33.133122+00:00,404,255,
gunovpn.com,registry-absent,True,False,60.0,focused-invented-vpn,2026-08-30T20:39:33.282168+00:00,404,276,
guravpn.com,registry-absent,True,False,60.0,focused-invented-vpn,2026-08-30T20:39:33.347718+00:00,404,220,
gurivpn.com,registry-absent,True,False,60.0,focused-invented-vpn,2026-08-30T20:39:33.477861+00:00,404,225,
gurovpn.com,registry-absent,True,False,60.0,focused-invented-vpn,2026-08-30T20:39:33.656842+00:00,404,280,
guvavpn.com,registry-absent,True,False,60.0,focused-invented-vpn,2026-08-30T20:39:33.804991+00:00,404,298,
guvivpn.com,registry-absent,True,False,60.0,focused-invented-vpn,2026-08-30T20:39:33.867840+00:00,404,238,
guvovpn.com,registry-absent,True,False,60.0,focused-invented-vpn,2026-08-30T20:39:33.973131+00:00,404,219,
guzavpn.com,registry-absent,True,False,60.0,focused-invented-vpn,2026-08-30T20:39:34.182280+00:00,404,301,
guzovpn.com,registry-absent,True,False,60.0,focused-invented-vpn,2026-08-30T20:39:34.253872+00:00,404,250,
halavpn.com,registry-absent,True,False,60.0,focused-invented-vpn,2026-08-30T20:39:34.467355+00:00,404,336,
hanavpn.com,registered,False,True,60.0,focused-invented-vpn,2026-08-30T20:39:34.478584+00:00,200,223,
hanovpn.com,registry-absent,True,False,60.0,focused-invented-vpn,2026-08-30T20:39:34.596432+00:00,404,219,
haravpn.com,registry-absent,True,False,60.0,focused-invented-vpn,2026-08-30T20:39:34.779411+00:00,404,276,
harivpn.com,registry-absent,True,False,60.0,focused-invented-vpn,2026-08-30T20:39:34.918479+00:00,404,290,
harovpn.com,registry-absent,True,False,60.0,focused-invented-vpn,2026-08-30T20:39:34.976745+00:00,404,223,
havavpn.com,registry-absent,True,False,60.0,focused-invented-vpn,2026-08-30T20:39:35.095823+00:00,404,216,
havivpn.com,registry-absent,True,False,60.0,focused-invented-vpn,2026-08-30T20:39:35.304100+00:00,404,300,
hazavpn.com,registry-absent,True,False,60.0,focused-invented-vpn,2026-08-30T20:39:35.374443+00:00,404,247,
hazovpn.com,registry-absent,True,False,60.0,focused-invented-vpn,2026-08-30T20:39:35.472458+00:00,404,216,
helavpn.com,registered,False,True,60.0,focused-invented-vpn,2026-08-30T20:39:35.603019+00:00,200,224,
helovpn.com,registry-absent,True,False,60.0,focused-invented-vpn,2026-08-30T20:39:35.755341+00:00,404,250,
henavpn.com,registry-absent,True,False,60.0,focused-invented-vpn,2026-08-30T20:39:35.903243+00:00,404,275,
henovpn.com,registry-absent,True,False,60.0,focused-invented-vpn,2026-08-30T20:39:35.975283+00:00,404,221,
heravpn.com,registered,False,True,60.0,focused-invented-vpn,2026-08-30T20:39:36.101544+00:00,200,222,
herivpn.com,registry-absent,True,False,60.0,focused-invented-vpn,2026-08-30T20:39:36.281251+00:00,404,275,
herovpn.com,registered,False,True,60.0,focused-invented-vpn,2026-08-30T20:39:36.425588+00:00,200,295,
hevavpn.com,registry-absent,True,False,60.0,focused-invented-vpn,2026-08-30T20:39:36.490610+00:00,404,234,
hevivpn.com,registered,False,True,60.0,focused-invented-vpn,2026-08-30T20:39:36.605310+00:00,200,225,
hevovpn.com,registry-absent,True,False,60.0,focused-invented-vpn,2026-08-30T20:39:36.806195+00:00,404,303,
hezavpn.com,registry-absent,True,False,60.0,focused-invented-vpn,2026-08-30T20:39:36.875943+00:00,404,247,
hezovpn.com,registry-absent,True,False,60.0,focused-invented-vpn,2026-08-30T20:39:37.017429+00:00,404,264,
hilavpn.com,registry-absent,True,False,60.0,focused-invented-vpn,2026-08-30T20:39:37.097011+00:00,404,218,
hilovpn.com,registry-absent,True,False,60.0,focused-invented-vpn,2026-08-30T20:39:37.227204+00:00,404,223,
hinavpn.com,registry-absent,True,False,60.0,focused-invented-vpn,2026-08-30T20:39:37.395434+00:00,404,267,
hinovpn.com,registry-absent,True,False,60.0,focused-invented-vpn,2026-08-30T20:39:37.536588+00:00,404,281,
hiravpn.com,registry-absent,True,False,60.0,focused-invented-vpn,2026-08-30T20:39:37.591531+00:00,404,214,
hirivpn.com,registry-absent,True,False,60.0,focused-invented-vpn,2026-08-30T20:39:37.721229+00:00,404,216,
hirovpn.com,registered,False,True,60.0,focused-invented-vpn,2026-08-30T20:39:37.920419+00:00,200,292,
hivavpn.com,registry-absent,True,False,60.0,focused-invented-vpn,2026-08-30T20:39:38.001463+00:00,404,249,
hivivpn.com,registry-absent,True,False,60.0,focused-invented-vpn,2026-08-30T20:39:38.166189+00:00,404,285,
hivovpn.com,registry-absent,True,False,60.0,focused-invented-vpn,2026-08-30T20:39:38.230638+00:00,404,224,
hizavpn.com,registry-absent,True,False,60.0,focused-invented-vpn,2026-08-30T20:39:38.379118+00:00,404,248,
hizovpn.com,registry-absent,True,False,60.0,focused-invented-vpn,2026-08-30T20:39:38.536280+00:00,404,284,
holavpn.com,registered,False,True,60.0,focused-invented-vpn,2026-08-30T20:39:38.608119+00:00,200,228,
holovpn.com,registered,False,True,60.0,focused-invented-vpn,2026-08-30T20:39:38.738121+00:00,200,234,
honavpn.com,registry-absent,True,False,60.0,focused-invented-vpn,2026-08-30T20:39:38.900109+00:00,404,269,
honovpn.com,registry-absent,True,False,60.0,focused-invented-vpn,2026-08-30T20:39:39.046369+00:00,404,292,
horavpn.com,registry-absent,True,False,60.0,focused-invented-vpn,2026-08-30T20:39:39.118966+00:00,404,238,
horivpn.com,registry-absent,True,False,60.0,focused-invented-vpn,2026-08-30T20:39:39.225509+00:00,404,220,
horovpn.com,registry-absent,True,False,60.0,focused-invented-vpn,2026-08-30T20:39:39.425051+00:00,404,296,
hovavpn.com,registry-absent,True,False,60.0,focused-invented-vpn,2026-08-30T20:39:39.566539+00:00,404,311,
hovivpn.com,registry-absent,True,False,60.0,focused-invented-vpn,2026-08-30T20:39:39.632536+00:00,404,251,
hovovpn.com,registry-absent,True,False,60.0,focused-invented-vpn,2026-08-30T20:39:39.723883+00:00,404,219,
hozavpn.com,registry-absent,True,False,60.0,focused-invented-vpn,2026-08-30T20:39:39.846781+00:00,404,218,
hozovpn.com,registry-absent,True,False,60.0,focused-invented-vpn,2026-08-30T20:39:40.020646+00:00,404,268,
hulavpn.com,registry-absent,True,False,60.0,focused-invented-vpn,2026-08-30T20:39:40.157342+00:00,404,279,
hulovpn.com,registry-absent,True,False,60.0,focused-invented-vpn,2026-08-30T20:39:40.226066+00:00,404,223,
hunavpn.com,registry-absent,True,False,60.0,focused-invented-vpn,2026-08-30T20:39:40.351771+00:00,404,220,
hunovpn.com,registry-absent,True,False,60.0,focused-invented-vpn,2026-08-30T20:39:40.543927+00:00,404,291,
huravpn.com,registry-absent,True,False,60.0,focused-invented-vpn,2026-08-30T20:39:40.683091+00:00,404,305,
hurivpn.com,registry-absent,True,False,60.0,focused-invented-vpn,2026-08-30T20:39:40.723866+00:00,404,219,
hurovpn.com,registry-absent,True,False,60.0,focused-invented-vpn,2026-08-30T20:39:40.848915+00:00,404,217,
huvavpn.com,registry-absent,True,False,60.0,focused-invented-vpn,2026-08-30T20:39:40.997496+00:00,404,245,
huvivpn.com,registry-absent,True,False,60.0,focused-invented-vpn,2026-08-30T20:39:41.140957+00:00,404,262,
huvovpn.com,registry-absent,True,False,60.0,focused-invented-vpn,2026-08-30T20:39:41.229320+00:00,404,223,
huzavpn.com,registry-absent,True,False,60.0,focused-invented-vpn,2026-08-30T20:39:41.346009+00:00,404,217,
huzovpn.com,registry-absent,True,False,60.0,focused-invented-vpn,2026-08-30T20:39:41.522150+00:00,404,268,
kalavpn.com,registry-absent,True,False,60.0,focused-invented-vpn,2026-08-30T20:39:41.667220+00:00,404,290,
kalovpn.com,registry-absent,True,False,60.0,focused-invented-vpn,2026-08-30T20:39:41.799843+00:00,404,296,
kanavpn.com,registered,False,True,60.0,focused-invented-vpn,2026-08-30T20:39:41.861029+00:00,200,232,
kanovpn.com,registry-absent,True,False,60.0,focused-invented-vpn,2026-08-30T20:39:42.050805+00:00,404,295,
karavpn.com,registry-absent,True,False,60.0,focused-invented-vpn,2026-08-30T20:39:42.186773+00:00,404,306,
karivpn.com,registry-absent,True,False,60.0,focused-invented-vpn,2026-08-30T20:39:42.257913+00:00,404,253,
karovpn.com,registry-absent,True,False,60.0,focused-invented-vpn,2026-08-30T20:39:42.346150+00:00,404,217,
kavavpn.com,registry-absent,True,False,60.0,focused-invented-vpn,2026-08-30T20:39:42.478369+00:00,404,222,
kavovpn.com,registry-absent,True,False,60.0,focused-invented-vpn,2026-08-30T20:39:42.642657+00:00,404,265,
kazavpn.com,registry-absent,True,False,60.0,focused-invented-vpn,2026-08-30T20:39:42.780306+00:00,404,277,
kazovpn.com,registry-absent,True,False,60.0,focused-invented-vpn,2026-08-30T20:39:42.851185+00:00,404,220,
kelavpn.com,registry-absent,True,False,60.0,focused-invented-vpn,2026-08-30T20:39:42.969196+00:00,404,216,
kelovpn.com,registry-absent,True,False,60.0,focused-invented-vpn,2026-08-30T20:39:43.170052+00:00,404,291,
kenavpn.com,registry-absent,True,False,60.0,focused-invented-vpn,2026-08-30T20:39:43.291261+00:00,404,288,
kenovpn.com,registry-absent,True,False,60.0,focused-invented-vpn,2026-08-30T20:39:43.330072+00:00,404,200,
keravpn.com,registry-absent,True,False,60.0,focused-invented-vpn,2026-08-30T20:39:43.458793+00:00,404,202,
kerivpn.com,registry-absent,True,False,60.0,focused-invented-vpn,2026-08-30T20:39:44.269725+00:00,404,892,
kerovpn.com,registry-absent,True,False,60.0,focused-invented-vpn,2026-08-30T20:39:43.748031+00:00,404,244,
kevavpn.com,registry-absent,True,False,60.0,focused-invented-vpn,2026-08-30T20:39:43.837976+00:00,404,206,
kevivpn.com,registry-absent,True,False,60.0,focused-invented-vpn,2026-08-30T20:39:43.955268+00:00,404,199,
kevovpn.com,registry-absent,True,False,60.0,focused-invented-vpn,2026-08-30T20:39:44.143313+00:00,404,263,
kezavpn.com,registry-absent,True,False,60.0,focused-invented-vpn,2026-08-30T20:39:44.276620+00:00,404,271,
kezovpn.com,registry-absent,True,False,60.0,focused-invented-vpn,2026-08-30T20:39:44.334903+00:00,404,203,
kilavpn.com,registry-absent,True,False,60.0,focused-invented-vpn,2026-08-30T20:39:44.450648+00:00,404,198,
kilovpn.com,registry-absent,True,False,60.0,focused-invented-vpn,2026-08-30T20:39:44.667960+00:00,404,287,
kinavpn.com,registry-absent,True,False,60.0,focused-invented-vpn,2026-08-30T20:39:44.735656+00:00,404,229,
kinovpn.com,registered,False,True,60.0,focused-invented-vpn,2026-08-30T20:39:44.859517+00:00,200,229,
kiravpn.com,registry-absent,True,False,60.0,focused-invented-vpn,2026-08-30T20:39:44.955607+00:00,404,200,
kirivpn.com,registered,False,True,60.0,focused-invented-vpn,2026-08-30T20:39:45.082693+00:00,200,201,
kirovpn.com,registry-absent,True,False,60.0,focused-invented-vpn,2026-08-30T20:39:45.320741+00:00,404,315,
kivavpn.com,registry-absent,True,False,60.0,focused-invented-vpn,2026-08-30T20:39:45.385918+00:00,404,257,
kivivpn.com,registry-absent,True,False,60.0,focused-invented-vpn,2026-08-30T20:39:45.455020+00:00,404,199,
kizavpn.com,registry-absent,True,False,60.0,focused-invented-vpn,2026-08-30T20:39:45.576501+00:00,404,197,
kizovpn.com,registry-absent,True,False,60.0,focused-invented-vpn,2026-08-30T20:39:45.780279+00:00,404,274,
kolavpn.com,registered,False,True,60.0,focused-invented-vpn,2026-08-30T20:39:45.909014+00:00,200,279,
kolovpn.com,registered,False,True,60.0,focused-invented-vpn,2026-08-30T20:39:45.958025+00:00,200,201,
konavpn.com,registered,False,True,60.0,focused-invented-vpn,2026-08-30T20:39:46.086424+00:00,200,208,
konovpn.com,registry-absent,True,False,60.0,focused-invented-vpn,2026-08-30T20:39:46.240797+00:00,404,235,
koravpn.com,registered,False,True,60.0,focused-invented-vpn,2026-08-30T20:39:46.374974+00:00,200,246,
korivpn.com,registry-absent,True,False,60.0,focused-invented-vpn,2026-08-30T20:39:46.457437+00:00,404,203,
korovpn.com,registry-absent,True,False,60.0,focused-invented-vpn,2026-08-30T20:39:46.575765+00:00,404,195,
kovavpn.com,registry-absent,True,False,60.0,focused-invented-vpn,2026-08-30T20:39:46.764171+00:00,404,258,
kovivpn.com,registry-absent,True,False,60.0,focused-invented-vpn,2026-08-30T20:39:46.897872+00:00,404,269,
kovovpn.com,registered,False,True,60.0,focused-invented-vpn,2026-08-30T20:39:46.962766+00:00,200,206,
kozavpn.com,registry-absent,True,False,60.0,focused-invented-vpn,2026-08-30T20:39:47.078216+00:00,404,199,
kozovpn.com,registry-absent,True,False,60.0,focused-invented-vpn,2026-08-30T20:39:47.290144+00:00,404,286,
kulavpn.com,registry-absent,True,False,60.0,focused-invented-vpn,2026-08-30T20:39:47.418001+00:00,404,289,
kulovpn.com,registry-absent,True,False,60.0,focused-invented-vpn,2026-08-30T20:39:47.483493+00:00,404,227,
kunavpn.com,registry-absent,True,False,60.0,focused-invented-vpn,2026-08-30T20:39:47.580659+00:00,404,200,
kunovpn.com,registry-absent,True,False,60.0,focused-invented-vpn,2026-08-30T20:39:47.700287+00:00,404,195,
kuravpn.com,registry-absent,True,False,60.0,focused-invented-vpn,2026-08-30T20:39:47.875114+00:00,404,247,
kurivpn.com,registry-absent,True,False,60.0,focused-invented-vpn,2026-08-30T20:39:48.011707+00:00,404,258,
kurovpn.com,registry-absent,True,False,60.0,focused-invented-vpn,2026-08-30T20:39:48.080739+00:00,404,200,
kuvavpn.com,registry-absent,True,False,60.0,focused-invented-vpn,2026-08-30T20:39:48.206678+00:00,404,202,
kuvivpn.com,registry-absent,True,False,60.0,focused-invented-vpn,2026-08-30T20:39:48.399707+00:00,404,268,
kuvovpn.com,registry-absent,True,False,60.0,focused-invented-vpn,2026-08-30T20:39:48.534343+00:00,404,281,
kuzavpn.com,registered,False,True,60.0,focused-invented-vpn,2026-08-30T20:39:48.580449+00:00,200,202,
kuzovpn.com,registry-absent,True,False,60.0,focused-invented-vpn,2026-08-30T20:39:48.705829+00:00,404,201,
lalavpn.com,registry-absent,True,False,60.0,focused-invented-vpn,2026-08-30T20:39:48.861547+00:00,404,231,
lalovpn.com,registry-absent,True,False,60.0,focused-invented-vpn,2026-08-30T20:39:48.992315+00:00,404,239,
lanavpn.com,registry-absent,True,False,60.0,focused-invented-vpn,2026-08-30T20:39:49.085458+00:00,404,206,
lanovpn.com,registry-absent,True,False,60.0,focused-invented-vpn,2026-08-30T20:39:49.217904+00:00,404,214,
laravpn.com,registered,False,True,60.0,focused-invented-vpn,2026-08-30T20:39:49.390379+00:00,200,260,
larivpn.com,registry-absent,True,False,60.0,focused-invented-vpn,2026-08-30T20:39:49.517138+00:00,404,263,
larovpn.com,registry-absent,True,False,60.0,focused-invented-vpn,2026-08-30T20:39:49.578689+00:00,404,197,
lavavpn.com,registered,False,True,60.0,focused-invented-vpn,2026-08-30T20:39:49.707041+00:00,200,201,
lavivpn.com,registry-absent,True,False,60.0,focused-invented-vpn,2026-08-30T20:39:49.912167+00:00,404,281,
lavovpn.com,registry-absent,True,False,60.0,focused-invented-vpn,2026-08-30T20:39:50.040918+00:00,404,287,
lazavpn.com,registry-absent,True,False,60.0,focused-invented-vpn,2026-08-30T20:39:50.106255+00:00,404,227,
lazovpn.com,registry-absent,True,False,60.0,focused-invented-vpn,2026-08-30T20:39:50.205917+00:00,404,200,
lelavpn.com,registry-absent,True,False,60.0,focused-invented-vpn,2026-08-30T20:39:50.328918+00:00,404,200,
lelovpn.com,registry-absent,True,False,60.0,focused-invented-vpn,2026-08-30T20:39:50.498532+00:00,404,247,
lenavpn.com,registered,False,True,60.0,focused-invented-vpn,2026-08-30T20:39:50.628590+00:00,200,252,
lenovpn.com,registry-absent,True,False,60.0,focused-invented-vpn,2026-08-30T20:39:50.702829+00:00,404,198,
leravpn.com,registry-absent,True,False,60.0,focused-invented-vpn,2026-08-30T20:39:50.824641+00:00,404,196,
lerivpn.com,registry-absent,True,False,60.0,focused-invented-vpn,2026-08-30T20:39:51.023253+00:00,404,270,
lerovpn.com,registry-absent,True,False,60.0,focused-invented-vpn,2026-08-30T20:39:51.151797+00:00,404,272,
levavpn.com,registry-absent,True,False,60.0,focused-invented-vpn,2026-08-30T20:39:51.202374+00:00,404,199,
levivpn.com,registry-absent,True,False,60.0,focused-invented-vpn,2026-08-30T20:39:51.483992+00:00,404,356,
levovpn.com,registry-absent,True,False,60.0,focused-invented-vpn,2026-08-30T20:39:51.541982+00:00,404,286,
lezavpn.com,registry-absent,True,False,60.0,focused-invented-vpn,2026-08-30T20:39:51.617155+00:00,404,237,
lezovpn.com,registry-absent,True,False,60.0,focused-invented-vpn,2026-08-30T20:39:51.704755+00:00,404,201,
lilavpn.com,registry-absent,True,False,60.0,focused-invented-vpn,2026-08-30T20:39:51.829664+00:00,404,200,
lilovpn.com,registry-absent,True,False,60.0,focused-invented-vpn,2026-08-30T20:39:52.008009+00:00,404,254,
linavpn.com,registry-absent,True,False,60.0,focused-invented-vpn,2026-08-30T20:39:52.141994+00:00,404,260,
linovpn.com,registry-absent,True,False,60.0,focused-invented-vpn,2026-08-30T20:39:52.202226+00:00,404,198,
lirivpn.com,registry-absent,True,False,60.0,focused-invented-vpn,2026-08-30T20:39:52.835813+00:00,404,707,
lirovpn.com,registry-absent,True,False,60.0,focused-invented-vpn,2026-08-30T20:39:52.531224+00:00,404,279,
livavpn.com,registry-absent,True,False,60.0,focused-invented-vpn,2026-08-30T20:39:52.663414+00:00,404,286,
livivpn.com,registry-absent,True,False,60.0,focused-invented-vpn,2026-08-30T20:39:53.261709+00:00,404,756,
livovpn.com,registry-absent,True,False,60.0,focused-invented-vpn,2026-08-30T20:39:52.821606+00:00,404,193,
lizavpn.com,registered,False,True,60.0,focused-invented-vpn,2026-08-30T20:39:52.963792+00:00,200,209,
lizovpn.com,registry-absent,True,False,60.0,focused-invented-vpn,2026-08-30T20:39:53.121869+00:00,404,242,
lolavpn.com,registered,False,True,60.0,focused-invented-vpn,2026-08-30T20:39:53.316162+00:00,200,313,
lolovpn.com,registry-absent,True,False,60.0,focused-invented-vpn,2026-08-30T20:39:53.836866+00:00,404,705,
lonavpn.com,registered,False,True,60.0,focused-invented-vpn,2026-08-30T20:39:53.451345+00:00,200,197,
lonovpn.com,registry-absent,True,False,60.0,focused-invented-vpn,2026-08-30T20:39:53.653620+00:00,404,275,
loravpn.com,registered,False,True,60.0,focused-invented-vpn,2026-08-30T20:39:53.771985+00:00,200,259,
lorivpn.com,registered,False,True,60.0,focused-invented-vpn,2026-08-30T20:39:53.844253+00:00,200,211,
lorovpn.com,registry-absent,True,False,60.0,focused-invented-vpn,2026-08-30T20:39:53.956686+00:00,404,200,
lovavpn.com,registry-absent,True,False,60.0,focused-invented-vpn,2026-08-30T20:39:54.162833+00:00,404,283,
lovivpn.com,registry-absent,True,False,60.0,focused-invented-vpn,2026-08-30T20:39:54.236122+00:00,404,233,
lovovpn.com,registry-absent,True,False,60.0,focused-invented-vpn,2026-08-30T20:39:54.329919+00:00,404,199,
lozavpn.com,registry-absent,True,False,60.0,focused-invented-vpn,2026-08-30T20:39:54.455345+00:00,404,202,
lozovpn.com,registry-absent,True,False,60.0,focused-invented-vpn,2026-08-30T20:39:54.628816+00:00,404,249,
lulavpn.com,registry-absent,True,False,60.0,focused-invented-vpn,2026-08-30T20:39:54.775388+00:00,404,271,
lulovpn.com,registry-absent,True,False,60.0,focused-invented-vpn,2026-08-30T20:39:54.842918+00:00,404,212,
lunavpn.com,registered,False,True,60.0,focused-invented-vpn,2026-08-30T20:39:54.959143+00:00,200,204,
lunovpn.com,registered,False,True,60.0,focused-invented-vpn,2026-08-30T20:39:55.157751+00:00,200,278,
luravpn.com,registered,False,True,60.0,focused-invented-vpn,2026-08-30T20:39:55.297730+00:00,200,292,
lurivpn.com,registry-absent,True,False,60.0,focused-invented-vpn,2026-08-30T20:39:55.364974+00:00,404,235,
lurovpn.com,registered,False,True,60.0,focused-invented-vpn,2026-08-30T20:39:55.457539+00:00,200,201,
luvavpn.com,registry-absent,True,False,60.0,focused-invented-vpn,2026-08-30T20:39:55.583020+00:00,404,203,
luvivpn.com,registry-absent,True,False,60.0,focused-invented-vpn,2026-08-30T20:39:55.743275+00:00,404,239,
luvovpn.com,registry-absent,True,False,60.0,focused-invented-vpn,2026-08-30T20:39:55.873941+00:00,404,246,
luzavpn.com,registry-absent,True,False,60.0,focused-invented-vpn,2026-08-30T20:39:55.954724+00:00,404,202,
luzovpn.com,registry-absent,True,False,60.0,focused-invented-vpn,2026-08-30T20:39:56.201833+00:00,404,323,
malavpn.com,registry-absent,True,False,60.0,focused-invented-vpn,2026-08-30T20:39:56.855736+00:00,404,850,
malovpn.com,registry-absent,True,False,60.0,focused-invented-vpn,2026-08-30T20:39:56.401753+00:00,404,273,
manavpn.com,registered,False,True,60.0,focused-invented-vpn,2026-08-30T20:39:56.471410+00:00,200,216,
manovpn.com,registered,False,True,60.0,focused-invented-vpn,2026-08-30T20:39:56.578900+00:00,200,202,
maravpn.com,registry-absent,True,False,60.0,focused-invented-vpn,2026-08-30T20:39:56.795754+00:00,404,293,
marivpn.com,registry-absent,True,False,60.0,focused-invented-vpn,2026-08-30T20:39:56.863440+00:00,404,235,
marovpn.com,registry-absent,True,False,60.0,focused-invented-vpn,2026-08-30T20:39:56.962116+00:00,404,208,
mavavpn.com,registry-absent,True,False,60.0,focused-invented-vpn,2026-08-30T20:39:57.083462+00:00,404,205,
mavivpn.com,registry-absent,True,False,60.0,focused-invented-vpn,2026-08-30T20:39:57.250694+00:00,404,248,
mavovpn.com,registry-absent,True,False,60.0,focused-invented-vpn,2026-08-30T20:39:57.386251+00:00,404,256,
mazavpn.com,registered,False,True,60.0,focused-invented-vpn,2026-08-30T20:39:57.453216+00:00,200,201,
mazovpn.com,registry-absent,True,False,60.0,focused-invented-vpn,2026-08-30T20:39:57.587663+00:00,404,208,
melavpn.com,registry-absent,True,False,60.0,focused-invented-vpn,2026-08-30T20:39:57.774271+00:00,404,269,
melovpn.com,registered,False,True,60.0,focused-invented-vpn,2026-08-30T20:39:57.913792+00:00,200,285,
menavpn.com,registered,False,True,60.0,focused-invented-vpn,2026-08-30T20:39:57.972999+00:00,200,219,
menovpn.com,registry-absent,True,False,60.0,focused-invented-vpn,2026-08-30T20:39:58.080805+00:00,404,202,
meravpn.com,registered,False,True,60.0,focused-invented-vpn,2026-08-30T20:39:58.204558+00:00,200,200,
merivpn.com,registry-absent,True,False,60.0,focused-invented-vpn,2026-08-30T20:39:58.363879+00:00,404,232,
merovpn.com,registered,False,True,60.0,focused-invented-vpn,2026-08-30T20:39:58.493106+00:00,200,237,
mevavpn.com,registry-absent,True,False,60.0,focused-invented-vpn,2026-08-30T20:39:58.583354+00:00,404,204,
mevivpn.com,registry-absent,True,False,60.0,focused-invented-vpn,2026-08-30T20:39:58.706126+00:00,404,202,
mevovpn.com,registry-absent,True,False,60.0,focused-invented-vpn,2026-08-30T20:39:58.888954+00:00,404,259,
mezavpn.com,registry-absent,True,False,60.0,focused-invented-vpn,2026-08-30T20:39:59.017320+00:00,404,261,
mezovpn.com,registry-absent,True,False,60.0,focused-invented-vpn,2026-08-30T20:39:59.086173+00:00,404,207,
milavpn.com,registry-absent,True,False,60.0,focused-invented-vpn,2026-08-30T20:39:59.208456+00:00,404,206,
milovpn.com,registry-absent,True,False,60.0,focused-invented-vpn,2026-08-30T20:39:59.413551+00:00,404,277,
minavpn.com,registry-absent,True,False,60.0,focused-invented-vpn,2026-08-30T20:39:59.543909+00:00,404,290,
minovpn.com,registry-absent,True,False,60.0,focused-invented-vpn,2026-08-30T20:39:59.585671+00:00,404,205,
mirivpn.com,registry-absent,True,False,60.0,focused-invented-vpn,2026-08-30T20:39:59.704939+00:00,404,199,
mivavpn.com,registry-absent,True,False,60.0,focused-invented-vpn,2026-08-30T20:39:59.873098+00:00,404,244,
mivivpn.com,registry-absent,True,False,60.0,focused-invented-vpn,2026-08-30T20:40:00.004501+00:00,404,251,
mivovpn.com,registry-absent,True,False,60.0,focused-invented-vpn,2026-08-30T20:40:00.085673+00:00,404,205,
mizavpn.com,registry-absent,True,False,60.0,focused-invented-vpn,2026-08-30T20:40:00.215602+00:00,404,209,
mizovpn.com,registry-absent,True,False,60.0,focused-invented-vpn,2026-08-30T20:40:00.396675+00:00,404,268,
molavpn.com,registry-absent,True,False,60.0,focused-invented-vpn,2026-08-30T20:40:00.529374+00:00,404,274,
molovpn.com,registry-absent,True,False,60.0,focused-invented-vpn,2026-08-30T20:40:00.598025+00:00,404,218,
monavpn.com,registry-absent,True,False,60.0,focused-invented-vpn,2026-08-30T20:40:00.705996+00:00,404,202,
monovpn.com,registered,False,True,60.0,focused-invented-vpn,2026-08-30T20:40:00.833998+00:00,200,204,
moravpn.com,registry-absent,True,False,60.0,focused-invented-vpn,2026-08-30T20:40:00.986916+00:00,404,232,
morivpn.com,registered,False,True,60.0,focused-invented-vpn,2026-08-30T20:40:01.117105+00:00,200,238,
morovpn.com,registered,False,True,60.0,focused-invented-vpn,2026-08-30T20:40:01.208081+00:00,200,201,
movavpn.com,registered,False,True,60.0,focused-invented-vpn,2026-08-30T20:40:01.332604+00:00,200,203,
movivpn.com,registry-absent,True,False,60.0,focused-invented-vpn,2026-08-30T20:40:01.509113+00:00,404,253,
movovpn.com,registry-absent,True,False,60.0,focused-invented-vpn,2026-08-30T20:40:01.641603+00:00,404,262,
mozavpn.com,registry-absent,True,False,60.0,focused-invented-vpn,2026-08-30T20:40:01.702779+00:00,404,199,
mozovpn.com,registry-absent,True,False,60.0,focused-invented-vpn,2026-08-30T20:40:01.834307+00:00,404,205,
mulavpn.com,registry-absent,True,False,60.0,focused-invented-vpn,2026-08-30T20:40:02.035311+00:00,404,279,
mulovpn.com,registry-absent,True,False,60.0,focused-invented-vpn,2026-08-30T20:40:02.167359+00:00,404,288,
munavpn.com,registry-absent,True,False,60.0,focused-invented-vpn,2026-08-30T20:40:02.205389+00:00,404,200,
munovpn.com,registered,False,True,60.0,focused-invented-vpn,2026-08-30T20:40:02.332158+00:00,200,201,
muravpn.com,registry-absent,True,False,60.0,focused-invented-vpn,2026-08-30T20:40:02.495682+00:00,404,240,
murivpn.com,registry-absent,True,False,60.0,focused-invented-vpn,2026-08-30T20:40:02.627829+00:00,404,249,
murovpn.com,registry-absent,True,False,60.0,focused-invented-vpn,2026-08-30T20:40:02.704955+00:00,404,201,
muvavpn.com,registry-absent,True,False,60.0,focused-invented-vpn,2026-08-30T20:40:02.826818+00:00,404,198,
muvivpn.com,registry-absent,True,False,60.0,focused-invented-vpn,2026-08-30T20:40:03.017173+00:00,404,263,
muvovpn.com,registry-absent,True,False,60.0,focused-invented-vpn,2026-08-30T20:40:03.148348+00:00,404,270,
muzavpn.com,registry-absent,True,False,60.0,focused-invented-vpn,2026-08-30T20:40:03.210801+00:00,404,206,
muzovpn.com,registry-absent,True,False,60.0,focused-invented-vpn,2026-08-30T20:40:03.836615+00:00,404,706,
nalavpn.com,registry-absent,True,False,60.0,focused-invented-vpn,2026-08-30T20:40:03.541583+00:00,404,285,
nalovpn.com,registry-absent,True,False,60.0,focused-invented-vpn,2026-08-30T20:40:03.606517+00:00,404,228,
nanavpn.com,registered,False,True,60.0,focused-invented-vpn,2026-08-30T20:40:03.736542+00:00,200,230,
nanovpn.com,registered,False,True,60.0,focused-invented-vpn,2026-08-30T20:40:03.833329+00:00,200,204,
naravpn.com,registered,False,True,60.0,focused-invented-vpn,2026-08-30T20:40:03.954483+00:00,200,202,
narivpn.com,registry-absent,True,False,60.0,focused-invented-vpn,2026-08-30T20:40:04.133653+00:00,404,252,
narovpn.com,registry-absent,True,False,60.0,focused-invented-vpn,2026-08-30T20:40:04.256373+00:00,404,250,
navavpn.com,registered,False,True,60.0,focused-invented-vpn,2026-08-30T20:40:04.332113+00:00,200,201,
nazavpn.com,registry-absent,True,False,60.0,focused-invented-vpn,2026-08-30T20:40:04.456174+00:00,404,199,
nazovpn.com,registry-absent,True,False,60.0,focused-invented-vpn,2026-08-30T20:40:04.654632+00:00,404,273,
nelavpn.com,registry-absent,True,False,60.0,focused-invented-vpn,2026-08-30T20:40:04.783106+00:00,404,279,
nelovpn.com,registered,False,True,60.0,focused-invented-vpn,2026-08-30T20:40:04.827061+00:00,200,198,
nenavpn.com,registry-absent,True,False,60.0,focused-invented-vpn,2026-08-30T20:40:04.950766+00:00,404,198,
nenovpn.com,registry-absent,True,False,60.0,focused-invented-vpn,2026-08-30T20:40:05.114300+00:00,404,237,
neravpn.com,registered,False,True,60.0,focused-invented-vpn,2026-08-30T20:40:05.248382+00:00,200,242,
nerivpn.com,registry-absent,True,False,60.0,focused-invented-vpn,2026-08-30T20:40:05.331459+00:00,404,200,
nerovpn.com,registered,False,True,60.0,focused-invented-vpn,2026-08-30T20:40:05.518156+00:00,200,262,
nevivpn.com,registry-absent,True,False,60.0,focused-invented-vpn,2026-08-30T20:40:05.639383+00:00,404,258,
nezavpn.com,registry-absent,True,False,60.0,focused-invented-vpn,2026-08-30T20:40:05.773682+00:00,404,270,
nezovpn.com,registry-absent,True,False,60.0,focused-invented-vpn,2026-08-30T20:40:05.890261+00:00,404,260,
nilavpn.com,registry-absent,True,False,60.0,focused-invented-vpn,2026-08-30T20:40:06.465353+00:00,404,709,
nilovpn.com,registry-absent,True,False,60.0,focused-invented-vpn,2026-08-30T20:40:06.162987+00:00,404,281,
ninavpn.com,registered,False,True,60.0,focused-invented-vpn,2026-08-30T20:40:06.297104+00:00,200,291,
ninovpn.com,registry-absent,True,False,60.0,focused-invented-vpn,2026-08-30T20:40:06.354835+00:00,404,225,
niravpn.com,registry-absent,True,False,60.0,focused-invented-vpn,2026-08-30T20:40:06.458352+00:00,404,203,
nirivpn.com,registry-absent,True,False,60.0,focused-invented-vpn,2026-08-30T20:40:06.577320+00:00,404,199,
nirovpn.com,registered,False,True,60.0,focused-invented-vpn,2026-08-30T20:40:06.753237+00:00,200,249,
nivavpn.com,registered,False,True,60.0,focused-invented-vpn,2026-08-30T20:40:06.877219+00:00,200,246,
nivivpn.com,registry-absent,True,False,60.0,focused-invented-vpn,2026-08-30T20:40:06.956029+00:00,404,200,
nizavpn.com,registry-absent,True,False,60.0,focused-invented-vpn,2026-08-30T20:40:07.081059+00:00,404,200,
nizovpn.com,registry-absent,True,False,60.0,focused-invented-vpn,2026-08-30T20:40:07.286319+00:00,404,283,
nolavpn.com,registered,False,True,60.0,focused-invented-vpn,2026-08-30T20:40:07.401435+00:00,200,273,
nolovpn.com,registry-absent,True,False,60.0,focused-invented-vpn,2026-08-30T20:40:07.456372+00:00,404,200,
nonavpn.com,registry-absent,True,False,60.0,focused-invented-vpn,2026-08-30T20:40:07.594745+00:00,404,213,
nonovpn.com,registered,False,True,60.0,focused-invented-vpn,2026-08-30T20:40:07.803986+00:00,200,298,
norivpn.com,registered,False,True,60.0,focused-invented-vpn,2026-08-30T20:40:07.877297+00:00,200,247,
norovpn.com,registry-absent,True,False,60.0,focused-invented-vpn,2026-08-30T20:40:07.952184+00:00,404,198,
novovpn.com,registered,False,True,60.0,focused-invented-vpn,2026-08-30T20:40:08.083391+00:00,200,203,
nozavpn.com,registered,False,True,60.0,focused-invented-vpn,2026-08-30T20:40:08.261691+00:00,200,259,
nozovpn.com,registry-absent,True,False,60.0,focused-invented-vpn,2026-08-30T20:40:08.393985+00:00,404,262,
nulavpn.com,registry-absent,True,False,60.0,focused-invented-vpn,2026-08-30T20:40:08.451279+00:00,404,198,
nulovpn.com,registry-absent,True,False,60.0,focused-invented-vpn,2026-08-30T20:40:08.576077+00:00,404,197,
nunavpn.com,registry-absent,True,False,60.0,focused-invented-vpn,2026-08-30T20:40:08.785775+00:00,404,279,
nunovpn.com,registry-absent,True,False,60.0,focused-invented-vpn,2026-08-30T20:40:08.912102+00:00,404,282,
nuravpn.com,registered,False,True,60.0,focused-invented-vpn,2026-08-30T20:40:08.975001+00:00,200,219,
nurivpn.com,registry-absent,True,False,60.0,focused-invented-vpn,2026-08-30T20:40:09.083876+00:00,404,204,
nurovpn.com,registry-absent,True,False,60.0,focused-invented-vpn,2026-08-30T20:40:09.207858+00:00,404,201,
nuvavpn.com,registry-absent,True,False,60.0,focused-invented-vpn,2026-08-30T20:40:09.374757+00:00,404,243,
nuvivpn.com,registry-absent,True,False,60.0,focused-invented-vpn,2026-08-30T20:40:09.511013+00:00,404,256,
nuvovpn.com,registered,False,True,60.0,focused-invented-vpn,2026-08-30T20:40:09.586180+00:00,200,205,
nuzavpn.com,registry-absent,True,False,60.0,focused-invented-vpn,2026-08-30T20:40:10.207219+00:00,404,701,
nuzovpn.com,registry-absent,True,False,60.0,focused-invented-vpn,2026-08-30T20:40:09.945608+00:00,404,314,
palavpn.com,registry-absent,True,False,60.0,focused-invented-vpn,2026-08-30T20:40:10.149439+00:00,404,395,
palovpn.com,registry-absent,True,False,60.0,focused-invented-vpn,2026-08-30T20:40:10.360018+00:00,404,479,
panavpn.com,registered,False,True,60.0,focused-invented-vpn,2026-08-30T20:40:10.497100+00:00,200,493,
panovpn.com,registry-absent,True,False,60.0,focused-invented-vpn,2026-08-30T20:40:10.497460+00:00,404,369,
paravpn.com,registered,False,True,60.0,focused-invented-vpn,2026-08-30T20:40:10.780492+00:00,200,527,
parivpn.com,registry-absent,True,False,60.0,focused-invented-vpn,2026-08-30T20:40:10.780041+00:00,404,400,
parovpn.com,registry-absent,True,False,60.0,focused-invented-vpn,2026-08-30T20:40:10.891147+00:00,404,387,
pavavpn.com,registry-absent,True,False,60.0,focused-invented-vpn,2026-08-30T20:40:11.060782+00:00,404,430,
pavivpn.com,registry-absent,True,False,60.0,focused-invented-vpn,2026-08-30T20:40:11.127076+00:00,404,370,
pazavpn.com,registry-absent,True,False,60.0,focused-invented-vpn,2026-08-30T20:40:11.196661+00:00,404,317,
pazovpn.com,registry-absent,True,False,60.0,focused-invented-vpn,2026-08-30T20:40:11.254599+00:00,404,250,
pelavpn.com,registry-absent,True,False,60.0,focused-invented-vpn,2026-08-30T20:40:11.407423+00:00,404,276,
pelovpn.com,registry-absent,True,False,60.0,focused-invented-vpn,2026-08-30T20:40:11.759513+00:00,404,503,
penavpn.com,registry-absent,True,False,60.0,focused-invented-vpn,2026-08-30T20:40:11.826208+00:00,404,447,
penovpn.com,registry-absent,True,False,60.0,focused-invented-vpn,2026-08-30T20:40:11.931890+00:00,404,430,
peravpn.com,registered,False,True,60.0,focused-invented-vpn,2026-08-30T20:40:12.110138+00:00,200,480,
perivpn.com,registry-absent,True,False,60.0,focused-invented-vpn,2026-08-30T20:40:12.109484+00:00,404,355,
perovpn.com,registry-absent,True,False,60.0,focused-invented-vpn,2026-08-30T20:40:12.243193+00:00,404,362,
pevavpn.com,registry-absent,True,False,60.0,focused-invented-vpn,2026-08-30T20:40:12.299343+00:00,404,296,
pevivpn.com,registry-absent,True,False,60.0,focused-invented-vpn,2026-08-30T20:40:12.330072+00:00,404,201,
pevovpn.com,registry-absent,True,False,60.0,focused-invented-vpn,2026-08-30T20:40:12.632577+00:00,404,376,
pezavpn.com,registry-absent,True,False,60.0,focused-invented-vpn,2026-08-30T20:40:12.873131+00:00,404,492,
pezovpn.com,registry-absent,True,False,60.0,focused-invented-vpn,2026-08-30T20:40:12.984701+00:00,404,478,
pilavpn.com,registry-absent,True,False,60.0,focused-invented-vpn,2026-08-30T20:40:12.981413+00:00,404,353,
pilovpn.com,registry-absent,True,False,60.0,focused-invented-vpn,2026-08-30T20:40:13.153705+00:00,404,402,
pinavpn.com,registered,False,True,60.0,focused-invented-vpn,2026-08-30T20:40:13.221141+00:00,200,342,
pinovpn.com,registry-absent,True,False,60.0,focused-invented-vpn,2026-08-30T20:40:13.290932+00:00,404,287,
piravpn.com,registry-absent,True,False,60.0,focused-invented-vpn,2026-08-30T20:40:13.349735+00:00,404,218,
pirivpn.com,registry-absent,True,False,60.0,focused-invented-vpn,2026-08-30T20:40:13.502472+00:00,404,246,
pirovpn.com,registry-absent,True,False,60.0,focused-invented-vpn,2026-08-30T20:40:13.859368+00:00,404,481,
pivavpn.com,registry-absent,True,False,60.0,focused-invented-vpn,2026-08-30T20:40:13.924686+00:00,404,418,
pivivpn.com,registry-absent,True,False,60.0,focused-invented-vpn,2026-08-30T20:40:14.027732+00:00,404,398,
pivovpn.com,registered,False,True,60.0,focused-invented-vpn,2026-08-30T20:40:14.206429+00:00,200,450,
pizavpn.com,registry-absent,True,False,60.0,focused-invented-vpn,2026-08-30T20:40:14.324881+00:00,404,446,
pizovpn.com,registry-absent,True,False,60.0,focused-invented-vpn,2026-08-30T20:40:14.391256+00:00,404,388,
polavpn.com,registry-absent,True,False,60.0,focused-invented-vpn,2026-08-30T20:40:14.458219+00:00,404,329,
polovpn.com,registered,False,True,60.0,focused-invented-vpn,2026-08-30T20:40:14.551996+00:00,200,296,
ponavpn.com,registry-absent,True,False,60.0,focused-invented-vpn,2026-08-30T20:40:14.679816+00:00,404,301,
ponovpn.com,registry-absent,True,False,60.0,focused-invented-vpn,2026-08-30T20:40:14.933289+00:00,404,429,
poravpn.com,registry-absent,True,False,60.0,focused-invented-vpn,2026-08-30T20:40:15.075965+00:00,404,446,
porivpn.com,registry-absent,True,False,60.0,focused-invented-vpn,2026-08-30T20:40:15.203442+00:00,404,449,
porovpn.com,registry-absent,True,False,60.0,focused-invented-vpn,2026-08-30T20:40:15.330387+00:00,404,449,
povavpn.com,registry-absent,True,False,60.0,focused-invented-vpn,2026-08-30T20:40:15.409233+00:00,404,403,
povivpn.com,registry-absent,True,False,60.0,focused-invented-vpn,2026-08-30T20:40:15.501819+00:00,404,374,
povovpn.com,registry-absent,True,False,60.0,focused-invented-vpn,2026-08-30T20:40:15.601402+00:00,404,345,
pozavpn.com,registry-absent,True,False,60.0,focused-invented-vpn,2026-08-30T20:40:15.727502+00:00,404,351,
pozovpn.com,registry-absent,True,False,60.0,focused-invented-vpn,2026-08-30T20:40:15.855933+00:00,404,353,
pulavpn.com,registry-absent,True,False,60.0,focused-invented-vpn,2026-08-30T20:40:15.978572+00:00,404,351,
pulovpn.com,registry-absent,True,False,60.0,focused-invented-vpn,2026-08-30T20:40:16.124353+00:00,404,371,
punavpn.com,registry-absent,True,False,60.0,focused-invented-vpn,2026-08-30T20:40:16.252443+00:00,404,371,
punovpn.com,registry-absent,True,False,60.0,focused-invented-vpn,2026-08-30T20:40:16.884751+00:00,404,879,
puravpn.com,registered,False,True,60.0,focused-invented-vpn,2026-08-30T20:40:16.447554+00:00,200,319,
purivpn.com,registered,False,True,60.0,focused-invented-vpn,2026-08-30T20:40:16.516010+00:00,200,260,
purovpn.com,registered,False,True,60.0,focused-invented-vpn,2026-08-30T20:40:16.717355+00:00,200,335,
puvavpn.com,registry-absent,True,False,60.0,focused-invented-vpn,2026-08-30T20:40:16.783678+00:00,404,280,
puvivpn.com,registry-absent,True,False,60.0,focused-invented-vpn,2026-08-30T20:40:16.850532+00:00,404,221,
puvovpn.com,registry-absent,True,False,60.0,focused-invented-vpn,2026-08-30T20:40:16.954990+00:00,404,198,
puzavpn.com,registry-absent,True,False,60.0,focused-invented-vpn,2026-08-30T20:40:17.078837+00:00,404,197,
puzovpn.com,registry-absent,True,False,60.0,focused-invented-vpn,2026-08-30T20:40:17.303960+00:00,404,298,
ralavpn.com,registry-absent,True,False,60.0,focused-invented-vpn,2026-08-30T20:40:17.364490+00:00,404,235,
ralovpn.com,registry-absent,True,False,60.0,focused-invented-vpn,2026-08-30T20:40:17.450708+00:00,404,197,
ranavpn.com,registry-absent,True,False,60.0,focused-invented-vpn,2026-08-30T20:40:17.587435+00:00,404,208,
ranovpn.com,registry-absent,True,False,60.0,focused-invented-vpn,2026-08-30T20:40:17.762679+00:00,404,258,
raravpn.com,registry-absent,True,False,60.0,focused-invented-vpn,2026-08-30T20:40:17.896243+00:00,404,267,
rarivpn.com,registry-absent,True,False,60.0,focused-invented-vpn,2026-08-30T20:40:17.959782+00:00,404,204,
rarovpn.com,registry-absent,True,False,60.0,focused-invented-vpn,2026-08-30T20:40:18.078354+00:00,404,200,
ravavpn.com,registry-absent,True,False,60.0,focused-invented-vpn,2026-08-30T20:40:18.297372+00:00,404,290,
ravivpn.com,registry-absent,True,False,60.0,focused-invented-vpn,2026-08-30T20:40:18.414415+00:00,404,285,
razavpn.com,registry-absent,True,False,60.0,focused-invented-vpn,2026-08-30T20:40:18.453924+00:00,404,198,
razovpn.com,registry-absent,True,False,60.0,focused-invented-vpn,2026-08-30T20:40:18.577310+00:00,404,199,
relavpn.com,registry-absent,True,False,60.0,focused-invented-vpn,2026-08-30T20:40:18.746958+00:00,404,243,
relovpn.com,registry-absent,True,False,60.0,focused-invented-vpn,2026-08-30T20:40:18.878255+00:00,404,248,
renavpn.com,registry-absent,True,False,60.0,focused-invented-vpn,2026-08-30T20:40:18.951069+00:00,404,198,
renovpn.com,registered,False,True,60.0,focused-invented-vpn,2026-08-30T20:40:19.077475+00:00,200,197,
reravpn.com,registry-absent,True,False,60.0,focused-invented-vpn,2026-08-30T20:40:19.272794+00:00,404,266,
rerivpn.com,registry-absent,True,False,60.0,focused-invented-vpn,2026-08-30T20:40:19.405628+00:00,404,277,
rerovpn.com,registry-absent,True,False,60.0,focused-invented-vpn,2026-08-30T20:40:19.473073+00:00,404,217,
revavpn.com,registry-absent,True,False,60.0,focused-invented-vpn,2026-08-30T20:40:19.581139+00:00,404,199,
revivpn.com,registry-absent,True,False,60.0,focused-invented-vpn,2026-08-30T20:40:19.705223+00:00,404,199,
revovpn.com,registered,False,True,60.0,focused-invented-vpn,2026-08-30T20:40:20.392241+00:00,200,763,
rezavpn.com,registry-absent,True,False,60.0,focused-invented-vpn,2026-08-30T20:40:19.993030+00:00,404,239,
rezovpn.com,registry-absent,True,False,60.0,focused-invented-vpn,2026-08-30T20:40:20.081518+00:00,404,200,
rilavpn.com,registry-absent,True,False,60.0,focused-invented-vpn,2026-08-30T20:40:20.206841+00:00,404,202,
rilovpn.com,registry-absent,True,False,60.0,focused-invented-vpn,2026-08-30T20:40:20.392021+00:00,404,260,
rinavpn.com,registry-absent,True,False,60.0,focused-invented-vpn,2026-08-30T20:40:20.573121+00:00,404,316,
rinovpn.com,registry-absent,True,False,60.0,focused-invented-vpn,2026-08-30T20:40:20.578773+00:00,404,200,
riravpn.com,registry-absent,True,False,60.0,focused-invented-vpn,2026-08-30T20:40:20.710223+00:00,404,206,
ririvpn.com,registry-absent,True,False,60.0,focused-invented-vpn,2026-08-30T20:40:20.908716+00:00,404,279,
rirovpn.com,registry-absent,True,False,60.0,focused-invented-vpn,2026-08-30T20:40:21.729239+00:00,404,973,
rivivpn.com,registry-absent,True,False,60.0,focused-invented-vpn,2026-08-30T20:40:21.078492+00:00,404,200,
rizavpn.com,registry-absent,True,False,60.0,focused-invented-vpn,2026-08-30T20:40:21.202176+00:00,404,199,
rizovpn.com,registry-absent,True,False,60.0,focused-invented-vpn,2026-08-30T20:40:21.368441+00:00,404,238,
rolavpn.com,registry-absent,True,False,60.0,focused-invented-vpn,2026-08-30T20:40:21.498670+00:00,404,244,
rolovpn.com,registry-absent,True,False,60.0,focused-invented-vpn,2026-08-30T20:40:22.089588+00:00,404,711,
ronavpn.com,registry-absent,True,False,60.0,focused-invented-vpn,2026-08-30T20:40:21.764548+00:00,404,261,
ronovpn.com,registry-absent,True,False,60.0,focused-invented-vpn,2026-08-30T20:40:21.957866+00:00,404,330,
roravpn.com,registry-absent,True,False,60.0,focused-invented-vpn,2026-08-30T20:40:22.025761+00:00,404,272,
rorivpn.com,registry-absent,True,False,60.0,focused-invented-vpn,2026-08-30T20:40:22.081651+00:00,404,201,
rorovpn.com,registered,False,True,60.0,focused-invented-vpn,2026-08-30T20:40:22.199626+00:00,200,196,
rovivpn.com,registry-absent,True,False,60.0,focused-invented-vpn,2026-08-30T20:40:22.416439+00:00,404,287,
rovovpn.com,registry-absent,True,False,60.0,focused-invented-vpn,2026-08-30T20:40:22.546339+00:00,404,290,
rozavpn.com,registry-absent,True,False,60.0,focused-invented-vpn,2026-08-30T20:40:22.611741+00:00,404,232,
rozovpn.com,registry-absent,True,False,60.0,focused-invented-vpn,2026-08-30T20:40:22.708655+00:00,404,203,
rulavpn.com,registry-absent,True,False,60.0,focused-invented-vpn,2026-08-30T20:40:23.339991+00:00,404,712,
rulovpn.com,registry-absent,True,False,60.0,focused-invented-vpn,2026-08-30T20:40:23.068667+00:00,404,313,
runavpn.com,registered,False,True,60.0,focused-invented-vpn,2026-08-30T20:40:23.132861+00:00,200,255,
runovpn.com,registry-absent,True,False,60.0,focused-invented-vpn,2026-08-30T20:40:23.205294+00:00,404,201,
ruravpn.com,registry-absent,True,False,60.0,focused-invented-vpn,2026-08-30T20:40:23.465829+00:00,404,336,
rurivpn.com,registry-absent,True,False,60.0,focused-invented-vpn,2026-08-30T20:40:23.531026+00:00,404,275,
rurovpn.com,registry-absent,True,False,60.0,focused-invented-vpn,2026-08-30T20:40:23.654772+00:00,404,274,
ruvavpn.com,registry-absent,True,False,60.0,focused-invented-vpn,2026-08-30T20:40:23.703058+00:00,404,199,
ruvivpn.com,registry-absent,True,False,60.0,focused-invented-vpn,2026-08-30T20:40:24.336010+00:00,404,706,
ruvovpn.com,registry-absent,True,False,60.0,focused-invented-vpn,2026-08-30T20:40:23.988877+00:00,404,234,
ruzavpn.com,registry-absent,True,False,60.0,focused-invented-vpn,2026-08-30T20:40:24.121812+00:00,404,242,
ruzovpn.com,registry-absent,True,False,60.0,focused-invented-vpn,2026-08-30T20:40:24.207183+00:00,404,203,
salavpn.com,registry-absent,True,False,60.0,focused-invented-vpn,2026-08-30T20:40:24.327484+00:00,404,197,
salovpn.com,registered,False,True,60.0,focused-invented-vpn,2026-08-30T20:40:24.514954+00:00,200,258,
sanavpn.com,registry-absent,True,False,60.0,focused-invented-vpn,2026-08-30T20:40:24.656837+00:00,404,278,
sanovpn.com,registry-absent,True,False,60.0,focused-invented-vpn,2026-08-30T20:40:24.706051+00:00,404,201,
saravpn.com,registry-absent,True,False,60.0,focused-invented-vpn,2026-08-30T20:40:24.824674+00:00,404,196,
sarivpn.com,registry-absent,True,False,60.0,focused-invented-vpn,2026-08-30T20:40:25.038182+00:00,404,282,
sarovpn.com,registered,False,True,60.0,focused-invented-vpn,2026-08-30T20:40:25.166899+00:00,200,287,
savavpn.com,registry-absent,True,False,60.0,focused-invented-vpn,2026-08-30T20:40:25.234622+00:00,404,231,
savivpn.com,registry-absent,True,False,60.0,focused-invented-vpn,2026-08-30T20:40:25.331300+00:00,404,202,
savovpn.com,registry-absent,True,False,60.0,focused-invented-vpn,2026-08-30T20:40:25.454808+00:00,404,200,
sazavpn.com,registry-absent,True,False,60.0,focused-invented-vpn,2026-08-30T20:40:25.627368+00:00,404,248,
sazovpn.com,registry-absent,True,False,60.0,focused-invented-vpn,2026-08-30T20:40:25.755854+00:00,404,250,
selavpn.com,registry-absent,True,False,60.0,focused-invented-vpn,2026-08-30T20:40:25.826199+00:00,404,197,
selovpn.com,registry-absent,True,False,60.0,focused-invented-vpn,2026-08-30T20:40:25.956550+00:00,404,202,
senavpn.com,registry-absent,True,False,60.0,focused-invented-vpn,2026-08-30T20:40:26.151107+00:00,404,274,
senovpn.com,registry-absent,True,False,60.0,focused-invented-vpn,2026-08-30T20:40:26.275868+00:00,404,269,
seravpn.com,registered,False,True,60.0,focused-invented-vpn,2026-08-30T20:40:26.328085+00:00,200,199,
serivpn.com,registry-absent,True,False,60.0,focused-invented-vpn,2026-08-30T20:40:26.451812+00:00,404,198,
serovpn.com,registered,False,True,60.0,focused-invented-vpn,2026-08-30T20:40:26.611086+00:00,200,231,
sevavpn.com,registry-absent,True,False,60.0,focused-invented-vpn,2026-08-30T20:40:26.743840+00:00,404,238,
sevivpn.com,registry-absent,True,False,60.0,focused-invented-vpn,2026-08-30T20:40:26.828289+00:00,404,200,
sevovpn.com,registry-absent,True,False,60.0,focused-invented-vpn,2026-08-30T20:40:26.953635+00:00,404,202,
sezavpn.com,registry-absent,True,False,60.0,focused-invented-vpn,2026-08-30T20:40:27.135140+00:00,404,258,
sezovpn.com,registry-absent,True,False,60.0,focused-invented-vpn,2026-08-30T20:40:27.263903+00:00,404,259,
silavpn.com,registered,False,True,60.0,focused-invented-vpn,2026-08-30T20:40:27.328807+00:00,200,199,
silovpn.com,registered,False,True,60.0,focused-invented-vpn,2026-08-30T20:40:27.453376+00:00,200,199,
sinavpn.com,registry-absent,True,False,60.0,focused-invented-vpn,2026-08-30T20:40:27.659205+00:00,404,278,
sinovpn.com,registered,False,True,60.0,focused-invented-vpn,2026-08-30T20:40:27.794691+00:00,200,289,
siravpn.com,registry-absent,True,False,60.0,focused-invented-vpn,2026-08-30T20:40:27.851355+00:00,404,222,
sirivpn.com,registry-absent,True,False,60.0,focused-invented-vpn,2026-08-30T20:40:27.955546+00:00,404,201,
sirovpn.com,registry-absent,True,False,60.0,focused-invented-vpn,2026-08-30T20:40:28.086709+00:00,404,202,
sivavpn.com,registry-absent,True,False,60.0,focused-invented-vpn,2026-08-30T20:40:28.248288+00:00,404,244,
sivivpn.com,registry-absent,True,False,60.0,focused-invented-vpn,2026-08-30T20:40:28.375651+00:00,404,244,
sizavpn.com,registry-absent,True,False,60.0,focused-invented-vpn,2026-08-30T20:40:28.454990+00:00,404,199,
sizovpn.com,registry-absent,True,False,60.0,focused-invented-vpn,2026-08-30T20:40:28.580626+00:00,404,200,
solavpn.com,registry-absent,True,False,60.0,focused-invented-vpn,2026-08-30T20:40:28.772261+00:00,404,270,
solovpn.com,registered,False,True,60.0,focused-invented-vpn,2026-08-30T20:40:29.563888+00:00,200,932,
sonavpn.com,registry-absent,True,False,60.0,focused-invented-vpn,2026-08-30T20:40:28.956598+00:00,404,200,
sonovpn.com,registered,False,True,60.0,focused-invented-vpn,2026-08-30T20:40:29.095505+00:00,200,217,
sorivpn.com,registry-absent,True,False,60.0,focused-invented-vpn,2026-08-30T20:40:29.291452+00:00,404,290,
sorovpn.com,registry-absent,True,False,60.0,focused-invented-vpn,2026-08-30T20:40:29.363996+00:00,404,232,
sovavpn.com,registered,False,True,60.0,focused-invented-vpn,2026-08-30T20:40:29.456565+00:00,200,201,
sovivpn.com,registry-absent,True,False,60.0,focused-invented-vpn,2026-08-30T20:40:29.577256+00:00,404,198,
sovovpn.com,registry-absent,True,False,60.0,focused-invented-vpn,2026-08-30T20:40:29.757679+00:00,404,251,
sozavpn.com,registry-absent,True,False,60.0,focused-invented-vpn,2026-08-30T20:40:29.889666+00:00,404,258,
sozovpn.com,registry-absent,True,False,60.0,focused-invented-vpn,2026-08-30T20:40:29.954761+00:00,404,200,
sulavpn.com,registry-absent,True,False,60.0,focused-invented-vpn,2026-08-30T20:40:30.081658+00:00,404,200,
sulovpn.com,registry-absent,True,False,60.0,focused-invented-vpn,2026-08-30T20:40:30.281571+00:00,404,276,
sunavpn.com,registry-absent,True,False,60.0,focused-invented-vpn,2026-08-30T20:40:30.410345+00:00,404,279,
sunovpn.com,registry-absent,True,False,60.0,focused-invented-vpn,2026-08-30T20:40:30.473755+00:00,404,219,
suravpn.com,registry-absent,True,False,60.0,focused-invented-vpn,2026-08-30T20:40:30.582086+00:00,404,200,
surivpn.com,registry-absent,True,False,60.0,focused-invented-vpn,2026-08-30T20:40:30.704425+00:00,404,201,
surovpn.com,registry-absent,True,False,60.0,focused-invented-vpn,2026-08-30T20:40:30.870268+00:00,404,241,
suvavpn.com,registry-absent,True,False,60.0,focused-invented-vpn,2026-08-30T20:40:30.998164+00:00,404,245,
suvivpn.com,registry-absent,True,False,60.0,focused-invented-vpn,2026-08-30T20:40:31.080087+00:00,404,199,
suvovpn.com,registry-absent,True,False,60.0,focused-invented-vpn,2026-08-30T20:40:31.204470+00:00,404,199,
suzavpn.com,registry-absent,True,False,60.0,focused-invented-vpn,2026-08-30T20:40:31.458062+00:00,404,329,
suzovpn.com,registry-absent,True,False,60.0,focused-invented-vpn,2026-08-30T20:40:31.523037+00:00,404,268,
talavpn.com,registry-absent,True,False,60.0,focused-invented-vpn,2026-08-30T20:40:31.581015+00:00,404,201,
talovpn.com,registered,False,True,60.0,focused-invented-vpn,2026-08-30T20:40:31.712759+00:00,200,207,
tanavpn.com,registry-absent,True,False,60.0,focused-invented-vpn,2026-08-30T20:40:31.912298+00:00,404,284,
tanovpn.com,registry-absent,True,False,60.0,focused-invented-vpn,2026-08-30T20:40:31.984586+00:00,404,232,
taravpn.com,registered,False,True,60.0,focused-invented-vpn,2026-08-30T20:40:32.080086+00:00,200,201,
tarivpn.com,registry-absent,True,False,60.0,focused-invented-vpn,2026-08-30T20:40:32.204606+00:00,404,200,
tarovpn.com,registry-absent,True,False,60.0,focused-invented-vpn,2026-08-30T20:40:32.377154+00:00,404,248,
tavavpn.com,registry-absent,True,False,60.0,focused-invented-vpn,2026-08-30T20:40:32.513500+00:00,404,258,
tavovpn.com,registry-absent,True,False,60.0,focused-invented-vpn,2026-08-30T20:40:32.573930+00:00,404,195,
tazavpn.com,registry-absent,True,False,60.0,focused-invented-vpn,2026-08-30T20:40:32.706893+00:00,404,203,
tazovpn.com,registry-absent,True,False,60.0,focused-invented-vpn,2026-08-30T20:40:32.901507+00:00,404,272,
telavpn.com,registered,False,True,60.0,focused-invented-vpn,2026-08-30T20:40:33.032642+00:00,200,280,
telovpn.com,registry-absent,True,False,60.0,focused-invented-vpn,2026-08-30T20:40:33.092809+00:00,404,211,
tenavpn.com,registry-absent,True,False,60.0,focused-invented-vpn,2026-08-30T20:40:33.202242+00:00,404,198,
tenovpn.com,registry-absent,True,False,60.0,focused-invented-vpn,2026-08-30T20:40:33.429320+00:00,404,300,
teravpn.com,registered,False,True,60.0,focused-invented-vpn,2026-08-30T20:40:33.494655+00:00,200,238,
terivpn.com,registry-absent,True,False,60.0,focused-invented-vpn,2026-08-30T20:40:33.616328+00:00,404,239,
tevivpn.com,registry-absent,True,False,60.0,focused-invented-vpn,2026-08-30T20:40:33.705000+00:00,404,201,
tevovpn.com,registry-absent,True,False,60.0,focused-invented-vpn,2026-08-30T20:40:33.830139+00:00,404,201,
tezavpn.com,registry-absent,True,False,60.0,focused-invented-vpn,2026-08-30T20:40:34.014858+00:00,404,263,
tezovpn.com,registry-absent,True,False,60.0,focused-invented-vpn,2026-08-30T20:40:34.141623+00:00,404,260,
tilavpn.com,registry-absent,True,False,60.0,focused-invented-vpn,2026-08-30T20:40:34.209546+00:00,404,207,
tilovpn.com,registered,False,True,60.0,focused-invented-vpn,2026-08-30T20:40:34.342410+00:00,200,211,
tinavpn.com,registered,False,True,60.0,focused-invented-vpn,2026-08-30T20:40:34.541872+00:00,200,287,
tinovpn.com,registry-absent,True,False,60.0,focused-invented-vpn,2026-08-30T20:40:34.668870+00:00,404,290,
tiravpn.com,registry-absent,True,False,60.0,focused-invented-vpn,2026-08-30T20:40:34.707705+00:00,404,201,
tirivpn.com,registry-absent,True,False,60.0,focused-invented-vpn,2026-08-30T20:40:34.829190+00:00,404,200,
tirovpn.com,registry-absent,True,False,60.0,focused-invented-vpn,2026-08-30T20:40:35.649456+00:00,404,894,
tivavpn.com,registry-absent,True,False,60.0,focused-invented-vpn,2026-08-30T20:40:35.724056+00:00,404,843,
tivivpn.com,registry-absent,True,False,60.0,focused-invented-vpn,2026-08-30T20:40:35.204472+00:00,404,198,
tivovpn.com,registry-absent,True,False,60.0,focused-invented-vpn,2026-08-30T20:40:35.330122+00:00,404,201,
tizavpn.com,registry-absent,True,False,60.0,focused-invented-vpn,2026-08-30T20:40:35.523521+00:00,404,272,
tizovpn.com,registry-absent,True,False,60.0,focused-invented-vpn,2026-08-30T20:40:35.652187+00:00,404,271,
tolavpn.com,registry-absent,True,False,60.0,focused-invented-vpn,2026-08-30T20:40:35.719219+00:00,404,217,
tolovpn.com,registry-absent,True,False,60.0,focused-invented-vpn,2026-08-30T20:40:35.828473+00:00,404,197,
tonavpn.com,registry-absent,True,False,60.0,focused-invented-vpn,2026-08-30T20:40:35.954818+00:00,404,201,
tonovpn.com,registry-absent,True,False,60.0,focused-invented-vpn,2026-08-30T20:40:36.113350+00:00,404,232,
toravpn.com,registry-absent,True,False,60.0,focused-invented-vpn,2026-08-30T20:40:36.236936+00:00,404,234,
torivpn.com,registered,False,True,60.0,focused-invented-vpn,2026-08-30T20:40:36.834657+00:00,200,704,
torovpn.com,registered,False,True,60.0,focused-invented-vpn,2026-08-30T20:40:36.454087+00:00,200,197,
tovavpn.com,registry-absent,True,False,60.0,focused-invented-vpn,2026-08-30T20:40:36.638761+00:00,404,261,
tovivpn.com,registry-absent,True,False,60.0,focused-invented-vpn,2026-08-30T20:40:36.765067+00:00,404,260,
tovovpn.com,registered,False,True,60.0,focused-invented-vpn,2026-08-30T20:40:36.831985+00:00,200,203,
tozavpn.com,registry-absent,True,False,60.0,focused-invented-vpn,2026-08-30T20:40:36.951870+00:00,404,197,
tozovpn.com,registry-absent,True,False,60.0,focused-invented-vpn,2026-08-30T20:40:37.161932+00:00,404,285,
tulavpn.com,registry-absent,True,False,60.0,focused-invented-vpn,2026-08-30T20:40:37.291449+00:00,404,289,
tulovpn.com,registry-absent,True,False,60.0,focused-invented-vpn,2026-08-30T20:40:37.348443+00:00,404,220,
tunavpn.com,registered,False,True,60.0,focused-invented-vpn,2026-08-30T20:40:37.959005+00:00,200,706,
tunovpn.com,registered,False,True,60.0,focused-invented-vpn,2026-08-30T20:40:37.621701+00:00,200,241,
turavpn.com,registry-absent,True,False,60.0,focused-invented-vpn,2026-08-30T20:40:37.757232+00:00,404,254,
turivpn.com,registry-absent,True,False,60.0,focused-invented-vpn,2026-08-30T20:40:37.829355+00:00,404,198,
turovpn.com,registry-absent,True,False,60.0,focused-invented-vpn,2026-08-30T20:40:37.954305+00:00,404,197,
tuvavpn.com,registry-absent,True,False,60.0,focused-invented-vpn,2026-08-30T20:40:38.148702+00:00,404,267,
tuvivpn.com,registry-absent,True,False,60.0,focused-invented-vpn,2026-08-30T20:40:38.282420+00:00,404,280,
tuvovpn.com,registry-absent,True,False,60.0,focused-invented-vpn,2026-08-30T20:40:38.336841+00:00,404,205,
tuzavpn.com,registry-absent,True,False,60.0,focused-invented-vpn,2026-08-30T20:40:38.457668+00:00,404,202,
tuzovpn.com,registry-absent,True,False,60.0,focused-invented-vpn,2026-08-30T20:40:38.668952+00:00,404,290,
valavpn.com,registry-absent,True,False,60.0,focused-invented-vpn,2026-08-30T20:40:38.734329+00:00,404,229,
valovpn.com,registered,False,True,60.0,focused-invented-vpn,2026-08-30T20:40:38.924555+00:00,200,297,
vanavpn.com,registry-absent,True,False,60.0,focused-invented-vpn,2026-08-30T20:40:38.954279+00:00,404,200,
vanovpn.com,registry-absent,True,False,60.0,focused-invented-vpn,2026-08-30T20:40:39.081715+00:00,404,200,
varivpn.com,registry-absent,True,False,60.0,focused-invented-vpn,2026-08-30T20:40:39.260617+00:00,404,254,
varovpn.com,registry-absent,True,False,60.0,focused-invented-vpn,2026-08-30T20:40:39.391617+00:00,404,261,
vavavpn.com,registered,False,True,60.0,focused-invented-vpn,2026-08-30T20:40:39.459368+00:00,200,203,
vavivpn.com,registry-absent,True,False,60.0,focused-invented-vpn,2026-08-30T20:40:39.586024+00:00,404,207,
vavovpn.com,registry-absent,True,False,60.0,focused-invented-vpn,2026-08-30T20:40:39.793524+00:00,404,291,
vazavpn.com,registry-absent,True,False,60.0,focused-invented-vpn,2026-08-30T20:40:39.907404+00:00,404,279,
vazovpn.com,registry-absent,True,False,60.0,focused-invented-vpn,2026-08-30T20:40:39.952913+00:00,404,200,
venavpn.com,registered,False,True,60.0,focused-invented-vpn,2026-08-30T20:40:40.083998+00:00,200,205,
venovpn.com,registry-absent,True,False,60.0,focused-invented-vpn,2026-08-30T20:40:40.242557+00:00,404,240,
verivpn.com,registered,False,True,60.0,focused-invented-vpn,2026-08-30T20:40:40.374450+00:00,200,245,
verovpn.com,registered,False,True,60.0,focused-invented-vpn,2026-08-30T20:40:40.450177+00:00,200,198,
vevavpn.com,registry-absent,True,False,60.0,focused-invented-vpn,2026-08-30T20:40:40.579760+00:00,404,201,
vevivpn.com,registry-absent,True,False,60.0,focused-invented-vpn,2026-08-30T20:40:40.770493+00:00,404,267,
vevovpn.com,registry-absent,True,False,60.0,focused-invented-vpn,2026-08-30T20:40:40.901694+00:00,404,270,
vezavpn.com,registry-absent,True,False,60.0,focused-invented-vpn,2026-08-30T20:40:40.963262+00:00,404,211,
vezovpn.com,registry-absent,True,False,60.0,focused-invented-vpn,2026-08-30T20:40:41.083325+00:00,404,202,
vilavpn.com,registered,False,True,60.0,focused-invented-vpn,2026-08-30T20:40:41.290795+00:00,200,288,
vilovpn.com,registry-absent,True,False,60.0,focused-invented-vpn,2026-08-30T20:40:41.879433+00:00,404,750,
vinavpn.com,registry-absent,True,False,60.0,focused-invented-vpn,2026-08-30T20:40:41.486145+00:00,404,232,
vinovpn.com,registry-absent,True,False,60.0,focused-invented-vpn,2026-08-30T20:40:41.585456+00:00,404,205,
virivpn.com,registry-absent,True,False,60.0,focused-invented-vpn,2026-08-30T20:40:41.710095+00:00,404,205,
vivavpn.com,registered,False,True,60.0,focused-invented-vpn,2026-08-30T20:40:41.880321+00:00,200,251,
vivivpn.com,registered,False,True,60.0,focused-invented-vpn,2026-08-30T20:40:42.009666+00:00,200,253,
vivovpn.com,registered,False,True,60.0,focused-invented-vpn,2026-08-30T20:40:42.086029+00:00,200,204,
vizavpn.com,registry-absent,True,False,60.0,focused-invented-vpn,2026-08-30T20:40:42.202752+00:00,404,197,
vizovpn.com,registered,False,True,60.0,focused-invented-vpn,2026-08-30T20:40:42.404424+00:00,200,273,
volovpn.com,registered,False,True,60.0,focused-invented-vpn,2026-08-30T20:40:42.531656+00:00,200,279,
vonavpn.com,registry-absent,True,False,60.0,focused-invented-vpn,2026-08-30T20:40:42.576108+00:00,404,197,
vonovpn.com,registry-absent,True,False,60.0,focused-invented-vpn,2026-08-30T20:40:43.213237+00:00,404,707,
vorivpn.com,registry-absent,True,False,60.0,focused-invented-vpn,2026-08-30T20:40:42.864279+00:00,404,235,
vorovpn.com,registry-absent,True,False,60.0,focused-invented-vpn,2026-08-30T20:40:42.997196+00:00,404,242,
vovavpn.com,registered,False,True,60.0,focused-invented-vpn,2026-08-30T20:40:43.078684+00:00,200,201,
vovivpn.com,registry-absent,True,False,60.0,focused-invented-vpn,2026-08-30T20:40:43.204550+00:00,404,200,
vovovpn.com,registry-absent,True,False,60.0,focused-invented-vpn,2026-08-30T20:40:43.387198+00:00,404,258,
vozavpn.com,registry-absent,True,False,60.0,focused-invented-vpn,2026-08-30T20:40:43.521844+00:00,404,269,
vozovpn.com,registry-absent,True,False,60.0,focused-invented-vpn,2026-08-30T20:40:43.577024+00:00,404,197,
vulavpn.com,registry-absent,True,False,60.0,focused-invented-vpn,2026-08-30T20:40:43.703012+00:00,404,198,
vulovpn.com,registry-absent,True,False,60.0,focused-invented-vpn,2026-08-30T20:40:43.911896+00:00,404,283,
vunavpn.com,registry-absent,True,False,60.0,focused-invented-vpn,2026-08-30T20:40:44.038328+00:00,404,285,
vunovpn.com,registry-absent,True,False,60.0,focused-invented-vpn,2026-08-30T20:40:44.105027+00:00,404,226,
vuravpn.com,registry-absent,True,False,60.0,focused-invented-vpn,2026-08-30T20:40:44.206982+00:00,404,203,
vurivpn.com,registry-absent,True,False,60.0,focused-invented-vpn,2026-08-30T20:40:44.337755+00:00,404,206,
vurovpn.com,registry-absent,True,False,60.0,focused-invented-vpn,2026-08-30T20:40:44.567078+00:00,404,312,
vuvavpn.com,registry-absent,True,False,60.0,focused-invented-vpn,2026-08-30T20:40:44.632281+00:00,404,252,
vuvivpn.com,registry-absent,True,False,60.0,focused-invented-vpn,2026-08-30T20:40:44.704317+00:00,404,198,
vuvovpn.com,registry-absent,True,False,60.0,focused-invented-vpn,2026-08-30T20:40:44.836525+00:00,404,205,
vuzavpn.com,registry-absent,True,False,60.0,focused-invented-vpn,2026-08-30T20:40:45.026127+00:00,404,272,
vuzovpn.com,registry-absent,True,False,60.0,focused-invented-vpn,2026-08-30T20:40:45.819217+00:00,404,939,
zalavpn.com,registry-absent,True,False,60.0,focused-invented-vpn,2026-08-30T20:40:45.267761+00:00,404,261,
zalovpn.com,registry-absent,True,False,60.0,focused-invented-vpn,2026-08-30T20:40:45.835901+00:00,404,709,
zanavpn.com,registry-absent,True,False,60.0,focused-invented-vpn,2026-08-30T20:40:45.544622+00:00,404,288,
zanovpn.com,registered,False,True,60.0,focused-invented-vpn,2026-08-30T20:40:46.174291+00:00,200,795,
zaravpn.com,registry-absent,True,False,60.0,focused-invented-vpn,2026-08-30T20:40:45.707474+00:00,404,201,
zarivpn.com,registry-absent,True,False,60.0,focused-invented-vpn,2026-08-30T20:40:45.827567+00:00,404,198,
zarovpn.com,registry-absent,True,False,60.0,focused-invented-vpn,2026-08-30T20:40:46.008480+00:00,404,255,
zavavpn.com,registry-absent,True,False,60.0,focused-invented-vpn,2026-08-30T20:40:46.140729+00:00,404,261,
zavovpn.com,registry-absent,True,False,60.0,focused-invented-vpn,2026-08-30T20:40:46.204384+00:00,404,200,
zazavpn.com,registered,False,True,60.0,focused-invented-vpn,2026-08-30T20:40:46.329689+00:00,200,201,
zazovpn.com,registry-absent,True,False,60.0,focused-invented-vpn,2026-08-30T20:40:46.601551+00:00,404,347,
zelavpn.com,registry-absent,True,False,60.0,focused-invented-vpn,2026-08-30T20:40:46.666772+00:00,404,288,
zelovpn.com,registry-absent,True,False,60.0,focused-invented-vpn,2026-08-30T20:40:46.731315+00:00,404,226,
zenavpn.com,registry-absent,True,False,60.0,focused-invented-vpn,2026-08-30T20:40:46.830422+00:00,404,199,
zeravpn.com,registered,False,True,60.0,focused-invented-vpn,2026-08-30T20:40:46.955355+00:00,200,202,
zerivpn.com,registry-absent,True,False,60.0,focused-invented-vpn,2026-08-30T20:40:47.122765+00:00,404,242,
zerovpn.com,registered,False,True,60.0,focused-invented-vpn,2026-08-30T20:40:47.313020+00:00,200,309,
zevivpn.com,registry-absent,True,False,60.0,focused-invented-vpn,2026-08-30T20:40:47.329984+00:00,404,200,
zevovpn.com,registry-absent,True,False,60.0,focused-invented-vpn,2026-08-30T20:40:47.454841+00:00,404,198,
zezavpn.com,registry-absent,True,False,60.0,focused-invented-vpn,2026-08-30T20:40:47.645177+00:00,404,264,
zezovpn.com,registry-absent,True,False,60.0,focused-invented-vpn,2026-08-30T20:40:47.776208+00:00,404,270,
zilavpn.com,registry-absent,True,False,60.0,focused-invented-vpn,2026-08-30T20:40:47.827096+00:00,404,198,
zilovpn.com,registered,False,True,60.0,focused-invented-vpn,2026-08-30T20:40:47.957298+00:00,200,203,
zinavpn.com,registered,False,True,60.0,focused-invented-vpn,2026-08-30T20:40:48.165918+00:00,200,284,
zinovpn.com,registry-absent,True,False,60.0,focused-invented-vpn,2026-08-30T20:40:48.238710+00:00,404,235,
ziravpn.com,registered,False,True,60.0,focused-invented-vpn,2026-08-30T20:40:48.334762+00:00,200,206,
zirivpn.com,registry-absent,True,False,60.0,focused-invented-vpn,2026-08-30T20:40:48.454793+00:00,404,198,
zirovpn.com,registry-absent,True,False,60.0,focused-invented-vpn,2026-08-30T20:40:48.630452+00:00,404,250,
zivavpn.com,registry-absent,True,False,60.0,focused-invented-vpn,2026-08-30T20:40:48.766278+00:00,404,262,
zivivpn.com,registry-absent,True,False,60.0,focused-invented-vpn,2026-08-30T20:40:48.830833+00:00,404,203,
zivovpn.com,registry-absent,True,False,60.0,focused-invented-vpn,2026-08-30T20:40:48.956623+00:00,404,200,
zizavpn.com,registry-absent,True,False,60.0,focused-invented-vpn,2026-08-30T20:40:49.584231+00:00,404,707,
zizovpn.com,registry-absent,True,False,60.0,focused-invented-vpn,2026-08-30T20:40:49.290181+00:00,404,287,
zolavpn.com,registry-absent,True,False,60.0,focused-invented-vpn,2026-08-30T20:40:49.350899+00:00,404,220,
zolovpn.com,registered,False,True,60.0,focused-invented-vpn,2026-08-30T20:40:49.457927+00:00,200,202,
zonavpn.com,registered,False,True,60.0,focused-invented-vpn,2026-08-30T20:40:49.584668+00:00,200,207,
zonovpn.com,registry-absent,True,False,60.0,focused-invented-vpn,2026-08-30T20:40:49.745629+00:00,404,239,
zorivpn.com,registry-absent,True,False,60.0,focused-invented-vpn,2026-08-30T20:40:49.875839+00:00,404,244,
zorovpn.com,registered,False,True,60.0,focused-invented-vpn,2026-08-30T20:40:49.947879+00:00,200,195,
zovavpn.com,registered,False,True,60.0,focused-invented-vpn,2026-08-30T20:40:50.077940+00:00,200,199,
zovivpn.com,registry-absent,True,False,60.0,focused-invented-vpn,2026-08-30T20:40:50.272038+00:00,404,268,
zovovpn.com,registry-absent,True,False,60.0,focused-invented-vpn,2026-08-30T20:40:50.391155+00:00,404,259,
zozavpn.com,registry-absent,True,False,60.0,focused-invented-vpn,2026-08-30T20:40:50.453296+00:00,404,197,
zozovpn.com,registry-absent,True,False,60.0,focused-invented-vpn,2026-08-30T20:40:50.576025+00:00,404,196,
zulavpn.com,registered,False,True,60.0,focused-invented-vpn,2026-08-30T20:40:50.788376+00:00,200,283,
zulovpn.com,registry-absent,True,False,60.0,focused-invented-vpn,2026-08-30T20:40:50.928244+00:00,404,296,
zunavpn.com,registry-absent,True,False,60.0,focused-invented-vpn,2026-08-30T20:40:50.952084+00:00,404,198,
zunovpn.com,registry-absent,True,False,60.0,focused-invented-vpn,2026-08-30T20:40:51.087640+00:00,404,206,
zuravpn.com,registered,False,True,60.0,focused-invented-vpn,2026-08-30T20:40:51.253368+00:00,200,247,
zurivpn.com,registry-absent,True,False,60.0,focused-invented-vpn,2026-08-30T20:40:51.388343+00:00,404,258,
zurovpn.com,registry-absent,True,False,60.0,focused-invented-vpn,2026-08-30T20:40:51.457223+00:00,404,202,
zuvavpn.com,registry-absent,True,False,60.0,focused-invented-vpn,2026-08-30T20:40:51.584774+00:00,404,203,
zuvivpn.com,registry-absent,True,False,60.0,focused-invented-vpn,2026-08-30T20:40:51.777824+00:00,404,274,
zuvovpn.com,registry-absent,True,False,60.0,focused-invented-vpn,2026-08-30T20:40:51.919179+00:00,404,291,
zuzavpn.com,registry-absent,True,False,60.0,focused-invented-vpn,2026-08-30T20:40:51.968950+00:00,404,216,
zuzovpn.com,registry-absent,True,False,60.0,focused-invented-vpn,2026-08-30T20:40:52.083657+00:00,404,202,
stealthvpn.com,registered,False,True,59.25,focused-vpn,2026-08-30T20:40:52.205654+00:00,200,202,
baelavpn.com,registry-absent,True,False,58.75,focused-invented-vpn,2026-08-30T20:40:52.364803+00:00,404,237,
baelovpn.com,registry-absent,True,False,58.75,focused-invented-vpn,2026-08-30T20:40:52.488196+00:00,404,231,
baenavpn.com,registry-absent,True,False,58.75,focused-invented-vpn,2026-08-30T20:40:52.579802+00:00,404,199,
baenovpn.com,registry-absent,True,False,58.75,focused-invented-vpn,2026-08-30T20:40:52.700778+00:00,404,197,
baeravpn.com,registry-absent,True,False,58.75,focused-invented-vpn,2026-08-30T20:40:52.888021+00:00,404,259,
baerivpn.com,registry-absent,True,False,58.75,focused-invented-vpn,2026-08-30T20:40:53.012531+00:00,404,256,
baerovpn.com,registry-absent,True,False,58.75,focused-invented-vpn,2026-08-30T20:40:53.078696+00:00,404,199,
baevavpn.com,registry-absent,True,False,58.75,focused-invented-vpn,2026-08-30T20:40:53.201277+00:00,404,199,
baevivpn.com,registry-absent,True,False,58.75,focused-invented-vpn,2026-08-30T20:40:53.415738+00:00,404,289,
baevovpn.com,registry-absent,True,False,58.75,focused-invented-vpn,2026-08-30T20:40:53.542457+00:00,404,287,
baezavpn.com,registry-absent,True,False,58.75,focused-invented-vpn,2026-08-30T20:40:53.576009+00:00,404,197,
baezovpn.com,registry-absent,True,False,58.75,focused-invented-vpn,2026-08-30T20:40:53.699297+00:00,404,197,
biolavpn.com,registry-absent,True,False,58.75,focused-invented-vpn,2026-08-30T20:40:53.874893+00:00,404,246,
biolovpn.com,registry-absent,True,False,58.75,focused-invented-vpn,2026-08-30T20:40:54.010248+00:00,404,256,
bionavpn.com,registry-absent,True,False,58.75,focused-invented-vpn,2026-08-30T20:40:54.081100+00:00,404,199,
bionovpn.com,registry-absent,True,False,58.75,focused-invented-vpn,2026-08-30T20:40:54.212981+00:00,404,206,
bioravpn.com,registry-absent,True,False,58.75,focused-invented-vpn,2026-08-30T20:40:54.399206+00:00,404,269,
biorivpn.com,registry-absent,True,False,58.75,focused-invented-vpn,2026-08-30T20:40:54.534299+00:00,404,278,
biorovpn.com,registry-absent,True,False,58.75,focused-invented-vpn,2026-08-30T20:40:54.591345+00:00,404,210,
biovavpn.com,registry-absent,True,False,58.75,focused-invented-vpn,2026-08-30T20:40:54.706522+00:00,404,203,
biovivpn.com,registry-absent,True,False,58.75,focused-invented-vpn,2026-08-30T20:40:54.823679+00:00,404,196,
biovovpn.com,registry-absent,True,False,58.75,focused-invented-vpn,2026-08-30T20:40:54.987964+00:00,404,232,
biozavpn.com,registry-absent,True,False,58.75,focused-invented-vpn,2026-08-30T20:40:55.112282+00:00,404,232,
biozovpn.com,registry-absent,True,False,58.75,focused-invented-vpn,2026-08-30T20:40:55.199048+00:00,404,197,
caelavpn.com,registry-absent,True,False,58.75,focused-invented-vpn,2026-08-30T20:40:55.325744+00:00,404,195,
caelovpn.com,registry-absent,True,False,58.75,focused-invented-vpn,2026-08-30T20:40:55.512079+00:00,404,255,
caenavpn.com,registry-absent,True,False,58.75,focused-invented-vpn,2026-08-30T20:40:55.637481+00:00,404,259,
caenovpn.com,registry-absent,True,False,58.75,focused-invented-vpn,2026-08-30T20:40:55.703043+00:00,404,199,
caeravpn.com,registry-absent,True,False,58.75,focused-invented-vpn,2026-08-30T20:40:55.825937+00:00,404,196,
caerivpn.com,registry-absent,True,False,58.75,focused-invented-vpn,2026-08-30T20:40:56.036885+00:00,404,283,
caerovpn.com,registry-absent,True,False,58.75,focused-invented-vpn,2026-08-30T20:40:56.165336+00:00,404,287,
caevavpn.com,registry-absent,True,False,58.75,focused-invented-vpn,2026-08-30T20:40:56.207093+00:00,404,201,
caevivpn.com,registry-absent,True,False,58.75,focused-invented-vpn,2026-08-30T20:40:56.328616+00:00,404,199,
caevovpn.com,registry-absent,True,False,58.75,focused-invented-vpn,2026-08-30T20:40:56.495168+00:00,404,239,
caezavpn.com,registry-absent,True,False,58.75,focused-invented-vpn,2026-08-30T20:40:56.630854+00:00,404,252,
caezovpn.com,registry-absent,True,False,58.75,focused-invented-vpn,2026-08-30T20:40:56.703689+00:00,404,200,
ciolavpn.com,registry-absent,True,False,58.75,focused-invented-vpn,2026-08-30T20:40:56.847821+00:00,404,219,
ciolovpn.com,registry-absent,True,False,58.75,focused-invented-vpn,2026-08-30T20:40:57.019980+00:00,404,264,
cionavpn.com,registry-absent,True,False,58.75,focused-invented-vpn,2026-08-30T20:40:57.172022+00:00,404,294,
cionovpn.com,registry-absent,True,False,58.75,focused-invented-vpn,2026-08-30T20:40:57.232201+00:00,404,228,
cioravpn.com,registry-absent,True,False,58.75,focused-invented-vpn,2026-08-30T20:40:57.352690+00:00,404,222,
ciorivpn.com,registry-absent,True,False,58.75,focused-invented-vpn,2026-08-30T20:40:57.543665+00:00,404,288,
ciorovpn.com,registry-absent,True,False,58.75,focused-invented-vpn,2026-08-30T20:40:57.687326+00:00,404,307,
ciovavpn.com,registry-absent,True,False,58.75,focused-invented-vpn,2026-08-30T20:40:57.753274+00:00,404,250,
ciovivpn.com,registry-absent,True,False,58.75,focused-invented-vpn,2026-08-30T20:40:57.843623+00:00,404,214,
ciovovpn.com,registry-absent,True,False,58.75,focused-invented-vpn,2026-08-30T20:40:57.973568+00:00,404,217,
ciozavpn.com,registry-absent,True,False,58.75,focused-invented-vpn,2026-08-30T20:40:58.144393+00:00,404,265,
ciozovpn.com,registry-absent,True,False,58.75,focused-invented-vpn,2026-08-30T20:40:58.280630+00:00,404,275,
daelavpn.com,registry-absent,True,False,58.75,focused-invented-vpn,2026-08-30T20:40:58.348974+00:00,404,218,
daelovpn.com,registry-absent,True,False,58.75,focused-invented-vpn,2026-08-30T20:40:58.593622+00:00,404,340,
daenavpn.com,registry-absent,True,False,58.75,focused-invented-vpn,2026-08-30T20:40:58.664667+00:00,404,283,
daenovpn.com,registry-absent,True,False,58.75,focused-invented-vpn,2026-08-30T20:40:58.801822+00:00,404,297,
daeravpn.com,registry-absent,True,False,58.75,focused-invented-vpn,2026-08-30T20:40:58.853280+00:00,404,222,
daerivpn.com,registry-absent,True,False,58.75,focused-invented-vpn,2026-08-30T20:40:58.972935+00:00,404,219,
daerovpn.com,registry-absent,True,False,58.75,focused-invented-vpn,2026-08-30T20:40:59.120519+00:00,404,242,
daevavpn.com,registry-absent,True,False,58.75,focused-invented-vpn,2026-08-30T20:40:59.265979+00:00,404,260,
daevivpn.com,registry-absent,True,False,58.75,focused-invented-vpn,2026-08-30T20:40:59.345835+00:00,404,217,
daevovpn.com,registry-absent,True,False,58.75,focused-invented-vpn,2026-08-30T20:40:59.473335+00:00,404,218,
daezavpn.com,registry-absent,True,False,58.75,focused-invented-vpn,2026-08-30T20:40:59.640365+00:00,404,259,
daezovpn.com,registry-absent,True,False,58.75,focused-invented-vpn,2026-08-30T20:40:59.783161+00:00,404,278,
diolavpn.com,registry-absent,True,False,58.75,focused-invented-vpn,2026-08-30T20:40:59.918568+00:00,404,289,
diolovpn.com,registry-absent,True,False,58.75,focused-invented-vpn,2026-08-30T20:40:59.978486+00:00,404,223,
dionavpn.com,registry-absent,True,False,58.75,focused-invented-vpn,2026-08-30T20:41:00.166708+00:00,404,287,
dionovpn.com,registry-absent,True,False,58.75,focused-invented-vpn,2026-08-30T20:41:00.313641+00:00,404,312,
dioravpn.com,registry-absent,True,False,58.75,focused-invented-vpn,2026-08-30T20:41:00.376521+00:00,404,248,
diorivpn.com,registry-absent,True,False,58.75,focused-invented-vpn,2026-08-30T20:41:00.477047+00:00,404,221,
diorovpn.com,registry-absent,True,False,58.75,focused-invented-vpn,2026-08-30T20:41:00.690903+00:00,404,309,
diovavpn.com,registry-absent,True,False,58.75,focused-invented-vpn,2026-08-30T20:41:00.761589+00:00,404,257,
diovivpn.com,registry-absent,True,False,58.75,focused-invented-vpn,2026-08-30T20:41:00.900760+00:00,404,269,
diovovpn.com,registry-absent,True,False,58.75,focused-invented-vpn,2026-08-30T20:41:00.972121+00:00,404,216,
diozavpn.com,registry-absent,True,False,58.75,focused-invented-vpn,2026-08-30T20:41:01.103557+00:00,404,222,
diozovpn.com,registry-absent,True,False,58.75,focused-invented-vpn,2026-08-30T20:41:01.292315+00:00,404,288,
faelavpn.com,registry-absent,True,False,58.75,focused-invented-vpn,2026-08-30T20:41:01.426438+00:00,404,297,
faelovpn.com,registry-absent,True,False,58.75,focused-invented-vpn,2026-08-30T20:41:01.477120+00:00,404,221,
faenavpn.com,registry-absent,True,False,58.75,focused-invented-vpn,2026-08-30T20:41:01.606789+00:00,404,225,
faenovpn.com,registry-absent,True,False,58.75,focused-invented-vpn,2026-08-30T20:41:01.811211+00:00,404,303,
faeravpn.com,registry-absent,True,False,58.75,focused-invented-vpn,2026-08-30T20:41:01.885211+00:00,404,256,
faerivpn.com,registry-absent,True,False,58.75,focused-invented-vpn,2026-08-30T20:41:01.971543+00:00,404,219,
faerovpn.com,registry-absent,True,False,58.75,focused-invented-vpn,2026-08-30T20:41:02.095658+00:00,404,217,
faevavpn.com,registry-absent,True,False,58.75,focused-invented-vpn,2026-08-30T20:41:02.269127+00:00,404,265,
faevivpn.com,registry-absent,True,False,58.75,focused-invented-vpn,2026-08-30T20:41:02.414291+00:00,404,285,
faevovpn.com,registry-absent,True,False,58.75,focused-invented-vpn,2026-08-30T20:41:02.472365+00:00,404,217,
faezavpn.com,registry-absent,True,False,58.75,focused-invented-vpn,2026-08-30T20:41:02.600748+00:00,404,219,
faezovpn.com,registry-absent,True,False,58.75,focused-invented-vpn,2026-08-30T20:41:02.787593+00:00,404,285,
fiolavpn.com,registry-absent,True,False,58.75,focused-invented-vpn,2026-08-30T20:41:02.932085+00:00,404,302,
fiolovpn.com,registry-absent,True,False,58.75,focused-invented-vpn,2026-08-30T20:41:02.997522+00:00,404,241,
fionavpn.com,registry-absent,True,False,58.75,focused-invented-vpn,2026-08-30T20:41:03.094972+00:00,404,216,
fionovpn.com,registry-absent,True,False,58.75,focused-invented-vpn,2026-08-30T20:41:03.312061+00:00,404,308,
fioravpn.com,registry-absent,True,False,58.75,focused-invented-vpn,2026-08-30T20:41:03.456468+00:00,404,326,
fiorivpn.com,registry-absent,True,False,58.75,focused-invented-vpn,2026-08-30T20:41:03.518071+00:00,404,265,
fiorovpn.com,registry-absent,True,False,58.75,focused-invented-vpn,2026-08-30T20:41:03.596736+00:00,404,217,
fiovavpn.com,registry-absent,True,False,58.75,focused-invented-vpn,2026-08-30T20:41:03.723056+00:00,404,219,
fiovivpn.com,registry-absent,True,False,58.75,focused-invented-vpn,2026-08-30T20:41:03.911181+00:00,404,282,
fiovovpn.com,registry-absent,True,False,58.75,focused-invented-vpn,2026-08-30T20:41:04.050973+00:00,404,294,
fiozavpn.com,registry-absent,True,False,58.75,focused-invented-vpn,2026-08-30T20:41:04.104917+00:00,404,223,
fiozovpn.com,registry-absent,True,False,58.75,focused-invented-vpn,2026-08-30T20:41:04.226867+00:00,404,223,
gaelavpn.com,registry-absent,True,False,58.75,focused-invented-vpn,2026-08-30T20:41:04.434327+00:00,404,305,
gaelovpn.com,registry-absent,True,False,58.75,focused-invented-vpn,2026-08-30T20:41:04.506927+00:00,404,251,
gaenavpn.com,registry-absent,True,False,58.75,focused-invented-vpn,2026-08-30T20:41:04.599444+00:00,404,220,
gaenovpn.com,registry-absent,True,False,58.75,focused-invented-vpn,2026-08-30T20:41:04.723629+00:00,404,220,
gaeravpn.com,registry-absent,True,False,58.75,focused-invented-vpn,2026-08-30T20:41:04.884632+00:00,404,253,
gaerivpn.com,registry-absent,True,False,58.75,focused-invented-vpn,2026-08-30T20:41:05.676864+00:00,404,923,
gaerovpn.com,registry-absent,True,False,58.75,focused-invented-vpn,2026-08-30T20:41:05.099634+00:00,404,219,
gaevavpn.com,registry-absent,True,False,58.75,focused-invented-vpn,2026-08-30T20:41:05.224530+00:00,404,219,
gaevivpn.com,registry-absent,True,False,58.75,focused-invented-vpn,2026-08-30T20:41:05.411729+00:00,404,283,
gaevovpn.com,registry-absent,True,False,58.75,focused-invented-vpn,2026-08-30T20:41:05.560786+00:00,404,306,
gaezavpn.com,registry-absent,True,False,58.75,focused-invented-vpn,2026-08-30T20:41:05.684042+00:00,404,306,
gaezovpn.com,registry-absent,True,False,58.75,focused-invented-vpn,2026-08-30T20:41:05.727469+00:00,404,221,
giolavpn.com,registry-absent,True,False,58.75,focused-invented-vpn,2026-08-30T20:41:05.934572+00:00,404,304,
giolovpn.com,registry-absent,True,False,58.75,focused-invented-vpn,2026-08-30T20:41:06.006166+00:00,404,254,
gionavpn.com,registry-absent,True,False,58.75,focused-invented-vpn,2026-08-30T20:41:06.143737+00:00,404,262,
gionovpn.com,registry-absent,True,False,58.75,focused-invented-vpn,2026-08-30T20:41:06.224066+00:00,404,220,
gioravpn.com,registry-absent,True,False,58.75,focused-invented-vpn,2026-08-30T20:41:06.346498+00:00,404,216,
giorivpn.com,registry-absent,True,False,58.75,focused-invented-vpn,2026-08-30T20:41:06.532206+00:00,404,276,
giorovpn.com,registry-absent,True,False,58.75,focused-invented-vpn,2026-08-30T20:41:06.668290+00:00,404,287,
giovavpn.com,registry-absent,True,False,58.75,focused-invented-vpn,2026-08-30T20:41:06.726942+00:00,404,220,
giovivpn.com,registry-absent,True,False,58.75,focused-invented-vpn,2026-08-30T20:41:06.845297+00:00,404,218,
giovovpn.com,registry-absent,True,False,58.75,focused-invented-vpn,2026-08-30T20:41:07.055080+00:00,404,302,
giozavpn.com,registry-absent,True,False,58.75,focused-invented-vpn,2026-08-30T20:41:07.129853+00:00,404,250,
giozovpn.com,registry-absent,True,False,58.75,focused-invented-vpn,2026-08-30T20:41:07.232431+00:00,404,226,
haelavpn.com,registry-absent,True,False,58.75,focused-invented-vpn,2026-08-30T20:41:07.346944+00:00,404,216,
haelovpn.com,registry-absent,True,False,58.75,focused-invented-vpn,2026-08-30T20:41:07.509430+00:00,404,254,
haenavpn.com,registry-absent,True,False,58.75,focused-invented-vpn,2026-08-30T20:41:07.658335+00:00,404,279,
haenovpn.com,registry-absent,True,False,58.75,focused-invented-vpn,2026-08-30T20:41:07.738480+00:00,404,233,
haeravpn.com,registry-absent,True,False,58.75,focused-invented-vpn,2026-08-30T20:41:07.850678+00:00,404,219,
haerivpn.com,registry-absent,True,False,58.75,focused-invented-vpn,2026-08-30T20:41:08.032061+00:00,404,279,
haerovpn.com,registry-absent,True,False,58.75,focused-invented-vpn,2026-08-30T20:41:08.175647+00:00,404,296,
haevavpn.com,registry-absent,True,False,58.75,focused-invented-vpn,2026-08-30T20:41:08.243695+00:00,404,240,
haevivpn.com,registry-absent,True,False,58.75,focused-invented-vpn,2026-08-30T20:41:08.344745+00:00,404,216,
haevovpn.com,registry-absent,True,False,58.75,focused-invented-vpn,2026-08-30T20:41:08.555664+00:00,404,299,
haezavpn.com,registry-absent,True,False,58.75,focused-invented-vpn,2026-08-30T20:41:08.626149+00:00,404,247,
haezovpn.com,registry-absent,True,False,58.75,focused-invented-vpn,2026-08-30T20:41:08.828601+00:00,404,322,
hiolavpn.com,registry-absent,True,False,58.75,focused-invented-vpn,2026-08-30T20:41:08.847288+00:00,404,218,
hiolovpn.com,registry-absent,True,False,58.75,focused-invented-vpn,2026-08-30T20:41:08.971449+00:00,404,218,
hionavpn.com,registry-absent,True,False,58.75,focused-invented-vpn,2026-08-30T20:41:09.148320+00:00,404,268,
hionovpn.com,registry-absent,True,False,58.75,focused-invented-vpn,2026-08-30T20:41:09.289411+00:00,404,287,
hioravpn.com,registry-absent,True,False,58.75,focused-invented-vpn,2026-08-30T20:41:09.421369+00:00,404,290,
hiorivpn.com,registry-absent,True,False,58.75,focused-invented-vpn,2026-08-30T20:41:09.473676+00:00,404,218,
hiorovpn.com,registry-absent,True,False,58.75,focused-invented-vpn,2026-08-30T20:41:09.676255+00:00,404,295,
hiovavpn.com,registry-absent,True,False,58.75,focused-invented-vpn,2026-08-30T20:41:09.748710+00:00,404,245,
hiovivpn.com,registry-absent,True,False,58.75,focused-invented-vpn,2026-08-30T20:41:09.849245+00:00,404,218,
hiovovpn.com,registry-absent,True,False,58.75,focused-invented-vpn,2026-08-30T20:41:09.973523+00:00,404,220,
hiozavpn.com,registry-absent,True,False,58.75,focused-invented-vpn,2026-08-30T20:41:10.129997+00:00,404,252,
hiozovpn.com,registry-absent,True,False,58.75,focused-invented-vpn,2026-08-30T20:41:10.276583+00:00,404,274,
ivoproxy.com,registry-absent,True,False,58.75,focused-proxy,2026-08-30T20:41:10.348485+00:00,404,220,
kaelavpn.com,registry-absent,True,False,58.75,focused-invented-vpn,2026-08-30T20:41:10.470875+00:00,404,216,
kaelovpn.com,registry-absent,True,False,58.75,focused-invented-vpn,2026-08-30T20:41:10.650238+00:00,404,269,
kaenavpn.com,registry-absent,True,False,58.75,focused-invented-vpn,2026-08-30T20:41:10.795086+00:00,404,290,
kaenovpn.com,registry-absent,True,False,58.75,focused-invented-vpn,2026-08-30T20:41:10.859507+00:00,404,228,
kaeravpn.com,registry-absent,True,False,58.75,focused-invented-vpn,2026-08-30T20:41:10.971020+00:00,404,218,
kaerivpn.com,registry-absent,True,False,58.75,focused-invented-vpn,2026-08-30T20:41:11.176913+00:00,404,297,
kaerovpn.com,registry-absent,True,False,58.75,focused-invented-vpn,2026-08-30T20:41:11.247655+00:00,404,244,
kaevavpn.com,registry-absent,True,False,58.75,focused-invented-vpn,2026-08-30T20:41:11.389046+00:00,404,259,
kaevivpn.com,registry-absent,True,False,58.75,focused-invented-vpn,2026-08-30T20:41:11.473009+00:00,404,218,
kaevovpn.com,registry-absent,True,False,58.75,focused-invented-vpn,2026-08-30T20:41:11.600607+00:00,404,219,
kaezavpn.com,registry-absent,True,False,58.75,focused-invented-vpn,2026-08-30T20:41:11.771239+00:00,404,264,
kaezovpn.com,registry-absent,True,False,58.75,focused-invented-vpn,2026-08-30T20:41:11.975589+00:00,404,347,
kiolavpn.com,registry-absent,True,False,58.75,focused-invented-vpn,2026-08-30T20:41:11.975979+00:00,404,219,
kiolovpn.com,registry-absent,True,False,58.75,focused-invented-vpn,2026-08-30T20:41:12.095762+00:00,404,218,
kionavpn.com,registry-absent,True,False,58.75,focused-invented-vpn,2026-08-30T20:41:12.294710+00:00,404,291,
kionovpn.com,registry-absent,True,False,58.75,focused-invented-vpn,2026-08-30T20:41:12.434461+00:00,404,306,
kioravpn.com,registry-absent,True,False,58.75,focused-invented-vpn,2026-08-30T20:41:12.470791+00:00,404,218,
kiorivpn.com,registry-absent,True,False,58.75,focused-invented-vpn,2026-08-30T20:41:12.594130+00:00,404,217,
kiorovpn.com,registry-absent,True,False,58.75,focused-invented-vpn,2026-08-30T20:41:12.748780+00:00,404,244,
kiovavpn.com,registry-absent,True,False,58.75,focused-invented-vpn,2026-08-30T20:41:12.894196+00:00,404,265,
kiovivpn.com,registry-absent,True,False,58.75,focused-invented-vpn,2026-08-30T20:41:12.969685+00:00,404,216,
kiovovpn.com,registry-absent,True,False,58.75,focused-invented-vpn,2026-08-30T20:41:13.096016+00:00,404,218,
kiozavpn.com,registry-absent,True,False,58.75,focused-invented-vpn,2026-08-30T20:41:13.344584+00:00,404,341,
kiozovpn.com,registry-absent,True,False,58.75,focused-invented-vpn,2026-08-30T20:41:13.419084+00:00,404,288,
laelavpn.com,registry-absent,True,False,58.75,focused-invented-vpn,2026-08-30T20:41:13.483394+00:00,404,227,
laelovpn.com,registry-absent,True,False,58.75,focused-invented-vpn,2026-08-30T20:41:13.597346+00:00,404,218,
laenavpn.com,registry-absent,True,False,58.75,focused-invented-vpn,2026-08-30T20:41:13.807463+00:00,404,305,
laenovpn.com,registry-absent,True,False,58.75,focused-invented-vpn,2026-08-30T20:41:13.878812+00:00,404,250,
laeravpn.com,registry-absent,True,False,58.75,focused-invented-vpn,2026-08-30T20:41:14.110256+00:00,404,358,
laerivpn.com,registry-absent,True,False,58.75,focused-invented-vpn,2026-08-30T20:41:14.345541+00:00,404,465,
laerovpn.com,registry-absent,True,False,58.75,focused-invented-vpn,2026-08-30T20:41:14.432630+00:00,404,431,
laevavpn.com,registry-absent,True,False,58.75,focused-invented-vpn,2026-08-30T20:41:14.669823+00:00,404,521,
laevivpn.com,registry-absent,True,False,58.75,focused-invented-vpn,2026-08-30T20:41:14.741678+00:00,404,489,
laevovpn.com,registry-absent,True,False,58.75,focused-invented-vpn,2026-08-30T20:41:14.849613+00:00,404,443,
laezavpn.com,registry-absent,True,False,58.75,focused-invented-vpn,2026-08-30T20:41:14.850041+00:00,404,338,
laezovpn.com,registry-absent,True,False,58.75,focused-invented-vpn,2026-08-30T20:41:15.732985+00:00,404,1104,
liolavpn.com,registry-absent,True,False,58.75,focused-invented-vpn,2026-08-30T20:41:15.169686+00:00,404,416,
liolovpn.com,registry-absent,True,False,58.75,focused-invented-vpn,2026-08-30T20:41:15.169975+00:00,404,291,
lionavpn.com,registry-absent,True,False,58.75,focused-invented-vpn,2026-08-30T20:41:15.234762+00:00,404,229,
lionovpn.com,registry-absent,True,False,58.75,focused-invented-vpn,2026-08-30T20:41:15.370842+00:00,404,242,
liorivpn.com,registry-absent,True,False,58.75,focused-invented-vpn,2026-08-30T20:41:15.733260+00:00,404,478,
liorovpn.com,registry-absent,True,False,58.75,focused-invented-vpn,2026-08-30T20:41:15.893904+00:00,404,513,
liovavpn.com,registry-absent,True,False,58.75,focused-invented-vpn,2026-08-30T20:41:16.073763+00:00,404,567,
liovivpn.com,registry-absent,True,False,58.75,focused-invented-vpn,2026-08-30T20:41:16.073193+00:00,404,444,
liovovpn.com,registry-absent,True,False,58.75,focused-invented-vpn,2026-08-30T20:41:16.145989+00:00,404,390,
liozavpn.com,registry-absent,True,False,58.75,focused-invented-vpn,2026-08-30T20:41:16.217013+00:00,404,339,
liozovpn.com,registry-absent,True,False,58.75,focused-invented-vpn,2026-08-30T20:41:17.044059+00:00,404,1040,
maelavpn.com,registry-absent,True,False,58.75,focused-invented-vpn,2026-08-30T20:41:17.040671+00:00,404,910,
maelovpn.com,registry-absent,True,False,58.75,focused-invented-vpn,2026-08-30T20:41:17.189238+00:00,404,936,
maenavpn.com,registry-absent,True,False,58.75,focused-invented-vpn,2026-08-30T20:41:17.265666+00:00,404,887,
maenovpn.com,registry-absent,True,False,58.75,focused-invented-vpn,2026-08-30T20:41:17.338088+00:00,404,833,
maeravpn.com,registry-absent,True,False,58.75,focused-invented-vpn,2026-08-30T20:41:17.339068+00:00,404,711,
maerivpn.com,registry-absent,True,False,58.75,focused-invented-vpn,2026-08-30T20:41:17.339309+00:00,404,297,
maerovpn.com,registry-absent,True,False,58.75,focused-invented-vpn,2026-08-30T20:41:17.467402+00:00,404,296,
maevavpn.com,registry-absent,True,False,58.75,focused-invented-vpn,2026-08-30T20:41:17.644751+00:00,404,349,
maevivpn.com,registry-absent,True,False,58.75,focused-invented-vpn,2026-08-30T20:41:17.894275+00:00,404,476,
maevovpn.com,registry-absent,True,False,58.75,focused-invented-vpn,2026-08-30T20:41:18.167997+00:00,404,622,
maezavpn.com,registry-absent,True,False,58.75,focused-invented-vpn,2026-08-30T20:41:18.168421+00:00,404,496,
maezovpn.com,registry-absent,True,False,58.75,focused-invented-vpn,2026-08-30T20:41:18.169129+00:00,404,372,
miolavpn.com,registry-absent,True,False,58.75,focused-invented-vpn,2026-08-30T20:41:18.356998+00:00,404,436,
miolovpn.com,registry-absent,True,False,58.75,focused-invented-vpn,2026-08-30T20:41:18.515441+00:00,404,471,
mionavpn.com,registry-absent,True,False,58.75,focused-invented-vpn,2026-08-30T20:41:18.515853+00:00,404,347,
mionovpn.com,registry-absent,True,False,58.75,focused-invented-vpn,2026-08-30T20:41:18.642131+00:00,404,348,
mioravpn.com,registry-absent,True,False,58.75,focused-invented-vpn,2026-08-30T20:41:18.893428+00:00,404,471,
miorivpn.com,registry-absent,True,False,58.75,focused-invented-vpn,2026-08-30T20:41:19.039478+00:00,404,493,
miorovpn.com,registry-absent,True,False,58.75,focused-invented-vpn,2026-08-30T20:41:19.039950+00:00,404,367,
miovavpn.com,registry-absent,True,False,58.75,focused-invented-vpn,2026-08-30T20:41:19.164944+00:00,404,367,
miovivpn.com,registry-absent,True,False,58.75,focused-invented-vpn,2026-08-30T20:41:19.292228+00:00,404,370,
miovovpn.com,registry-absent,True,False,58.75,focused-invented-vpn,2026-08-30T20:41:19.362045+00:00,404,315,
miozavpn.com,registry-absent,True,False,58.75,focused-invented-vpn,2026-08-30T20:41:19.467318+00:00,404,298,
miozovpn.com,registry-absent,True,False,58.75,focused-invented-vpn,2026-08-30T20:41:19.569290+00:00,404,274,
naelavpn.com,registry-absent,True,False,58.75,focused-invented-vpn,2026-08-30T20:41:19.818235+00:00,404,396,
naelovpn.com,registry-absent,True,False,58.75,focused-invented-vpn,2026-08-30T20:41:19.942569+00:00,404,400,
naenavpn.com,registry-absent,True,False,58.75,focused-invented-vpn,2026-08-30T20:41:20.090171+00:00,404,421,
naenovpn.com,registry-absent,True,False,58.75,focused-invented-vpn,2026-08-30T20:41:20.220227+00:00,404,425,
naeravpn.com,registry-absent,True,False,58.75,focused-invented-vpn,2026-08-30T20:41:20.347333+00:00,404,428,
naerivpn.com,registry-absent,True,False,58.75,focused-invented-vpn,2026-08-30T20:41:20.424731+00:00,404,376,
naerovpn.com,registry-absent,True,False,58.75,focused-invented-vpn,2026-08-30T20:41:20.499251+00:00,404,329,
naevavpn.com,registry-absent,True,False,58.75,focused-invented-vpn,2026-08-30T20:41:20.613206+00:00,404,316,
naevivpn.com,registry-absent,True,False,58.75,focused-invented-vpn,2026-08-30T20:41:20.687607+00:00,404,263,
naevovpn.com,registry-absent,True,False,58.75,focused-invented-vpn,2026-08-30T20:41:20.823445+00:00,404,280,
naezavpn.com,registry-absent,True,False,58.75,focused-invented-vpn,2026-08-30T20:41:20.891358+00:00,404,219,
naezovpn.com,registry-absent,True,False,58.75,focused-invented-vpn,2026-08-30T20:41:21.037802+00:00,404,243,
niolavpn.com,registry-absent,True,False,58.75,focused-invented-vpn,2026-08-30T20:41:21.211678+00:00,404,290,
niolovpn.com,registry-absent,True,False,58.75,focused-invented-vpn,2026-08-30T20:41:21.349053+00:00,404,302,
nionavpn.com,registry-absent,True,False,58.75,focused-invented-vpn,2026-08-30T20:41:21.392569+00:00,404,222,
nionovpn.com,registry-absent,True,False,58.75,focused-invented-vpn,2026-08-30T20:41:21.515984+00:00,404,219,
nioravpn.com,registry-absent,True,False,58.75,focused-invented-vpn,2026-08-30T20:41:21.663029+00:00,404,245,
niorivpn.com,registry-absent,True,False,58.75,focused-invented-vpn,2026-08-30T20:41:21.808130+00:00,404,264,
niorovpn.com,registry-absent,True,False,58.75,focused-invented-vpn,2026-08-30T20:41:21.886309+00:00,404,217,
niovavpn.com,registry-absent,True,False,58.75,focused-invented-vpn,2026-08-30T20:41:22.020000+00:00,404,223,
niovivpn.com,registry-absent,True,False,58.75,focused-invented-vpn,2026-08-30T20:41:22.186092+00:00,404,264,
niovovpn.com,registry-absent,True,False,58.75,focused-invented-vpn,2026-08-30T20:41:22.329845+00:00,404,286,
niozavpn.com,registry-absent,True,False,58.75,focused-invented-vpn,2026-08-30T20:41:22.397506+00:00,404,227,
niozovpn.com,registry-absent,True,False,58.75,focused-invented-vpn,2026-08-30T20:41:22.513417+00:00,404,219,
paelavpn.com,registry-absent,True,False,58.75,focused-invented-vpn,2026-08-30T20:41:22.712043+00:00,404,293,
paelovpn.com,registry-absent,True,False,58.75,focused-invented-vpn,2026-08-30T20:41:22.847580+00:00,404,301,
paenavpn.com,registry-absent,True,False,58.75,focused-invented-vpn,2026-08-30T20:41:22.920591+00:00,404,252,
paenovpn.com,registry-absent,True,False,58.75,focused-invented-vpn,2026-08-30T20:41:23.015935+00:00,404,219,
paeravpn.com,registry-absent,True,False,58.75,focused-invented-vpn,2026-08-30T20:41:23.234884+00:00,404,313,
paerivpn.com,registry-absent,True,False,58.75,focused-invented-vpn,2026-08-30T20:41:23.310797+00:00,404,268,
paerovpn.com,registry-absent,True,False,58.75,focused-invented-vpn,2026-08-30T20:41:23.441920+00:00,404,271,
paevavpn.com,registry-absent,True,False,58.75,focused-invented-vpn,2026-08-30T20:41:23.517299+00:00,404,220,
paevivpn.com,registry-absent,True,False,58.75,focused-invented-vpn,2026-08-30T20:41:23.635219+00:00,404,216,
paevovpn.com,registry-absent,True,False,58.75,focused-invented-vpn,2026-08-30T20:41:23.830779+00:00,404,285,
paezavpn.com,registry-absent,True,False,58.75,focused-invented-vpn,2026-08-30T20:41:23.965785+00:00,404,296,
paezovpn.com,registry-absent,True,False,58.75,focused-invented-vpn,2026-08-30T20:41:24.017563+00:00,404,220,
piolavpn.com,registry-absent,True,False,58.75,focused-invented-vpn,2026-08-30T20:41:24.141278+00:00,404,222,
piolovpn.com,registry-absent,True,False,58.75,focused-invented-vpn,2026-08-30T20:41:24.353660+00:00,404,306,
pionavpn.com,registry-absent,True,False,58.75,focused-invented-vpn,2026-08-30T20:41:24.426447+00:00,404,258,
pionovpn.com,registry-absent,True,False,58.75,focused-invented-vpn,2026-08-30T20:41:24.520913+00:00,404,223,
pioravpn.com,registry-absent,True,False,58.75,focused-invented-vpn,2026-08-30T20:41:24.642370+00:00,404,220,
piorivpn.com,registry-absent,True,False,58.75,focused-invented-vpn,2026-08-30T20:41:24.807222+00:00,404,260,
piorovpn.com,registry-absent,True,False,58.75,focused-invented-vpn,2026-08-30T20:41:24.958312+00:00,404,286,
piovavpn.com,registry-absent,True,False,58.75,focused-invented-vpn,2026-08-30T20:41:25.016100+00:00,404,222,
piovivpn.com,registry-absent,True,False,58.75,focused-invented-vpn,2026-08-30T20:41:25.138084+00:00,404,217,
piovovpn.com,registry-absent,True,False,58.75,focused-invented-vpn,2026-08-30T20:41:25.401113+00:00,404,357,
piozavpn.com,registry-absent,True,False,58.75,focused-invented-vpn,2026-08-30T20:41:25.475384+00:00,404,307,
piozovpn.com,registry-absent,True,False,58.75,focused-invented-vpn,2026-08-30T20:41:25.546867+00:00,404,252,
raelavpn.com,registry-absent,True,False,58.75,focused-invented-vpn,2026-08-30T20:41:25.636309+00:00,404,217,
raelovpn.com,registry-absent,True,False,58.75,focused-invented-vpn,2026-08-30T20:41:25.762121+00:00,404,216,
raenavpn.com,registry-absent,True,False,58.75,focused-invented-vpn,2026-08-30T20:41:25.929042+00:00,404,257,
raenovpn.com,registry-absent,True,False,58.75,focused-invented-vpn,2026-08-30T20:41:26.065599+00:00,404,268,
raeravpn.com,registry-absent,True,False,58.75,focused-invented-vpn,2026-08-30T20:41:26.137643+00:00,404,219,
raerivpn.com,registry-absent,True,False,58.75,focused-invented-vpn,2026-08-30T20:41:26.265500+00:00,404,218,
raerovpn.com,registry-absent,True,False,58.75,focused-invented-vpn,2026-08-30T20:41:26.454103+00:00,404,284,
raevavpn.com,registry-absent,True,False,58.75,focused-invented-vpn,2026-08-30T20:41:26.591114+00:00,404,294,
raevivpn.com,registry-absent,True,False,58.75,focused-invented-vpn,2026-08-30T20:41:26.639973+00:00,404,219,
raevovpn.com,registry-absent,True,False,58.75,focused-invented-vpn,2026-08-30T20:41:27.292594+00:00,404,747,
raezavpn.com,registry-absent,True,False,58.75,focused-invented-vpn,2026-08-30T20:41:26.967534+00:00,404,297,
raezovpn.com,registry-absent,True,False,58.75,focused-invented-vpn,2026-08-30T20:41:27.046295+00:00,404,249,
riolavpn.com,registry-absent,True,False,58.75,focused-invented-vpn,2026-08-30T20:41:27.135748+00:00,404,215,
riolovpn.com,registry-absent,True,False,58.75,focused-invented-vpn,2026-08-30T20:41:27.266636+00:00,404,219,
rionavpn.com,registry-absent,True,False,58.75,focused-invented-vpn,2026-08-30T20:41:27.427388+00:00,404,258,
rionovpn.com,registry-absent,True,False,58.75,focused-invented-vpn,2026-08-30T20:41:27.572455+00:00,404,280,
rioravpn.com,registry-absent,True,False,58.75,focused-invented-vpn,2026-08-30T20:41:27.642559+00:00,404,221,
riorivpn.com,registry-absent,True,False,58.75,focused-invented-vpn,2026-08-30T20:41:27.766919+00:00,404,219,
riorovpn.com,registry-absent,True,False,58.75,focused-invented-vpn,2026-08-30T20:41:27.952759+00:00,404,284,
riovavpn.com,registry-absent,True,False,58.75,focused-invented-vpn,2026-08-30T20:41:28.096188+00:00,404,302,
riovivpn.com,registry-absent,True,False,58.75,focused-invented-vpn,2026-08-30T20:41:28.162953+00:00,404,241,
riovovpn.com,registry-absent,True,False,58.75,focused-invented-vpn,2026-08-30T20:41:28.263392+00:00,404,217,
riozavpn.com,registry-absent,True,False,58.75,focused-invented-vpn,2026-08-30T20:41:28.387616+00:00,404,217,
riozovpn.com,registry-absent,True,False,58.75,focused-invented-vpn,2026-08-30T20:41:28.548210+00:00,404,254,
saelavpn.com,registry-absent,True,False,58.75,focused-invented-vpn,2026-08-30T20:41:28.688449+00:00,404,271,
saelovpn.com,registry-absent,True,False,58.75,focused-invented-vpn,2026-08-30T20:41:28.762610+00:00,404,216,
saenavpn.com,registry-absent,True,False,58.75,focused-invented-vpn,2026-08-30T20:41:28.888922+00:00,404,216,
saenovpn.com,registry-absent,True,False,58.75,focused-invented-vpn,2026-08-30T20:41:29.668159+00:00,404,872,
saeravpn.com,registry-absent,True,False,58.75,focused-invented-vpn,2026-08-30T20:41:29.211905+00:00,404,289,
saerivpn.com,registry-absent,True,False,58.75,focused-invented-vpn,2026-08-30T20:41:29.265261+00:00,404,218,
saerovpn.com,registry-absent,True,False,58.75,focused-invented-vpn,2026-08-30T20:41:29.388532+00:00,404,220,
saevavpn.com,registry-absent,True,False,58.75,focused-invented-vpn,2026-08-30T20:41:29.597777+00:00,404,301,
saevivpn.com,registry-absent,True,False,58.75,focused-invented-vpn,2026-08-30T20:41:29.676595+00:00,404,255,
saevovpn.com,registry-absent,True,False,58.75,focused-invented-vpn,2026-08-30T20:41:29.764678+00:00,404,221,
saezavpn.com,registry-absent,True,False,58.75,focused-invented-vpn,2026-08-30T20:41:29.889642+00:00,404,218,
saezovpn.com,registry-absent,True,False,58.75,focused-invented-vpn,2026-08-30T20:41:30.049503+00:00,404,255,
siolavpn.com,registry-absent,True,False,58.75,focused-invented-vpn,2026-08-30T20:41:30.193110+00:00,404,271,
siolovpn.com,registry-absent,True,False,58.75,focused-invented-vpn,2026-08-30T20:41:30.262181+00:00,404,219,
sionavpn.com,registry-absent,True,False,58.75,focused-invented-vpn,2026-08-30T20:41:30.389898+00:00,404,218,
sionovpn.com,registry-absent,True,False,58.75,focused-invented-vpn,2026-08-30T20:41:30.574297+00:00,404,282,
sioravpn.com,registry-absent,True,False,58.75,focused-invented-vpn,2026-08-30T20:41:30.716309+00:00,404,297,
siorivpn.com,registry-absent,True,False,58.75,focused-invented-vpn,2026-08-30T20:41:30.792954+00:00,404,245,
siorovpn.com,registry-absent,True,False,58.75,focused-invented-vpn,2026-08-30T20:41:30.889037+00:00,404,221,
siovavpn.com,registry-absent,True,False,58.75,focused-invented-vpn,2026-08-30T20:41:31.099108+00:00,404,305,
siovivpn.com,registry-absent,True,False,58.75,focused-invented-vpn,2026-08-30T20:41:31.169776+00:00,404,248,
siovovpn.com,registry-absent,True,False,58.75,focused-invented-vpn,2026-08-30T20:41:31.309795+00:00,404,267,
siozavpn.com,registry-absent,True,False,58.75,focused-invented-vpn,2026-08-30T20:41:31.386918+00:00,404,219,
siozovpn.com,registry-absent,True,False,58.75,focused-invented-vpn,2026-08-30T20:41:31.523737+00:00,404,230,
taelavpn.com,registry-absent,True,False,58.75,focused-invented-vpn,2026-08-30T20:41:31.699135+00:00,404,277,
taelovpn.com,registry-absent,True,False,58.75,focused-invented-vpn,2026-08-30T20:41:31.833515+00:00,404,289,
taenavpn.com,registry-absent,True,False,58.75,focused-invented-vpn,2026-08-30T20:41:31.890766+00:00,404,221,
taenovpn.com,registry-absent,True,False,58.75,focused-invented-vpn,2026-08-30T20:41:32.012267+00:00,404,219,
taeravpn.com,registry-absent,True,False,58.75,focused-invented-vpn,2026-08-30T20:41:32.217451+00:00,404,298,
taerivpn.com,registry-absent,True,False,58.75,focused-invented-vpn,2026-08-30T20:41:32.290577+00:00,404,243,
taerovpn.com,registry-absent,True,False,58.75,focused-invented-vpn,2026-08-30T20:41:32.386806+00:00,404,216,
taevavpn.com,registry-absent,True,False,58.75,focused-invented-vpn,2026-08-30T20:41:32.514177+00:00,404,221,
taevivpn.com,registry-absent,True,False,58.75,focused-invented-vpn,2026-08-30T20:41:32.671382+00:00,404,251,
taevovpn.com,registry-absent,True,False,58.75,focused-invented-vpn,2026-08-30T20:41:32.821584+00:00,404,276,
taezavpn.com,registry-absent,True,False,58.75,focused-invented-vpn,2026-08-30T20:41:32.891972+00:00,404,221,
taezovpn.com,registry-absent,True,False,58.75,focused-invented-vpn,2026-08-30T20:41:33.016998+00:00,404,220,
tiolavpn.com,registry-absent,True,False,58.75,focused-invented-vpn,2026-08-30T20:41:33.196359+00:00,404,275,
tiolovpn.com,registry-absent,True,False,58.75,focused-invented-vpn,2026-08-30T20:41:33.340243+00:00,404,293,
tionavpn.com,registry-absent,True,False,58.75,focused-invented-vpn,2026-08-30T20:41:33.404216+00:00,404,234,
tionovpn.com,registry-absent,True,False,58.75,focused-invented-vpn,2026-08-30T20:41:33.510498+00:00,404,214,
tioravpn.com,registry-absent,True,False,58.75,focused-invented-vpn,2026-08-30T20:41:33.719559+00:00,404,299,
tiorivpn.com,registry-absent,True,False,58.75,focused-invented-vpn,2026-08-30T20:41:33.791267+00:00,404,248,
tiorovpn.com,registry-absent,True,False,58.75,focused-invented-vpn,2026-08-30T20:41:33.929198+00:00,404,261,
tiovavpn.com,registry-absent,True,False,58.75,focused-invented-vpn,2026-08-30T20:41:34.015494+00:00,404,218,
tiovivpn.com,registry-absent,True,False,58.75,focused-invented-vpn,2026-08-30T20:41:34.674280+00:00,404,754,
tiovovpn.com,registry-absent,True,False,58.75,focused-invented-vpn,2026-08-30T20:41:34.314578+00:00,404,272,
tiozavpn.com,registry-absent,True,False,58.75,focused-invented-vpn,2026-08-30T20:41:34.453710+00:00,404,285,
tiozovpn.com,registry-absent,True,False,58.75,focused-invented-vpn,2026-08-30T20:41:34.528287+00:00,404,231,
vaelavpn.com,registry-absent,True,False,58.75,focused-invented-vpn,2026-08-30T20:41:34.636296+00:00,404,215,
vaelovpn.com,registry-absent,True,False,58.75,focused-invented-vpn,2026-08-30T20:41:34.840183+00:00,404,294,
vaenavpn.com,registry-absent,True,False,58.75,focused-invented-vpn,2026-08-30T20:41:34.911918+00:00,404,241,
vaenovpn.com,registry-absent,True,False,58.75,focused-invented-vpn,2026-08-30T20:41:35.011566+00:00,404,215,
vaeravpn.com,registry-absent,True,False,58.75,focused-invented-vpn,2026-08-30T20:41:35.137882+00:00,404,216,
vaerivpn.com,registry-absent,True,False,58.75,focused-invented-vpn,2026-08-30T20:41:35.292589+00:00,404,245,
vaerovpn.com,registry-absent,True,False,58.75,focused-invented-vpn,2026-08-30T20:41:35.436857+00:00,404,269,
vaevavpn.com,registry-absent,True,False,58.75,focused-invented-vpn,2026-08-30T20:41:35.509881+00:00,404,216,
vaevivpn.com,registry-absent,True,False,58.75,focused-invented-vpn,2026-08-30T20:41:35.632394+00:00,404,214,
vaevovpn.com,registry-absent,True,False,58.75,focused-invented-vpn,2026-08-30T20:41:35.887704+00:00,404,341,
vaezavpn.com,registry-absent,True,False,58.75,focused-invented-vpn,2026-08-30T20:41:35.960649+00:00,404,290,
vaezovpn.com,registry-absent,True,False,58.75,focused-invented-vpn,2026-08-30T20:41:36.026388+00:00,404,231,
violavpn.com,registry-absent,True,False,58.75,focused-invented-vpn,2026-08-30T20:41:36.137059+00:00,404,215,
violovpn.com,registry-absent,True,False,58.75,focused-invented-vpn,2026-08-30T20:41:36.353667+00:00,404,306,
vionavpn.com,registry-absent,True,False,58.75,focused-invented-vpn,2026-08-30T20:41:36.438128+00:00,404,266,
vionovpn.com,registry-absent,True,False,58.75,focused-invented-vpn,2026-08-30T20:41:36.631062+00:00,404,334,
vioravpn.com,registry-absent,True,False,58.75,focused-invented-vpn,2026-08-30T20:41:36.633405+00:00,404,214,
viorivpn.com,registry-absent,True,False,58.75,focused-invented-vpn,2026-08-30T20:41:37.287682+00:00,404,745,
viorovpn.com,registry-absent,True,False,58.75,focused-invented-vpn,2026-08-30T20:41:36.942872+00:00,404,270,
viovavpn.com,registry-absent,True,False,58.75,focused-invented-vpn,2026-08-30T20:41:37.070502+00:00,404,275,
viovivpn.com,registry-absent,True,False,58.75,focused-invented-vpn,2026-08-30T20:41:37.139569+00:00,404,219,
viovovpn.com,registry-absent,True,False,58.75,focused-invented-vpn,2026-08-30T20:41:37.264520+00:00,404,218,
viozavpn.com,registry-absent,True,False,58.75,focused-invented-vpn,2026-08-30T20:41:37.535368+00:00,404,365,
viozovpn.com,registry-absent,True,False,58.75,focused-invented-vpn,2026-08-30T20:41:37.599962+00:00,404,303,
zaelavpn.com,registry-absent,True,False,58.75,focused-invented-vpn,2026-08-30T20:41:37.639619+00:00,404,217,
zaelovpn.com,registry-absent,True,False,58.75,focused-invented-vpn,2026-08-30T20:41:37.766062+00:00,404,218,
zaenavpn.com,registry-absent,True,False,58.75,focused-invented-vpn,2026-08-30T20:41:37.915719+00:00,404,245,
zaenovpn.com,registry-absent,True,False,58.75,focused-invented-vpn,2026-08-30T20:41:38.065112+00:00,404,270,
zaeravpn.com,registry-absent,True,False,58.75,focused-invented-vpn,2026-08-30T20:41:38.136013+00:00,404,214,
zaerivpn.com,registry-absent,True,False,58.75,focused-invented-vpn,2026-08-30T20:41:38.261322+00:00,404,219,
zaerovpn.com,registry-absent,True,False,58.75,focused-invented-vpn,2026-08-30T20:41:38.438456+00:00,404,268,
zaevavpn.com,registry-absent,True,False,58.75,focused-invented-vpn,2026-08-30T20:41:38.584008+00:00,404,289,
zaevivpn.com,registry-absent,True,False,58.75,focused-invented-vpn,2026-08-30T20:41:38.646950+00:00,404,228,
zaevovpn.com,registry-absent,True,False,58.75,focused-invented-vpn,2026-08-30T20:41:38.763330+00:00,404,219,
zaezavpn.com,registry-absent,True,False,58.75,focused-invented-vpn,2026-08-30T20:41:38.963925+00:00,404,292,
zaezovpn.com,registry-absent,True,False,58.75,focused-invented-vpn,2026-08-30T20:41:39.099781+00:00,404,302,
ziolavpn.com,registry-absent,True,False,58.75,focused-invented-vpn,2026-08-30T20:41:39.174682+00:00,404,252,
ziolovpn.com,registry-absent,True,False,58.75,focused-invented-vpn,2026-08-30T20:41:39.255994+00:00,404,213,
zionavpn.com,registry-absent,True,False,58.75,focused-invented-vpn,2026-08-30T20:41:39.386569+00:00,404,214,
zionovpn.com,registry-absent,True,False,58.75,focused-invented-vpn,2026-08-30T20:41:39.560683+00:00,404,265,
zioravpn.com,registry-absent,True,False,58.75,focused-invented-vpn,2026-08-30T20:41:39.696528+00:00,404,278,
ziorivpn.com,registry-absent,True,False,58.75,focused-invented-vpn,2026-08-30T20:41:39.758689+00:00,404,216,
ziorovpn.com,registry-absent,True,False,58.75,focused-invented-vpn,2026-08-30T20:41:39.884777+00:00,404,217,
ziovavpn.com,registry-absent,True,False,58.75,focused-invented-vpn,2026-08-30T20:41:40.086409+00:00,404,288,
ziovivpn.com,registry-absent,True,False,58.75,focused-invented-vpn,2026-08-30T20:41:40.222651+00:00,404,303,
ziovovpn.com,registry-absent,True,False,58.75,focused-invented-vpn,2026-08-30T20:41:40.265630+00:00,404,217,
ziozavpn.com,registry-absent,True,False,58.75,focused-invented-vpn,2026-08-30T20:41:40.390595+00:00,404,220,
ziozovpn.com,registry-absent,True,False,58.75,focused-invented-vpn,2026-08-30T20:41:40.536709+00:00,404,242,
aegiproxy.com,registry-absent,True,False,57.5,focused-proxy,2026-08-30T20:41:40.679548+00:00,404,261,
aeriproxy.com,registry-absent,True,False,57.5,focused-proxy,2026-08-30T20:41:40.761597+00:00,404,216,
altiproxy.com,registry-absent,True,False,57.5,focused-proxy,2026-08-30T20:41:40.884904+00:00,404,214,
anviproxy.com,registry-absent,True,False,57.5,focused-proxy,2026-08-30T20:41:41.726555+00:00,404,931,
arcaproxy.com,registered,False,True,57.5,focused-proxy,2026-08-30T20:41:41.270935+00:00,200,349,
arioproxy.com,registry-absent,True,False,57.5,focused-proxy,2026-08-30T20:41:41.270538+00:00,404,225,
arviproxy.com,registry-absent,True,False,57.5,focused-proxy,2026-08-30T20:41:41.386476+00:00,404,218,
auriproxy.com,registry-absent,True,False,57.5,focused-proxy,2026-08-30T20:41:41.585967+00:00,404,291,
avioproxy.com,registry-absent,True,False,57.5,focused-proxy,2026-08-30T20:41:41.726850+00:00,404,304,
avraproxy.com,registry-absent,True,False,57.5,focused-proxy,2026-08-30T20:41:42.374381+00:00,404,831,
avroproxy.com,registry-absent,True,False,57.5,focused-proxy,2026-08-30T20:41:41.885688+00:00,404,213,
belaproxy.com,registry-absent,True,False,57.5,focused-proxy,2026-08-30T20:41:42.012679+00:00,404,215,
ceriproxy.com,registry-absent,True,False,57.5,focused-proxy,2026-08-30T20:41:42.185756+00:00,404,264,
ceroproxy.com,registry-absent,True,False,57.5,focused-proxy,2026-08-30T20:41:42.324625+00:00,404,277,
ciraproxy.com,registry-absent,True,False,57.5,focused-proxy,2026-08-30T20:41:42.388084+00:00,404,216,
ciroproxy.com,registry-absent,True,False,57.5,focused-proxy,2026-08-30T20:41:42.513679+00:00,404,218,
cyraproxy.com,registry-absent,True,False,57.5,focused-proxy,2026-08-30T20:41:42.706427+00:00,404,286,
daliproxy.com,registry-absent,True,False,57.5,focused-proxy,2026-08-30T20:41:42.841093+00:00,404,294,
dovaproxy.com,registry-absent,True,False,57.5,focused-proxy,2026-08-30T20:41:42.884863+00:00,404,216,
elioproxy.com,registry-absent,True,False,57.5,focused-proxy,2026-08-30T20:41:43.011851+00:00,404,218,
elvaproxy.com,registry-absent,True,False,57.5,focused-proxy,2026-08-30T20:41:43.818251+00:00,404,899,
ensoproxy.com,registered,False,True,57.5,focused-proxy,2026-08-30T20:41:43.307317+00:00,200,264,
evraproxy.com,registry-absent,True,False,57.5,focused-proxy,2026-08-30T20:41:43.388970+00:00,404,218,
evriproxy.com,registry-absent,True,False,57.5,focused-proxy,2026-08-30T20:41:43.510191+00:00,404,216,
firaproxy.com,registry-absent,True,False,57.5,focused-proxy,2026-08-30T20:41:43.682947+00:00,404,264,
havoproxy.com,registry-absent,True,False,57.5,focused-proxy,2026-08-30T20:41:43.829603+00:00,404,285,
hiddenvpn.com,registered,False,True,57.5,focused-vpn,2026-08-30T20:41:43.889779+00:00,200,217,
joviproxy.com,registry-absent,True,False,57.5,focused-proxy,2026-08-30T20:41:44.009848+00:00,404,217,
kaviproxy.com,registry-absent,True,False,57.5,focused-proxy,2026-08-30T20:41:44.206695+00:00,404,285,
kivoproxy.com,registry-absent,True,False,57.5,focused-proxy,2026-08-30T20:41:44.351024+00:00,404,307,
liraproxy.com,registry-absent,True,False,57.5,focused-proxy,2026-08-30T20:41:44.416677+00:00,404,244,
lumoproxy.com,registry-absent,True,False,57.5,focused-proxy,2026-08-30T20:41:44.511157+00:00,404,216,
miraproxy.com,registry-absent,True,False,57.5,focused-proxy,2026-08-30T20:41:44.638142+00:00,404,217,
miroproxy.com,registry-absent,True,False,57.5,focused-proxy,2026-08-30T20:41:44.806039+00:00,404,259,
myraproxy.com,registry-absent,True,False,57.5,focused-proxy,2026-08-30T20:41:44.939327+00:00,404,267,
navoproxy.com,registry-absent,True,False,57.5,focused-proxy,2026-08-30T20:41:45.012154+00:00,404,220,
nevaproxy.com,registry-absent,True,False,57.5,focused-proxy,2026-08-30T20:41:45.136657+00:00,404,217,
nevoproxy.com,registry-absent,True,False,57.5,focused-proxy,2026-08-30T20:41:45.324917+00:00,404,281,
nivoproxy.com,registry-absent,True,False,57.5,focused-proxy,2026-08-30T20:41:45.464010+00:00,404,292,
noraproxy.com,registry-absent,True,False,57.5,focused-proxy,2026-08-30T20:41:45.513130+00:00,404,217,
noviproxy.com,registry-absent,True,False,57.5,focused-proxy,2026-08-30T20:41:45.643510+00:00,404,222,
noxaproxy.com,registered,False,True,57.5,focused-proxy,2026-08-30T20:41:45.852522+00:00,200,305,
nyraproxy.com,registry-absent,True,False,57.5,focused-proxy,2026-08-30T20:41:45.923515+00:00,404,251,
orbaproxy.com,registry-absent,True,False,57.5,focused-proxy,2026-08-30T20:41:46.015268+00:00,404,218,
orbiproxy.com,registry-absent,True,False,57.5,focused-proxy,2026-08-30T20:41:46.138296+00:00,404,216,
oriaproxy.com,registry-absent,True,False,57.5,focused-proxy,2026-08-30T20:41:46.303784+00:00,404,256,
orvoproxy.com,registry-absent,True,False,57.5,focused-proxy,2026-08-30T20:41:46.447508+00:00,404,277,
pavoproxy.com,registry-absent,True,False,57.5,focused-proxy,2026-08-30T20:41:46.522853+00:00,404,225,
qiraproxy.com,registry-absent,True,False,57.5,focused-proxy,2026-08-30T20:41:46.638156+00:00,404,217,
qivoproxy.com,registry-absent,True,False,57.5,focused-proxy,2026-08-30T20:41:46.827444+00:00,404,280,
ravoproxy.com,registry-absent,True,False,57.5,focused-proxy,2026-08-30T20:41:46.971960+00:00,404,299,
rivaproxy.com,registry-absent,True,False,57.5,focused-proxy,2026-08-30T20:41:47.597551+00:00,404,800,
rivoproxy.com,registry-absent,True,False,57.5,focused-proxy,2026-08-30T20:41:47.137143+00:00,404,218,
rovaproxy.com,registry-absent,True,False,57.5,focused-proxy,2026-08-30T20:41:47.261129+00:00,404,215,
sivoproxy.com,registry-absent,True,False,57.5,focused-proxy,2026-08-30T20:41:47.420165+00:00,404,249,
soraproxy.com,registry-absent,True,False,57.5,focused-proxy,2026-08-30T20:41:47.561459+00:00,404,264,
taviproxy.com,registry-absent,True,False,57.5,focused-proxy,2026-08-30T20:41:47.638822+00:00,404,217,
teroproxy.com,registry-absent,True,False,57.5,focused-proxy,2026-08-30T20:41:48.291695+00:00,404,747,
tevaproxy.com,registry-absent,True,False,57.5,focused-proxy,2026-08-30T20:41:47.944770+00:00,404,274,
ultoproxy.com,registry-absent,True,False,57.5,focused-proxy,2026-08-30T20:41:48.084057+00:00,404,289,
varaproxy.com,registry-absent,True,False,57.5,focused-proxy,2026-08-30T20:41:48.134747+00:00,404,213,
velaproxy.com,registered,False,True,57.5,focused-proxy,2026-08-30T20:41:48.266236+00:00,200,219,
veraproxy.com,registered,False,True,57.5,focused-proxy,2026-08-30T20:41:48.470839+00:00,200,300,
viraproxy.com,registry-absent,True,False,57.5,focused-proxy,2026-08-30T20:41:48.544639+00:00,404,249,
viroproxy.com,registry-absent,True,False,57.5,focused-proxy,2026-08-30T20:41:48.634117+00:00,404,215,
volaproxy.com,registry-absent,True,False,57.5,focused-proxy,2026-08-30T20:41:48.763991+00:00,404,217,
voraproxy.com,registry-absent,True,False,57.5,focused-proxy,2026-08-30T20:41:48.923713+00:00,404,253,
vyraproxy.com,registry-absent,True,False,57.5,focused-proxy,2026-08-30T20:41:49.066092+00:00,404,269,
zaviproxy.com,registry-absent,True,False,57.5,focused-proxy,2026-08-30T20:41:49.137917+00:00,404,219,
zenoproxy.com,registered,False,True,57.5,focused-proxy,2026-08-30T20:41:49.260438+00:00,200,218,
zevaproxy.com,registry-absent,True,False,57.5,focused-proxy,2026-08-30T20:41:49.448348+00:00,404,276,
zoraproxy.com,registry-absent,True,False,57.5,focused-proxy,2026-08-30T20:41:49.595885+00:00,404,301,
cloakproxy.com,registered,False,True,57.25,focused-proxy,2026-08-30T20:41:49.655327+00:00,200,234,
relayproxy.com,registered,False,True,57.25,focused-proxy,2026-08-30T20:41:49.765206+00:00,200,218,
airloproxy.com,registry-absent,True,False,56.25,focused-proxy,2026-08-30T20:41:49.973337+00:00,404,303,
elaraproxy.com,registry-absent,True,False,56.25,focused-proxy,2026-08-30T20:41:50.045330+00:00,404,251,
envioproxy.com,registry-absent,True,False,56.25,focused-proxy,2026-08-30T20:41:50.181052+00:00,404,259,
fluxaproxy.com,registry-absent,True,False,56.25,focused-proxy,2026-08-30T20:41:50.263264+00:00,404,217,
larioproxy.com,registry-absent,True,False,56.25,focused-proxy,2026-08-30T20:41:50.390474+00:00,404,218,
lenvoproxy.com,registry-absent,True,False,56.25,focused-proxy,2026-08-30T20:41:50.569324+00:00,404,273,
lioraproxy.com,registry-absent,True,False,56.25,focused-proxy,2026-08-30T20:41:50.705647+00:00,404,286,
marvoproxy.com,registry-absent,True,False,56.25,focused-proxy,2026-08-30T20:41:50.763508+00:00,404,216,
melioproxy.com,registry-absent,True,False,56.25,focused-proxy,2026-08-30T20:41:50.885356+00:00,404,216,
merioproxy.com,registry-absent,True,False,56.25,focused-proxy,2026-08-30T20:41:51.092788+00:00,404,295,
nelioproxy.com,registry-absent,True,False,56.25,focused-proxy,2026-08-30T20:41:51.166406+00:00,404,244,
nexioproxy.com,registry-absent,True,False,56.25,focused-proxy,2026-08-30T20:41:51.260078+00:00,404,217,
relvoproxy.com,registry-absent,True,False,56.25,focused-proxy,2026-08-30T20:41:51.387575+00:00,404,215,
revioproxy.com,registry-absent,True,False,56.25,focused-proxy,2026-08-30T20:41:51.544735+00:00,404,250,
ruvioproxy.com,registry-absent,True,False,56.25,focused-proxy,2026-08-30T20:41:51.691366+00:00,404,269,
savioproxy.com,registry-absent,True,False,56.25,focused-proxy,2026-08-30T20:41:51.761567+00:00,404,214,
selvoproxy.com,registry-absent,True,False,56.25,focused-proxy,2026-08-30T20:41:51.887752+00:00,404,217,
solvaproxy.com,registry-absent,True,False,56.25,focused-proxy,2026-08-30T20:41:52.069811+00:00,404,276,
talvoproxy.com,registry-absent,True,False,56.25,focused-proxy,2026-08-30T20:41:52.213802+00:00,404,293,
tarioproxy.com,registry-absent,True,False,56.25,focused-proxy,2026-08-30T20:41:52.281176+00:00,404,234,
tervoproxy.com,registry-absent,True,False,56.25,focused-proxy,2026-08-30T20:41:52.392514+00:00,404,221,
tevioproxy.com,registry-absent,True,False,56.25,focused-proxy,2026-08-30T20:41:52.594835+00:00,404,298,
trivoproxy.com,registry-absent,True,False,56.25,focused-proxy,2026-08-30T20:41:52.666346+00:00,404,244,
truvaproxy.com,registry-absent,True,False,56.25,focused-proxy,2026-08-30T20:41:52.805856+00:00,404,259,
ulvioproxy.com,registry-absent,True,False,56.25,focused-proxy,2026-08-30T20:41:52.890691+00:00,404,218,
varioproxy.com,registry-absent,True,False,56.25,focused-proxy,2026-08-30T20:41:53.018276+00:00,404,222,
velioproxy.com,registry-absent,True,False,56.25,focused-proxy,2026-08-30T20:41:53.190234+00:00,404,269,
verioproxy.com,registry-absent,True,False,56.25,focused-proxy,2026-08-30T20:41:53.334973+00:00,404,289,
viaroproxy.com,registry-absent,True,False,56.25,focused-proxy,2026-08-30T20:41:53.392095+00:00,404,219,
virioproxy.com,registry-absent,True,False,56.25,focused-proxy,2026-08-30T20:41:53.519495+00:00,404,225,
volioproxy.com,registry-absent,True,False,56.25,focused-proxy,2026-08-30T20:41:53.716218+00:00,404,298,
voriaproxy.com,registry-absent,True,False,56.25,focused-proxy,2026-08-30T20:41:53.854342+00:00,404,307,
xalioproxy.com,registry-absent,True,False,56.25,focused-proxy,2026-08-30T20:41:53.896942+00:00,404,225,
xevioproxy.com,registry-absent,True,False,56.25,focused-proxy,2026-08-30T20:41:54.012601+00:00,404,217,
yarioproxy.com,registry-absent,True,False,56.25,focused-proxy,2026-08-30T20:41:54.168901+00:00,404,250,
zarioproxy.com,registry-absent,True,False,56.25,focused-proxy,2026-08-30T20:41:54.318289+00:00,404,276,
zelvoproxy.com,registry-absent,True,False,56.25,focused-proxy,2026-08-30T20:41:54.390513+00:00,404,220,
zevioproxy.com,registry-absent,True,False,56.25,focused-proxy,2026-08-30T20:41:54.512511+00:00,404,217,
vpnmist.com,registry-absent,True,False,56.0,focused-vpn-prefix,2026-08-30T20:41:54.693055+00:00,404,270,
shieldproxy.com,registered,False,True,56.0,focused-proxy,2026-08-30T20:41:54.840928+00:00,200,293,
calmproxy.com,registry-absent,True,False,55.5,focused-proxy,2026-08-30T20:41:54.906217+00:00,404,234,
fastproxy.com,registered,False,True,55.5,focused-proxy,2026-08-30T20:41:55.013784+00:00,200,217,
maskproxy.com,registered,False,True,55.5,focused-proxy,2026-08-30T20:41:55.219146+00:00,200,299,
pathproxy.com,registered,False,True,55.5,focused-proxy,2026-08-30T20:41:55.358250+00:00,200,311,
pureproxy.com,registered,False,True,55.5,focused-proxy,2026-08-30T20:41:55.428103+00:00,200,257,
trueproxy.com,registered,False,True,55.5,focused-proxy,2026-08-30T20:41:55.518741+00:00,200,224,
waveproxy.com,registered,False,True,55.5,focused-proxy,2026-08-30T20:41:55.640315+00:00,200,219,
wingproxy.com,registry-absent,True,False,55.5,focused-proxy,2026-08-30T20:41:55.811187+00:00,404,264,
aegisproxy.com,registered,False,True,54.25,focused-proxy,2026-08-30T20:41:55.947623+00:00,200,275,
ghostproxy.com,registered,False,True,54.25,focused-proxy,2026-08-30T20:41:56.080979+00:00,200,288,
havenproxy.com,registry-absent,True,False,54.25,focused-proxy,2026-08-30T20:41:56.142727+00:00,404,220,
ivoryproxy.com,registry-absent,True,False,54.25,focused-proxy,2026-08-30T20:41:56.335641+00:00,404,288,
lightproxy.com,registered,False,True,54.25,focused-proxy,2026-08-30T20:41:56.475428+00:00,200,303,
lucidproxy.com,registry-absent,True,False,54.25,focused-proxy,2026-08-30T20:41:56.513788+00:00,404,219,
routeproxy.com,registered,False,True,54.25,focused-proxy,2026-08-30T20:41:57.171072+00:00,200,749,
vaultproxy.com,registered,False,True,54.25,focused-proxy,2026-08-30T20:41:56.856979+00:00,200,309,
vividproxy.com,registry-absent,True,False,54.25,focused-proxy,2026-08-30T20:41:56.931667+00:00,404,260,
vpnarc.com,registered,False,True,53.25,focused-vpn-prefix,2026-08-30T20:41:57.012914+00:00,200,219,
brightproxy.com,registered,False,True,53.0,focused-proxy,2026-08-30T20:41:57.140389+00:00,200,221,
covertproxy.com,registered,False,True,53.0,focused-proxy,2026-08-30T20:41:57.316233+00:00,200,269,
mobileproxy.com,registered,False,True,53.0,focused-proxy,2026-08-30T20:41:57.480213+00:00,200,313,
secureproxy.com,registered,False,True,53.0,focused-proxy,2026-08-30T20:41:57.550335+00:00,200,257,
silentproxy.com,registered,False,True,53.0,focused-proxy,2026-08-30T20:41:57.649982+00:00,200,231,
tunnelproxy.com,registered,False,True,53.0,focused-proxy,2026-08-30T20:41:57.837034+00:00,200,292,
ivoveil.com,registry-absent,True,False,52.0,focused-veil,2026-08-30T20:41:57.976503+00:00,404,305,
balaproxy.com,registry-absent,True,False,51.5,focused-invented-proxy,2026-08-30T20:41:58.048849+00:00,404,255,
baloproxy.com,registry-absent,True,False,51.5,focused-invented-proxy,2026-08-30T20:41:58.138681+00:00,404,219,
banaproxy.com,registry-absent,True,False,51.5,focused-invented-proxy,2026-08-30T20:41:58.262069+00:00,404,216,
banoproxy.com,registry-absent,True,False,51.5,focused-invented-proxy,2026-08-30T20:41:58.964346+00:00,404,792,
baraproxy.com,registry-absent,True,False,51.5,focused-invented-proxy,2026-08-30T20:41:58.572418+00:00,404,278,
bariproxy.com,registry-absent,True,False,51.5,focused-invented-proxy,2026-08-30T20:41:58.633604+00:00,404,216,
baroproxy.com,registry-absent,True,False,51.5,focused-invented-proxy,2026-08-30T20:41:58.767926+00:00,404,222,
bavaproxy.com,registry-absent,True,False,51.5,focused-invented-proxy,2026-08-30T20:41:58.964863+00:00,404,297,
baviproxy.com,registry-absent,True,False,51.5,focused-invented-proxy,2026-08-30T20:41:59.102901+00:00,404,305,
bavoproxy.com,registry-absent,True,False,51.5,focused-invented-proxy,2026-08-30T20:41:59.141519+00:00,404,222,
bazaproxy.com,registry-absent,True,False,51.5,focused-invented-proxy,2026-08-30T20:41:59.267187+00:00,404,221,
bazoproxy.com,registry-absent,True,False,51.5,focused-invented-proxy,2026-08-30T20:41:59.409675+00:00,404,241,
beloproxy.com,registry-absent,True,False,51.5,focused-invented-proxy,2026-08-30T20:41:59.555599+00:00,404,262,
benaproxy.com,registry-absent,True,False,51.5,focused-invented-proxy,2026-08-30T20:41:59.644188+00:00,404,222,
benoproxy.com,registry-absent,True,False,51.5,focused-invented-proxy,2026-08-30T20:41:59.764874+00:00,404,220,
beraproxy.com,registry-absent,True,False,51.5,focused-invented-proxy,2026-08-30T20:41:59.934797+00:00,404,262,
beriproxy.com,registry-absent,True,False,51.5,focused-invented-proxy,2026-08-30T20:42:00.082083+00:00,404,285,
beroproxy.com,registry-absent,True,False,51.5,focused-invented-proxy,2026-08-30T20:42:00.145408+00:00,404,224,
bevaproxy.com,registry-absent,True,False,51.5,focused-invented-proxy,2026-08-30T20:42:00.264862+00:00,404,217,
beviproxy.com,registry-absent,True,False,51.5,focused-invented-proxy,2026-08-30T20:42:00.459389+00:00,404,290,
bevoproxy.com,registry-absent,True,False,51.5,focused-invented-proxy,2026-08-30T20:42:00.602774+00:00,404,307,
bezaproxy.com,registry-absent,True,False,51.5,focused-invented-proxy,2026-08-30T20:42:00.671840+00:00,404,249,
bezoproxy.com,registry-absent,True,False,51.5,focused-invented-proxy,2026-08-30T20:42:00.833543+00:00,404,288,
bilaproxy.com,registry-absent,True,False,51.5,focused-invented-proxy,2026-08-30T20:42:00.889240+00:00,404,219,
biloproxy.com,registry-absent,True,False,51.5,focused-invented-proxy,2026-08-30T20:42:01.054619+00:00,404,257,
binaproxy.com,registry-absent,True,False,51.5,focused-invented-proxy,2026-08-30T20:42:01.194861+00:00,404,272,
binoproxy.com,registry-absent,True,False,51.5,focused-invented-proxy,2026-08-30T20:42:01.267176+00:00,404,220,
biraproxy.com,registry-absent,True,False,51.5,focused-invented-proxy,2026-08-30T20:42:01.394049+00:00,404,221,
biriproxy.com,registry-absent,True,False,51.5,focused-invented-proxy,2026-08-30T20:42:01.579110+00:00,404,282,
biroproxy.com,registry-absent,True,False,51.5,focused-invented-proxy,2026-08-30T20:42:01.717506+00:00,404,295,
bivaproxy.com,registry-absent,True,False,51.5,focused-invented-proxy,2026-08-30T20:42:01.767749+00:00,404,221,
biviproxy.com,registry-absent,True,False,51.5,focused-invented-proxy,2026-08-30T20:42:01.887631+00:00,404,220,
bivoproxy.com,registry-absent,True,False,51.5,focused-invented-proxy,2026-08-30T20:42:02.104765+00:00,404,308,
bizaproxy.com,registry-absent,True,False,51.5,focused-invented-proxy,2026-08-30T20:42:02.179429+00:00,404,257,
bizoproxy.com,registry-absent,True,False,51.5,focused-invented-proxy,2026-08-30T20:42:02.265646+00:00,404,218,
bolaproxy.com,registry-absent,True,False,51.5,focused-invented-proxy,2026-08-30T20:42:02.461001+00:00,404,290,
boloproxy.com,registry-absent,True,False,51.5,focused-invented-proxy,2026-08-30T20:42:02.556139+00:00,404,259,
bonaproxy.com,registry-absent,True,False,51.5,focused-invented-proxy,2026-08-30T20:42:02.702847+00:00,404,283,
bonoproxy.com,registry-absent,True,False,51.5,focused-invented-proxy,2026-08-30T20:42:02.768025+00:00,404,220,
boraproxy.com,registry-absent,True,False,51.5,focused-invented-proxy,2026-08-30T20:42:02.893887+00:00,404,221,
boriproxy.com,registry-absent,True,False,51.5,focused-invented-proxy,2026-08-30T20:42:03.080919+00:00,404,283,
boroproxy.com,registry-absent,True,False,51.5,focused-invented-proxy,2026-08-30T20:42:03.229240+00:00,404,309,
bovaproxy.com,registry-absent,True,False,51.5,focused-invented-proxy,2026-08-30T20:42:03.291997+00:00,404,244,
boviproxy.com,registry-absent,True,False,51.5,focused-invented-proxy,2026-08-30T20:42:03.395258+00:00,404,223,
bovoproxy.com,registry-absent,True,False,51.5,focused-invented-proxy,2026-08-30T20:42:03.606332+00:00,404,310,
bozaproxy.com,registry-absent,True,False,51.5,focused-invented-proxy,2026-08-30T20:42:03.748931+00:00,404,328,
bozoproxy.com,registry-absent,True,False,51.5,focused-invented-proxy,2026-08-30T20:42:03.818936+00:00,404,271,
bulaproxy.com,registry-absent,True,False,51.5,focused-invented-proxy,2026-08-30T20:42:03.895958+00:00,404,224,
buloproxy.com,registry-absent,True,False,51.5,focused-invented-proxy,2026-08-30T20:42:04.011849+00:00,404,219,
bunaproxy.com,registry-absent,True,False,51.5,focused-invented-proxy,2026-08-30T20:42:04.203339+00:00,404,281,
bunoproxy.com,registry-absent,True,False,51.5,focused-invented-proxy,2026-08-30T20:42:04.339576+00:00,404,292,
buraproxy.com,registry-absent,True,False,51.5,focused-invented-proxy,2026-08-30T20:42:04.386860+00:00,404,219,
buriproxy.com,registry-absent,True,False,51.5,focused-invented-proxy,2026-08-30T20:42:04.513856+00:00,404,219,
buroproxy.com,registry-absent,True,False,51.5,focused-invented-proxy,2026-08-30T20:42:04.726239+00:00,404,304,
buvaproxy.com,registry-absent,True,False,51.5,focused-invented-proxy,2026-08-30T20:42:04.799932+00:00,404,257,
buviproxy.com,registry-absent,True,False,51.5,focused-invented-proxy,2026-08-30T20:42:04.890267+00:00,404,220,
buvoproxy.com,registry-absent,True,False,51.5,focused-invented-proxy,2026-08-30T20:42:05.013038+00:00,404,215,
buzaproxy.com,registry-absent,True,False,51.5,focused-invented-proxy,2026-08-30T20:42:05.177611+00:00,404,255,
buzoproxy.com,registry-absent,True,False,51.5,focused-invented-proxy,2026-08-30T20:42:05.321096+00:00,404,276,
calaproxy.com,registry-absent,True,False,51.5,focused-invented-proxy,2026-08-30T20:42:05.390696+00:00,404,221,
caloproxy.com,registry-absent,True,False,51.5,focused-invented-proxy,2026-08-30T20:42:05.515805+00:00,404,221,
canaproxy.com,registry-absent,True,False,51.5,focused-invented-proxy,2026-08-30T20:42:05.702049+00:00,404,279,
canoproxy.com,registry-absent,True,False,51.5,focused-invented-proxy,2026-08-30T20:42:05.851822+00:00,404,304,
caraproxy.com,registry-absent,True,False,51.5,focused-invented-proxy,2026-08-30T20:42:05.914404+00:00,404,246,
cariproxy.com,registry-absent,True,False,51.5,focused-invented-proxy,2026-08-30T20:42:06.018745+00:00,404,219,
caroproxy.com,registry-absent,True,False,51.5,focused-invented-proxy,2026-08-30T20:42:06.226334+00:00,404,305,
cavaproxy.com,registry-absent,True,False,51.5,focused-invented-proxy,2026-08-30T20:42:06.298409+00:00,404,251,
caviproxy.com,registry-absent,True,False,51.5,focused-invented-proxy,2026-08-30T20:42:06.437275+00:00,404,265,
cavoproxy.com,registry-absent,True,False,51.5,focused-invented-proxy,2026-08-30T20:42:06.510505+00:00,404,213,
cazaproxy.com,registry-absent,True,False,51.5,focused-invented-proxy,2026-08-30T20:42:06.642739+00:00,404,220,
cazoproxy.com,registry-absent,True,False,51.5,focused-invented-proxy,2026-08-30T20:42:06.821807+00:00,404,274,
celaproxy.com,registry-absent,True,False,51.5,focused-invented-proxy,2026-08-30T20:42:06.968097+00:00,404,296,
celoproxy.com,registry-absent,True,False,51.5,focused-invented-proxy,2026-08-30T20:42:07.020279+00:00,404,223,
cenaproxy.com,registry-absent,True,False,51.5,focused-invented-proxy,2026-08-30T20:42:07.143644+00:00,404,221,
cenoproxy.com,registry-absent,True,False,51.5,focused-invented-proxy,2026-08-30T20:42:07.420559+00:00,404,373,
ceraproxy.com,registry-absent,True,False,51.5,focused-invented-proxy,2026-08-30T20:42:07.423122+00:00,404,251,
cevaproxy.com,registry-absent,True,False,51.5,focused-invented-proxy,2026-08-30T20:42:07.513235+00:00,404,219,
ceviproxy.com,registry-absent,True,False,51.5,focused-invented-proxy,2026-08-30T20:42:07.642040+00:00,404,220,
cevoproxy.com,registry-absent,True,False,51.5,focused-invented-proxy,2026-08-30T20:42:07.799055+00:00,404,251,
cezaproxy.com,registry-absent,True,False,51.5,focused-invented-proxy,2026-08-30T20:42:07.946205+00:00,404,274,
cezoproxy.com,registry-absent,True,False,51.5,focused-invented-proxy,2026-08-30T20:42:08.018358+00:00,404,221,
cilaproxy.com,registry-absent,True,False,51.5,focused-invented-proxy,2026-08-30T20:42:08.142207+00:00,404,220,
ciloproxy.com,registry-absent,True,False,51.5,focused-invented-proxy,2026-08-30T20:42:08.322625+00:00,404,276,
cinaproxy.com,registry-absent,True,False,51.5,focused-invented-proxy,2026-08-30T20:42:08.466232+00:00,404,296,
cinoproxy.com,registry-absent,True,False,51.5,focused-invented-proxy,2026-08-30T20:42:08.536067+00:00,404,242,
ciriproxy.com,registry-absent,True,False,51.5,focused-invented-proxy,2026-08-30T20:42:09.191983+00:00,404,769,
civaproxy.com,registry-absent,True,False,51.5,focused-invented-proxy,2026-08-30T20:42:08.847496+00:00,404,300,
civiproxy.com,registry-absent,True,False,51.5,focused-invented-proxy,2026-08-30T20:42:08.919955+00:00,404,252,
civoproxy.com,registry-absent,True,False,51.5,focused-invented-proxy,2026-08-30T20:42:09.058449+00:00,404,265,
cizaproxy.com,registry-absent,True,False,51.5,focused-invented-proxy,2026-08-30T20:42:09.134918+00:00,404,216,
cizoproxy.com,registry-absent,True,False,51.5,focused-invented-proxy,2026-08-30T20:42:09.267046+00:00,404,220,
colaproxy.com,registered,False,True,51.5,focused-invented-proxy,2026-08-30T20:42:09.443405+00:00,200,274,
coloproxy.com,registry-absent,True,False,51.5,focused-invented-proxy,2026-08-30T20:42:09.650276+00:00,404,357,
conaproxy.com,registry-absent,True,False,51.5,focused-invented-proxy,2026-08-30T20:42:09.641146+00:00,404,220,
conoproxy.com,registry-absent,True,False,51.5,focused-invented-proxy,2026-08-30T20:42:09.763576+00:00,404,218,
coraproxy.com,registry-absent,True,False,51.5,focused-invented-proxy,2026-08-30T20:42:09.964993+00:00,404,293,
coriproxy.com,registry-absent,True,False,51.5,focused-invented-proxy,2026-08-30T20:42:10.042575+00:00,404,249,
coroproxy.com,registered,False,True,51.5,focused-invented-proxy,2026-08-30T20:42:10.140455+00:00,200,219,
covaproxy.com,registry-absent,True,False,51.5,focused-invented-proxy,2026-08-30T20:42:10.274861+00:00,404,226,
coviproxy.com,registry-absent,True,False,51.5,focused-invented-proxy,2026-08-30T20:42:10.420073+00:00,404,248,
covoproxy.com,registry-absent,True,False,51.5,focused-invented-proxy,2026-08-30T20:42:10.563768+00:00,404,269,
cozaproxy.com,registry-absent,True,False,51.5,focused-invented-proxy,2026-08-30T20:42:10.635064+00:00,404,214,
cozoproxy.com,registry-absent,True,False,51.5,focused-invented-proxy,2026-08-30T20:42:11.297150+00:00,404,752,
culaproxy.com,registry-absent,True,False,51.5,focused-invented-proxy,2026-08-30T20:42:10.943894+00:00,404,272,
culoproxy.com,registry-absent,True,False,51.5,focused-invented-proxy,2026-08-30T20:42:11.092239+00:00,404,298,
cunaproxy.com,registry-absent,True,False,51.5,focused-invented-proxy,2026-08-30T20:42:11.159318+00:00,404,237,
cunoproxy.com,registry-absent,True,False,51.5,focused-invented-proxy,2026-08-30T20:42:11.259639+00:00,404,215,
curaproxy.com,registry-absent,True,False,51.5,focused-invented-proxy,2026-08-30T20:42:11.468350+00:00,404,299,
curiproxy.com,registry-absent,True,False,51.5,focused-invented-proxy,2026-08-30T20:42:11.539464+00:00,404,241,
curoproxy.com,registry-absent,True,False,51.5,focused-invented-proxy,2026-08-30T20:42:11.678897+00:00,404,260,
cuvaproxy.com,registry-absent,True,False,51.5,focused-invented-proxy,2026-08-30T20:42:11.764151+00:00,404,217,
cuviproxy.com,registry-absent,True,False,51.5,focused-invented-proxy,2026-08-30T20:42:11.891697+00:00,404,223,
cuvoproxy.com,registry-absent,True,False,51.5,focused-invented-proxy,2026-08-30T20:42:12.136867+00:00,404,339,
cuzaproxy.com,registry-absent,True,False,51.5,focused-invented-proxy,2026-08-30T20:42:12.204312+00:00,404,284,
cuzoproxy.com,registry-absent,True,False,51.5,focused-invented-proxy,2026-08-30T20:42:12.265553+00:00,404,218,
dalaproxy.com,registered,False,True,51.5,focused-invented-proxy,2026-08-30T20:42:12.392555+00:00,200,220,
daloproxy.com,registry-absent,True,False,51.5,focused-invented-proxy,2026-08-30T20:42:12.587219+00:00,404,290,
danaproxy.com,registered,False,True,51.5,focused-invented-proxy,2026-08-30T20:42:12.728172+00:00,200,306,
danoproxy.com,registry-absent,True,False,51.5,focused-invented-proxy,2026-08-30T20:42:12.765609+00:00,404,218,
daraproxy.com,registry-absent,True,False,51.5,focused-invented-proxy,2026-08-30T20:42:13.414028+00:00,404,742,
dariproxy.com,registry-absent,True,False,51.5,focused-invented-proxy,2026-08-30T20:42:13.042135+00:00,404,247,
daroproxy.com,registry-absent,True,False,51.5,focused-invented-proxy,2026-08-30T20:42:13.188685+00:00,404,269,
davaproxy.com,registry-absent,True,False,51.5,focused-invented-proxy,2026-08-30T20:42:13.263325+00:00,404,216,
daviproxy.com,registry-absent,True,False,51.5,focused-invented-proxy,2026-08-30T20:42:13.389057+00:00,404,218,
davoproxy.com,registry-absent,True,False,51.5,focused-invented-proxy,2026-08-30T20:42:13.637828+00:00,404,343,
dazaproxy.com,registry-absent,True,False,51.5,focused-invented-proxy,2026-08-30T20:42:13.709022+00:00,404,287,
dazoproxy.com,registry-absent,True,False,51.5,focused-invented-proxy,2026-08-30T20:42:13.774864+00:00,404,229,
delaproxy.com,registry-absent,True,False,51.5,focused-invented-proxy,2026-08-30T20:42:13.896029+00:00,404,223,
deloproxy.com,registry-absent,True,False,51.5,focused-invented-proxy,2026-08-30T20:42:14.091296+00:00,404,294,
denaproxy.com,registry-absent,True,False,51.5,focused-invented-proxy,2026-08-30T20:42:14.164185+00:00,404,242,
denoproxy.com,registry-absent,True,False,51.5,focused-invented-proxy,2026-08-30T20:42:14.304116+00:00,404,257,
deraproxy.com,registry-absent,True,False,51.5,focused-invented-proxy,2026-08-30T20:42:14.387667+00:00,404,217,
deriproxy.com,registry-absent,True,False,51.5,focused-invented-proxy,2026-08-30T20:42:14.519199+00:00,404,223,
deroproxy.com,registry-absent,True,False,51.5,focused-invented-proxy,2026-08-30T20:42:14.687078+00:00,404,267,
devaproxy.com,registry-absent,True,False,51.5,focused-invented-proxy,2026-08-30T20:42:14.822012+00:00,404,276,
deviproxy.com,registered,False,True,51.5,focused-invented-proxy,2026-08-30T20:42:14.885067+00:00,200,217,
devoproxy.com,registry-absent,True,False,51.5,focused-invented-proxy,2026-08-30T20:42:15.015530+00:00,404,221,
dezaproxy.com,registry-absent,True,False,51.5,focused-invented-proxy,2026-08-30T20:42:15.209848+00:00,404,289,
dezoproxy.com,registry-absent,True,False,51.5,focused-invented-proxy,2026-08-30T20:42:15.349878+00:00,404,302,
dilaproxy.com,registry-absent,True,False,51.5,focused-invented-proxy,2026-08-30T20:42:15.389442+00:00,404,219,
diloproxy.com,registry-absent,True,False,51.5,focused-invented-proxy,2026-08-30T20:42:15.512830+00:00,404,220,
dinaproxy.com,registry-absent,True,False,51.5,focused-invented-proxy,2026-08-30T20:42:15.662170+00:00,404,240,
dinoproxy.com,registered,False,True,51.5,focused-invented-proxy,2026-08-30T20:42:15.808001+00:00,200,261,
diraproxy.com,registry-absent,True,False,51.5,focused-invented-proxy,2026-08-30T20:42:15.887149+00:00,404,217,
diriproxy.com,registry-absent,True,False,51.5,focused-invented-proxy,2026-08-30T20:42:16.084707+00:00,404,287,
diroproxy.com,registry-absent,True,False,51.5,focused-invented-proxy,2026-08-30T20:42:16.188498+00:00,404,270,
divaproxy.com,registry-absent,True,False,51.5,focused-invented-proxy,2026-08-30T20:42:16.332646+00:00,404,285,
diviproxy.com,registry-absent,True,False,51.5,focused-invented-proxy,2026-08-30T20:42:16.396824+00:00,404,227,
divoproxy.com,registry-absent,True,False,51.5,focused-invented-proxy,2026-08-30T20:42:16.517223+00:00,404,219,
dizaproxy.com,registry-absent,True,False,51.5,focused-invented-proxy,2026-08-30T20:42:16.711224+00:00,404,289,
dizoproxy.com,registry-absent,True,False,51.5,focused-invented-proxy,2026-08-30T20:42:16.850978+00:00,404,303,
dolaproxy.com,registry-absent,True,False,51.5,focused-invented-proxy,2026-08-30T20:42:16.921429+00:00,404,249,
doloproxy.com,registry-absent,True,False,51.5,focused-invented-proxy,2026-08-30T20:42:17.014624+00:00,404,217,
donaproxy.com,registry-absent,True,False,51.5,focused-invented-proxy,2026-08-30T20:42:17.136947+00:00,404,217,
donoproxy.com,registry-absent,True,False,51.5,focused-invented-proxy,2026-08-30T20:42:17.306795+00:00,404,259,
doraproxy.com,registered,False,True,51.5,focused-invented-proxy,2026-08-30T20:42:17.445241+00:00,200,274,
doriproxy.com,registry-absent,True,False,51.5,focused-invented-proxy,2026-08-30T20:42:17.514979+00:00,404,217,
doroproxy.com,registry-absent,True,False,51.5,focused-invented-proxy,2026-08-30T20:42:17.636453+00:00,404,217,
doviproxy.com,registry-absent,True,False,51.5,focused-invented-proxy,2026-08-30T20:42:17.829177+00:00,404,283,
dovoproxy.com,registry-absent,True,False,51.5,focused-invented-proxy,2026-08-30T20:42:17.971272+00:00,404,300,
dozaproxy.com,registry-absent,True,False,51.5,focused-invented-proxy,2026-08-30T20:42:18.012397+00:00,404,216,
dozoproxy.com,registry-absent,True,False,51.5,focused-invented-proxy,2026-08-30T20:42:18.137658+00:00,404,215,
dulaproxy.com,registry-absent,True,False,51.5,focused-invented-proxy,2026-08-30T20:42:18.285223+00:00,404,242,
duloproxy.com,registry-absent,True,False,51.5,focused-invented-proxy,2026-08-30T20:42:18.434045+00:00,404,262,
dunaproxy.com,registry-absent,True,False,51.5,focused-invented-proxy,2026-08-30T20:42:18.524958+00:00,404,227,
dunoproxy.com,registry-absent,True,False,51.5,focused-invented-proxy,2026-08-30T20:42:18.667927+00:00,404,246,
duraproxy.com,registry-absent,True,False,51.5,focused-invented-proxy,2026-08-30T20:42:18.877478+00:00,404,335,
duriproxy.com,registry-absent,True,False,51.5,focused-invented-proxy,2026-08-30T20:42:18.951355+00:00,404,282,
duroproxy.com,registry-absent,True,False,51.5,focused-invented-proxy,2026-08-30T20:42:19.022570+00:00,404,227,
duvaproxy.com,registry-absent,True,False,51.5,focused-invented-proxy,2026-08-30T20:42:19.670185+00:00,404,748,
duviproxy.com,registry-absent,True,False,51.5,focused-invented-proxy,2026-08-30T20:42:19.334983+00:00,404,291,
duvoproxy.com,registry-absent,True,False,51.5,focused-invented-proxy,2026-08-30T20:42:19.479978+00:00,404,307,
duzaproxy.com,registry-absent,True,False,51.5,focused-invented-proxy,2026-08-30T20:42:19.540658+00:00,404,247,
duzoproxy.com,registry-absent,True,False,51.5,focused-invented-proxy,2026-08-30T20:42:19.640042+00:00,404,218,
falaproxy.com,registry-absent,True,False,51.5,focused-invented-proxy,2026-08-30T20:42:19.759386+00:00,404,215,
faloproxy.com,registry-absent,True,False,51.5,focused-invented-proxy,2026-08-30T20:42:19.929267+00:00,404,257,
fanaproxy.com,registry-absent,True,False,51.5,focused-invented-proxy,2026-08-30T20:42:20.063908+00:00,404,271,
fanoproxy.com,registry-absent,True,False,51.5,focused-invented-proxy,2026-08-30T20:42:20.136520+00:00,404,214,
faraproxy.com,registry-absent,True,False,51.5,focused-invented-proxy,2026-08-30T20:42:20.266667+00:00,404,223,
fariproxy.com,registry-absent,True,False,51.5,focused-invented-proxy,2026-08-30T20:42:20.518571+00:00,404,348,
faroproxy.com,registry-absent,True,False,51.5,focused-invented-proxy,2026-08-30T20:42:20.791467+00:00,404,494,
favaproxy.com,registry-absent,True,False,51.5,focused-invented-proxy,2026-08-30T20:42:20.905728+00:00,404,483,
faviproxy.com,registry-absent,True,False,51.5,focused-invented-proxy,2026-08-30T20:42:20.906223+00:00,404,359,
favoproxy.com,registry-absent,True,False,51.5,focused-invented-proxy,2026-08-30T20:42:21.046955+00:00,404,378,
fazaproxy.com,registry-absent,True,False,51.5,focused-invented-proxy,2026-08-30T20:42:21.201458+00:00,404,408,
fazoproxy.com,registry-absent,True,False,51.5,focused-invented-proxy,2026-08-30T20:42:21.431523+00:00,404,512,
felaproxy.com,registry-absent,True,False,51.5,focused-invented-proxy,2026-08-30T20:42:21.431250+00:00,404,387,
feloproxy.com,registry-absent,True,False,51.5,focused-invented-proxy,2026-08-30T20:42:21.610770+00:00,404,438,
fenaproxy.com,registry-absent,True,False,51.5,focused-invented-proxy,2026-08-30T20:42:21.784760+00:00,404,487,
fenoproxy.com,registry-absent,True,False,51.5,focused-invented-proxy,2026-08-30T20:42:21.857525+00:00,404,435,
feraproxy.com,registry-absent,True,False,51.5,focused-invented-proxy,2026-08-30T20:42:21.953385+00:00,404,406,
feriproxy.com,registry-absent,True,False,51.5,focused-invented-proxy,2026-08-30T20:42:22.204246+00:00,404,535,
feroproxy.com,registry-absent,True,False,51.5,focused-invented-proxy,2026-08-30T20:42:23.003114+00:00,404,1207,
fevaproxy.com,registry-absent,True,False,51.5,focused-invented-proxy,2026-08-30T20:42:22.279189+00:00,404,359,
feviproxy.com,registry-absent,True,False,51.5,focused-invented-proxy,2026-08-30T20:42:22.346230+00:00,404,299,
fevoproxy.com,registry-absent,True,False,51.5,focused-invented-proxy,2026-08-30T20:42:22.387264+00:00,404,215,
fezaproxy.com,registry-absent,True,False,51.5,focused-invented-proxy,2026-08-30T20:42:22.656048+00:00,404,363,
fezoproxy.com,registry-absent,True,False,51.5,focused-invented-proxy,2026-08-30T20:42:22.904354+00:00,404,483,
filaproxy.com,registry-absent,True,False,51.5,focused-invented-proxy,2026-08-30T20:42:23.178818+00:00,404,631,
filoproxy.com,registry-absent,True,False,51.5,focused-invented-proxy,2026-08-30T20:42:23.179108+00:00,404,511,
finaproxy.com,registry-absent,True,False,51.5,focused-invented-proxy,2026-08-30T20:42:23.179568+00:00,404,385,
finoproxy.com,registry-absent,True,False,51.5,focused-invented-proxy,2026-08-30T20:42:23.323684+00:00,404,399,
firiproxy.com,registry-absent,True,False,51.5,focused-invented-proxy,2026-08-30T20:42:23.394921+00:00,404,347,
firoproxy.com,registry-absent,True,False,51.5,focused-invented-proxy,2026-08-30T20:42:23.394720+00:00,404,224,
fivaproxy.com,registry-absent,True,False,51.5,focused-invented-proxy,2026-08-30T20:42:23.881137+00:00,404,584,
fiviproxy.com,registry-absent,True,False,51.5,focused-invented-proxy,2026-08-30T20:42:23.881446+00:00,404,459,
fivoproxy.com,registry-absent,True,False,51.5,focused-invented-proxy,2026-08-30T20:42:23.954049+00:00,404,406,
fizaproxy.com,registry-absent,True,False,51.5,focused-invented-proxy,2026-08-30T20:42:24.051553+00:00,404,381,
fizoproxy.com,registry-absent,True,False,51.5,focused-invented-proxy,2026-08-30T20:42:24.228355+00:00,404,431,
folaproxy.com,registry-absent,True,False,51.5,focused-invented-proxy,2026-08-30T20:42:24.300152+00:00,404,380,
foloproxy.com,registry-absent,True,False,51.5,focused-invented-proxy,2026-08-30T20:42:24.376317+00:00,404,329,
fonaproxy.com,registry-absent,True,False,51.5,focused-invented-proxy,2026-08-30T20:42:24.447950+00:00,404,275,
fonoproxy.com,registry-absent,True,False,51.5,focused-invented-proxy,2026-08-30T20:42:24.575856+00:00,404,278,
foraproxy.com,registry-absent,True,False,51.5,focused-invented-proxy,2026-08-30T20:42:24.872938+00:00,404,454,
foriproxy.com,registry-absent,True,False,51.5,focused-invented-proxy,2026-08-30T20:42:24.995480+00:00,404,452,
foroproxy.com,registry-absent,True,False,51.5,focused-invented-proxy,2026-08-30T20:42:25.100274+00:00,404,431,
fovaproxy.com,registry-absent,True,False,51.5,focused-invented-proxy,2026-08-30T20:42:25.227726+00:00,404,430,
foviproxy.com,registry-absent,True,False,51.5,focused-invented-proxy,2026-08-30T20:42:25.354364+00:00,404,434,
fovoproxy.com,registry-absent,True,False,51.5,focused-invented-proxy,2026-08-30T20:42:26.277021+00:00,404,1234,
fozaproxy.com,registry-absent,True,False,51.5,focused-invented-proxy,2026-08-30T20:42:25.527832+00:00,404,355,
fozoproxy.com,registry-absent,True,False,51.5,focused-invented-proxy,2026-08-30T20:42:25.624127+00:00,404,327,
fulaproxy.com,registry-absent,True,False,51.5,focused-invented-proxy,2026-08-30T20:42:25.751646+00:00,404,333,
fuloproxy.com,registry-absent,True,False,51.5,focused-invented-proxy,2026-08-30T20:42:26.003711+00:00,404,460,
funaproxy.com,registry-absent,True,False,51.5,focused-invented-proxy,2026-08-30T20:42:26.148702+00:00,404,477,
funoproxy.com,registry-absent,True,False,51.5,focused-invented-proxy,2026-08-30T20:42:26.277361+00:00,404,480,
furaproxy.com,registry-absent,True,False,51.5,focused-invented-proxy,2026-08-30T20:42:26.403005+00:00,404,482,
furiproxy.com,registry-absent,True,False,51.5,focused-invented-proxy,2026-08-30T20:42:26.403483+00:00,404,356,
furoproxy.com,registry-absent,True,False,51.5,focused-invented-proxy,2026-08-30T20:42:26.476069+00:00,404,306,
fuvaproxy.com,registry-absent,True,False,51.5,focused-invented-proxy,2026-08-30T20:42:26.576234+00:00,404,279,
fuviproxy.com,registry-absent,True,False,51.5,focused-invented-proxy,2026-08-30T20:42:26.672929+00:00,404,250,
fuvoproxy.com,registry-absent,True,False,51.5,focused-invented-proxy,2026-08-30T20:42:26.926693+00:00,404,379,
fuzaproxy.com,registry-absent,True,False,51.5,focused-invented-proxy,2026-08-30T20:42:27.069657+00:00,404,398,
fuzoproxy.com,registry-absent,True,False,51.5,focused-invented-proxy,2026-08-30T20:42:27.072048+00:00,404,278,
galaproxy.com,registry-absent,True,False,51.5,focused-invented-proxy,2026-08-30T20:42:27.196516+00:00,404,274,
galoproxy.com,registry-absent,True,False,51.5,focused-invented-proxy,2026-08-30T20:42:27.340973+00:00,404,298,
ganaproxy.com,registry-absent,True,False,51.5,focused-invented-proxy,2026-08-30T20:42:27.412184+00:00,404,240,
ganoproxy.com,registry-absent,True,False,51.5,focused-invented-proxy,2026-08-30T20:42:27.576921+00:00,404,284,
garaproxy.com,registry-absent,True,False,51.5,focused-invented-proxy,2026-08-30T20:42:27.721317+00:00,404,302,
gariproxy.com,registry-absent,True,False,51.5,focused-invented-proxy,2026-08-30T20:42:27.792947+00:00,404,246,
garoproxy.com,registry-absent,True,False,51.5,focused-invented-proxy,2026-08-30T20:42:27.934439+00:00,404,265,
gavaproxy.com,registry-absent,True,False,51.5,focused-invented-proxy,2026-08-30T20:42:28.011494+00:00,404,217,
gaviproxy.com,registry-absent,True,False,51.5,focused-invented-proxy,2026-08-30T20:42:28.145669+00:00,404,223,
gavoproxy.com,registry-absent,True,False,51.5,focused-invented-proxy,2026-08-30T20:42:28.384703+00:00,404,342,
gazaproxy.com,registry-absent,True,False,51.5,focused-invented-proxy,2026-08-30T20:42:28.455220+00:00,404,285,
gazoproxy.com,registry-absent,True,False,51.5,focused-invented-proxy,2026-08-30T20:42:28.517458+00:00,404,220,
gelaproxy.com,registry-absent,True,False,51.5,focused-invented-proxy,2026-08-30T20:42:28.637570+00:00,404,219,
geloproxy.com,registry-absent,True,False,51.5,focused-invented-proxy,2026-08-30T20:42:28.844081+00:00,404,301,
genaproxy.com,registry-absent,True,False,51.5,focused-invented-proxy,2026-08-30T20:42:28.915860+00:00,404,245,
genoproxy.com,registry-absent,True,False,51.5,focused-invented-proxy,2026-08-30T20:42:29.017229+00:00,404,220,
geraproxy.com,registry-absent,True,False,51.5,focused-invented-proxy,2026-08-30T20:42:29.139709+00:00,404,219,
geriproxy.com,registry-absent,True,False,51.5,focused-invented-proxy,2026-08-30T20:42:29.959654+00:00,404,913,
geroproxy.com,registry-absent,True,False,51.5,focused-invented-proxy,2026-08-30T20:42:29.509817+00:00,404,337,
gevaproxy.com,registry-absent,True,False,51.5,focused-invented-proxy,2026-08-30T20:42:30.041249+00:00,404,746,
geviproxy.com,registry-absent,True,False,51.5,focused-invented-proxy,2026-08-30T20:42:29.641622+00:00,404,221,
gevoproxy.com,registry-absent,True,False,51.5,focused-invented-proxy,2026-08-30T20:42:30.479892+00:00,404,935,
gezaproxy.com,registry-absent,True,False,51.5,focused-invented-proxy,2026-08-30T20:42:29.963263+00:00,404,293,
gezoproxy.com,registry-absent,True,False,51.5,focused-invented-proxy,2026-08-30T20:42:30.031367+00:00,404,234,
gilaproxy.com,registry-absent,True,False,51.5,focused-invented-proxy,2026-08-30T20:42:30.140295+00:00,404,219,
giloproxy.com,registry-absent,True,False,51.5,focused-invented-proxy,2026-08-30T20:42:30.343380+00:00,404,296,
ginaproxy.com,registry-absent,True,False,51.5,focused-invented-proxy,2026-08-30T20:42:30.414137+00:00,404,246,
ginoproxy.com,registry-absent,True,False,51.5,focused-invented-proxy,2026-08-30T20:42:30.552185+00:00,404,255,
giraproxy.com,registry-absent,True,False,51.5,focused-invented-proxy,2026-08-30T20:42:30.643262+00:00,404,221,
giriproxy.com,registry-absent,True,False,51.5,focused-invented-proxy,2026-08-30T20:42:30.764133+00:00,404,217,
giroproxy.com,registry-absent,True,False,51.5,focused-invented-proxy,2026-08-30T20:42:30.938694+00:00,404,269,
givaproxy.com,registry-absent,True,False,51.5,focused-invented-proxy,2026-08-30T20:42:31.076280+00:00,404,279,
giviproxy.com,registry-absent,True,False,51.5,focused-invented-proxy,2026-08-30T20:42:31.137065+00:00,404,218,
givoproxy.com,registry-absent,True,False,51.5,focused-invented-proxy,2026-08-30T20:42:31.265602+00:00,404,218,
gizaproxy.com,registry-absent,True,False,51.5,focused-invented-proxy,2026-08-30T20:42:31.461689+00:00,404,289,
gizoproxy.com,registry-absent,True,False,51.5,focused-invented-proxy,2026-08-30T20:42:31.607031+00:00,404,310,
golaproxy.com,registry-absent,True,False,51.5,focused-invented-proxy,2026-08-30T20:42:32.168521+00:00,404,746,
goloproxy.com,registry-absent,True,False,51.5,focused-invented-proxy,2026-08-30T20:42:31.767324+00:00,404,220,
gonaproxy.com,registry-absent,True,False,51.5,focused-invented-proxy,2026-08-30T20:42:31.916552+00:00,404,244,
gonoproxy.com,registry-absent,True,False,51.5,focused-invented-proxy,2026-08-30T20:42:32.062242+00:00,404,269,
goraproxy.com,registry-absent,True,False,51.5,focused-invented-proxy,2026-08-30T20:42:32.135468+00:00,404,215,
goriproxy.com,registry-absent,True,False,51.5,focused-invented-proxy,2026-08-30T20:42:32.259357+00:00,404,216,
goroproxy.com,registry-absent,True,False,51.5,focused-invented-proxy,2026-08-30T20:42:32.441536+00:00,404,271,
govaproxy.com,registry-absent,True,False,51.5,focused-invented-proxy,2026-08-30T20:42:32.591892+00:00,404,295,
goviproxy.com,registry-absent,True,False,51.5,focused-invented-proxy,2026-08-30T20:42:32.648485+00:00,404,226,
govoproxy.com,registry-absent,True,False,51.5,focused-invented-proxy,2026-08-30T20:42:32.765986+00:00,404,218,
gozaproxy.com,registry-absent,True,False,51.5,focused-invented-proxy,2026-08-30T20:42:32.963671+00:00,404,293,
gozoproxy.com,registry-absent,True,False,51.5,focused-invented-proxy,2026-08-30T20:42:33.034494+00:00,404,239,
gulaproxy.com,registry-absent,True,False,51.5,focused-invented-proxy,2026-08-30T20:42:33.173636+00:00,404,251,
guloproxy.com,registry-absent,True,False,51.5,focused-invented-proxy,2026-08-30T20:42:33.263878+00:00,404,217,
gunaproxy.com,registry-absent,True,False,51.5,focused-invented-proxy,2026-08-30T20:42:33.390887+00:00,404,222,
gunoproxy.com,registry-absent,True,False,51.5,focused-invented-proxy,2026-08-30T20:42:33.560927+00:00,404,263,
guraproxy.com,registry-absent,True,False,51.5,focused-invented-proxy,2026-08-30T20:42:33.698262+00:00,404,280,
guriproxy.com,registry-absent,True,False,51.5,focused-invented-proxy,2026-08-30T20:42:33.766413+00:00,404,219,
guroproxy.com,registry-absent,True,False,51.5,focused-invented-proxy,2026-08-30T20:42:33.888418+00:00,404,218,
guvaproxy.com,registry-absent,True,False,51.5,focused-invented-proxy,2026-08-30T20:42:34.084952+00:00,404,291,
guviproxy.com,registry-absent,True,False,51.5,focused-invented-proxy,2026-08-30T20:42:34.223982+00:00,404,301,
guvoproxy.com,registry-absent,True,False,51.5,focused-invented-proxy,2026-08-30T20:42:34.328827+00:00,404,285,
guzaproxy.com,registry-absent,True,False,51.5,focused-invented-proxy,2026-08-30T20:42:34.387796+00:00,404,215,
guzoproxy.com,registry-absent,True,False,51.5,focused-invented-proxy,2026-08-30T20:42:34.538511+00:00,404,242,
halaproxy.com,registry-absent,True,False,51.5,focused-invented-proxy,2026-08-30T20:42:34.751218+00:00,404,330,
hanaproxy.com,registry-absent,True,False,51.5,focused-invented-proxy,2026-08-30T20:42:34.757026+00:00,404,214,
hanoproxy.com,registry-absent,True,False,51.5,focused-invented-proxy,2026-08-30T20:42:34.889366+00:00,404,219,
haraproxy.com,registry-absent,True,False,51.5,focused-invented-proxy,2026-08-30T20:42:35.062142+00:00,404,269,
hariproxy.com,registry-absent,True,False,51.5,focused-invented-proxy,2026-08-30T20:42:35.208240+00:00,404,290,
haroproxy.com,registry-absent,True,False,51.5,focused-invented-proxy,2026-08-30T20:42:35.269904+00:00,404,222,
havaproxy.com,registry-absent,True,False,51.5,focused-invented-proxy,2026-08-30T20:42:35.392458+00:00,404,223,
haviproxy.com,registry-absent,True,False,51.5,focused-invented-proxy,2026-08-30T20:42:35.586245+00:00,404,289,
hazaproxy.com,registry-absent,True,False,51.5,focused-invented-proxy,2026-08-30T20:42:35.728944+00:00,404,308,
hazoproxy.com,registry-absent,True,False,51.5,focused-invented-proxy,2026-08-30T20:42:35.796688+00:00,404,253,
helaproxy.com,registry-absent,True,False,51.5,focused-invented-proxy,2026-08-30T20:42:35.888851+00:00,404,216,
heloproxy.com,registry-absent,True,False,51.5,focused-invented-proxy,2026-08-30T20:42:36.110628+00:00,404,315,
henaproxy.com,registry-absent,True,False,51.5,focused-invented-proxy,2026-08-30T20:42:36.181141+00:00,404,259,
henoproxy.com,registry-absent,True,False,51.5,focused-invented-proxy,2026-08-30T20:42:36.390439+00:00,404,343,
heraproxy.com,registry-absent,True,False,51.5,focused-invented-proxy,2026-08-30T20:42:36.390072+00:00,404,219,
heriproxy.com,registry-absent,True,False,51.5,focused-invented-proxy,2026-08-30T20:42:36.509059+00:00,404,216,
heroproxy.com,registered,False,True,51.5,focused-invented-proxy,2026-08-30T20:42:36.707648+00:00,200,285,
hevaproxy.com,registry-absent,True,False,51.5,focused-invented-proxy,2026-08-30T20:42:36.848903+00:00,404,301,
heviproxy.com,registry-absent,True,False,51.5,focused-invented-proxy,2026-08-30T20:42:36.889374+00:00,404,218,
hevoproxy.com,registry-absent,True,False,51.5,focused-invented-proxy,2026-08-30T20:42:37.016362+00:00,404,221,
hezaproxy.com,registry-absent,True,False,51.5,focused-invented-proxy,2026-08-30T20:42:37.225429+00:00,404,308,
hezoproxy.com,registry-absent,True,False,51.5,focused-invented-proxy,2026-08-30T20:42:37.303328+00:00,404,256,
hilaproxy.com,registry-absent,True,False,51.5,focused-invented-proxy,2026-08-30T20:42:37.390375+00:00,404,220,
hiloproxy.com,registry-absent,True,False,51.5,focused-invented-proxy,2026-08-30T20:42:37.517869+00:00,404,221,
hinaproxy.com,registry-absent,True,False,51.5,focused-invented-proxy,2026-08-30T20:42:37.683195+00:00,404,261,
hinoproxy.com,registry-absent,True,False,51.5,focused-invented-proxy,2026-08-30T20:42:37.828308+00:00,404,281,
hiraproxy.com,registry-absent,True,False,51.5,focused-invented-proxy,2026-08-30T20:42:37.893774+00:00,404,221,
hiriproxy.com,registry-absent,True,False,51.5,focused-invented-proxy,2026-08-30T20:42:38.012204+00:00,404,219,
hiroproxy.com,registry-absent,True,False,51.5,focused-invented-proxy,2026-08-30T20:42:38.207139+00:00,404,287,
hivaproxy.com,registry-absent,True,False,51.5,focused-invented-proxy,2026-08-30T20:42:38.355242+00:00,404,308,
hiviproxy.com,registry-absent,True,False,51.5,focused-invented-proxy,2026-08-30T20:42:38.417003+00:00,404,245,
hivoproxy.com,registry-absent,True,False,51.5,focused-invented-proxy,2026-08-30T20:42:38.514746+00:00,404,217,
hizaproxy.com,registry-absent,True,False,51.5,focused-invented-proxy,2026-08-30T20:42:38.634917+00:00,404,216,
hizoproxy.com,registry-absent,True,False,51.5,focused-invented-proxy,2026-08-30T20:42:38.801796+00:00,404,254,
holaproxy.com,registered,False,True,51.5,focused-invented-proxy,2026-08-30T20:42:38.944224+00:00,200,273,
holoproxy.com,registry-absent,True,False,51.5,focused-invented-proxy,2026-08-30T20:42:39.023692+00:00,404,226,
honaproxy.com,registry-absent,True,False,51.5,focused-invented-proxy,2026-08-30T20:42:39.161483+00:00,404,244,
honoproxy.com,registry-absent,True,False,51.5,focused-invented-proxy,2026-08-30T20:42:39.332580+00:00,404,285,
horaproxy.com,registry-absent,True,False,51.5,focused-invented-proxy,2026-08-30T20:42:39.467279+00:00,404,295,
horiproxy.com,registry-absent,True,False,51.5,focused-invented-proxy,2026-08-30T20:42:39.510411+00:00,404,216,
horoproxy.com,registry-absent,True,False,51.5,focused-invented-proxy,2026-08-30T20:42:39.636659+00:00,404,214,
hovaproxy.com,registry-absent,True,False,51.5,focused-invented-proxy,2026-08-30T20:42:39.856403+00:00,404,309,
hoviproxy.com,registry-absent,True,False,51.5,focused-invented-proxy,2026-08-30T20:42:39.927764+00:00,404,259,
hovoproxy.com,registry-absent,True,False,51.5,focused-invented-proxy,2026-08-30T20:42:40.009791+00:00,404,216,
hozaproxy.com,registry-absent,True,False,51.5,focused-invented-proxy,2026-08-30T20:42:40.686356+00:00,404,764,
hozoproxy.com,registry-absent,True,False,51.5,focused-invented-proxy,2026-08-30T20:42:40.304334+00:00,404,257,
hulaproxy.com,registered,False,True,51.5,focused-invented-proxy,2026-08-30T20:42:40.449357+00:00,200,279,
huloproxy.com,registry-absent,True,False,51.5,focused-invented-proxy,2026-08-30T20:42:40.515666+00:00,404,218,
hunaproxy.com,registry-absent,True,False,51.5,focused-invented-proxy,2026-08-30T20:42:40.638409+00:00,404,218,
hunoproxy.com,registry-absent,True,False,51.5,focused-invented-proxy,2026-08-30T20:42:40.829891+00:00,404,286,
huraproxy.com,registry-absent,True,False,51.5,focused-invented-proxy,2026-08-30T20:42:40.978847+00:00,404,306,
huriproxy.com,registry-absent,True,False,51.5,focused-invented-proxy,2026-08-30T20:42:41.039766+00:00,404,246,
huroproxy.com,registry-absent,True,False,51.5,focused-invented-proxy,2026-08-30T20:42:41.134207+00:00,404,217,
huvaproxy.com,registry-absent,True,False,51.5,focused-invented-proxy,2026-08-30T20:42:41.261995+00:00,404,218,
huviproxy.com,registry-absent,True,False,51.5,focused-invented-proxy,2026-08-30T20:42:41.423071+00:00,404,255,
huvoproxy.com,registry-absent,True,False,51.5,focused-invented-proxy,2026-08-30T20:42:42.164662+00:00,404,867,
huzaproxy.com,registry-absent,True,False,51.5,focused-invented-proxy,2026-08-30T20:42:42.164976+00:00,404,746,
huzoproxy.com,registry-absent,True,False,51.5,focused-invented-proxy,2026-08-30T20:42:41.764807+00:00,404,218,
kalaproxy.com,registry-absent,True,False,51.5,focused-invented-proxy,2026-08-30T20:42:41.949282+00:00,404,278,
kaloproxy.com,registry-absent,True,False,51.5,focused-invented-proxy,2026-08-30T20:42:42.084633+00:00,404,287,
kanaproxy.com,registry-absent,True,False,51.5,focused-invented-proxy,2026-08-30T20:42:42.139747+00:00,404,217,
kanoproxy.com,registry-absent,True,False,51.5,focused-invented-proxy,2026-08-30T20:42:42.261713+00:00,404,218,
karaproxy.com,registry-absent,True,False,51.5,focused-invented-proxy,2026-08-30T20:42:42.477299+00:00,404,305,
kariproxy.com,registry-absent,True,False,51.5,focused-invented-proxy,2026-08-30T20:42:42.550355+00:00,404,257,
karoproxy.com,registry-absent,True,False,51.5,focused-invented-proxy,2026-08-30T20:42:42.707628+00:00,404,288,
kavaproxy.com,registry-absent,True,False,51.5,focused-invented-proxy,2026-08-30T20:42:42.766607+00:00,404,219,
kavoproxy.com,registry-absent,True,False,51.5,focused-invented-proxy,2026-08-30T20:42:42.926774+00:00,404,254,
kazaproxy.com,registry-absent,True,False,51.5,focused-invented-proxy,2026-08-30T20:42:43.072041+00:00,404,278,
kazoproxy.com,registry-absent,True,False,51.5,focused-invented-proxy,2026-08-30T20:42:43.137149+00:00,404,216,
kelaproxy.com,registry-absent,True,False,51.5,focused-invented-proxy,2026-08-30T20:42:43.263338+00:00,404,220,
keloproxy.com,registry-absent,True,False,51.5,focused-invented-proxy,2026-08-30T20:42:43.450466+00:00,404,278,
kenaproxy.com,registry-absent,True,False,51.5,focused-invented-proxy,2026-08-30T20:42:43.594814+00:00,404,297,
kenoproxy.com,registry-absent,True,False,51.5,focused-invented-proxy,2026-08-30T20:42:43.667203+00:00,404,245,
keraproxy.com,registry-absent,True,False,51.5,focused-invented-proxy,2026-08-30T20:42:43.762030+00:00,404,214,
keriproxy.com,registry-absent,True,False,51.5,focused-invented-proxy,2026-08-30T20:42:43.975105+00:00,404,304,
keroproxy.com,registry-absent,True,False,51.5,focused-invented-proxy,2026-08-30T20:42:44.046711+00:00,404,251,
kevaproxy.com,registry-absent,True,False,51.5,focused-invented-proxy,2026-08-30T20:42:44.183345+00:00,404,261,
keviproxy.com,registry-absent,True,False,51.5,focused-invented-proxy,2026-08-30T20:42:44.267260+00:00,404,220,
kevoproxy.com,registry-absent,True,False,51.5,focused-invented-proxy,2026-08-30T20:42:44.391511+00:00,404,221,
kezaproxy.com,registry-absent,True,False,51.5,focused-invented-proxy,2026-08-30T20:42:44.571121+00:00,404,273,
kezoproxy.com,registry-absent,True,False,51.5,focused-invented-proxy,2026-08-30T20:42:44.708865+00:00,404,290,
kilaproxy.com,registry-absent,True,False,51.5,focused-invented-proxy,2026-08-30T20:42:44.768273+00:00,404,222,
kiloproxy.com,registered,False,True,51.5,focused-invented-proxy,2026-08-30T20:42:44.888423+00:00,200,219,
kinaproxy.com,registry-absent,True,False,51.5,focused-invented-proxy,2026-08-30T20:42:45.093663+00:00,404,296,
kinoproxy.com,registry-absent,True,False,51.5,focused-invented-proxy,2026-08-30T20:42:45.171693+00:00,404,250,
kiraproxy.com,registry-absent,True,False,51.5,focused-invented-proxy,2026-08-30T20:42:45.263102+00:00,404,216,
kiriproxy.com,registry-absent,True,False,51.5,focused-invented-proxy,2026-08-30T20:42:45.395468+00:00,404,224,
kiroproxy.com,registry-absent,True,False,51.5,focused-invented-proxy,2026-08-30T20:42:45.547876+00:00,404,250,
kivaproxy.com,registry-absent,True,False,51.5,focused-invented-proxy,2026-08-30T20:42:45.692108+00:00,404,274,
kiviproxy.com,registry-absent,True,False,51.5,focused-invented-proxy,2026-08-30T20:42:45.761974+00:00,404,218,
kizaproxy.com,registry-absent,True,False,51.5,focused-invented-proxy,2026-08-30T20:42:45.884554+00:00,404,216,
kizoproxy.com,registry-absent,True,False,51.5,focused-invented-proxy,2026-08-30T20:42:46.072813+00:00,404,275,
kolaproxy.com,registry-absent,True,False,51.5,focused-invented-proxy,2026-08-30T20:42:46.220849+00:00,404,298,
koloproxy.com,registry-absent,True,False,51.5,focused-invented-proxy,2026-08-30T20:42:46.282454+00:00,404,238,
konaproxy.com,registry-absent,True,False,51.5,focused-invented-proxy,2026-08-30T20:42:46.391120+00:00,404,222,
konoproxy.com,registry-absent,True,False,51.5,focused-invented-proxy,2026-08-30T20:42:46.595122+00:00,404,298,
koraproxy.com,registry-absent,True,False,51.5,focused-invented-proxy,2026-08-30T20:42:46.664912+00:00,404,247,
koriproxy.com,registry-absent,True,False,51.5,focused-invented-proxy,2026-08-30T20:42:46.806479+00:00,404,260,
koroproxy.com,registry-absent,True,False,51.5,focused-invented-proxy,2026-08-30T20:42:46.884034+00:00,404,214,
kovaproxy.com,registry-absent,True,False,51.5,focused-invented-proxy,2026-08-30T20:42:47.018948+00:00,404,221,
koviproxy.com,registry-absent,True,False,51.5,focused-invented-proxy,2026-08-30T20:42:47.190759+00:00,404,268,
kovoproxy.com,registry-absent,True,False,51.5,focused-invented-proxy,2026-08-30T20:42:47.331324+00:00,404,288,
kozaproxy.com,registry-absent,True,False,51.5,focused-invented-proxy,2026-08-30T20:42:47.386818+00:00,404,217,
kozoproxy.com,registry-absent,True,False,51.5,focused-invented-proxy,2026-08-30T20:42:47.520229+00:00,404,223,
kulaproxy.com,registry-absent,True,False,51.5,focused-invented-proxy,2026-08-30T20:42:47.716806+00:00,404,295,
kuloproxy.com,registered,False,True,51.5,focused-invented-proxy,2026-08-30T20:42:47.860538+00:00,200,310,
kunaproxy.com,registry-absent,True,False,51.5,focused-invented-proxy,2026-08-30T20:42:47.960509+00:00,404,288,
kunoproxy.com,registry-absent,True,False,51.5,focused-invented-proxy,2026-08-30T20:42:48.017466+00:00,404,220,
kuraproxy.com,registry-absent,True,False,51.5,focused-invented-proxy,2026-08-30T20:42:48.169726+00:00,404,248,
kuriproxy.com,registry-absent,True,False,51.5,focused-invented-proxy,2026-08-30T20:42:48.315428+00:00,404,268,
kuroproxy.com,registry-absent,True,False,51.5,focused-invented-proxy,2026-08-30T20:42:48.391339+00:00,404,222,
kuvaproxy.com,registry-absent,True,False,51.5,focused-invented-proxy,2026-08-30T20:42:48.515605+00:00,404,218,
kuviproxy.com,registry-absent,True,False,51.5,focused-invented-proxy,2026-08-30T20:42:48.694484+00:00,404,272,
kuvoproxy.com,registry-absent,True,False,51.5,focused-invented-proxy,2026-08-30T20:42:48.842527+00:00,404,298,
kuzaproxy.com,registry-absent,True,False,51.5,focused-invented-proxy,2026-08-30T20:42:48.903652+00:00,404,234,
kuzoproxy.com,registry-absent,True,False,51.5,focused-invented-proxy,2026-08-30T20:42:49.015129+00:00,404,219,
lalaproxy.com,registered,False,True,51.5,focused-invented-proxy,2026-08-30T20:42:49.222025+00:00,200,301,
laloproxy.com,registry-absent,True,False,51.5,focused-invented-proxy,2026-08-30T20:42:49.294504+00:00,404,247,
lanaproxy.com,registry-absent,True,False,51.5,focused-invented-proxy,2026-08-30T20:42:49.429160+00:00,404,256,
lanoproxy.com,registry-absent,True,False,51.5,focused-invented-proxy,2026-08-30T20:42:49.516172+00:00,404,219,
laraproxy.com,registry-absent,True,False,51.5,focused-invented-proxy,2026-08-30T20:42:49.649334+00:00,404,227,
lariproxy.com,registry-absent,True,False,51.5,focused-invented-proxy,2026-08-30T20:42:49.815514+00:00,404,269,
laroproxy.com,registry-absent,True,False,51.5,focused-invented-proxy,2026-08-30T20:42:49.956170+00:00,404,288,
lavaproxy.com,registered,False,True,51.5,focused-invented-proxy,2026-08-30T20:42:50.017575+00:00,200,222,
laviproxy.com,registry-absent,True,False,51.5,focused-invented-proxy,2026-08-30T20:42:50.141537+00:00,404,223,
lavoproxy.com,registry-absent,True,False,51.5,focused-invented-proxy,2026-08-30T20:42:50.338679+00:00,404,295,
lazaproxy.com,registry-absent,True,False,51.5,focused-invented-proxy,2026-08-30T20:42:50.477158+00:00,404,307,
lazoproxy.com,registry-absent,True,False,51.5,focused-invented-proxy,2026-08-30T20:42:50.519625+00:00,404,223,
lelaproxy.com,registry-absent,True,False,51.5,focused-invented-proxy,2026-08-30T20:42:50.642747+00:00,404,224,
leloproxy.com,registry-absent,True,False,51.5,focused-invented-proxy,2026-08-30T20:42:50.863573+00:00,404,316,
lenaproxy.com,registry-absent,True,False,51.5,focused-invented-proxy,2026-08-30T20:42:50.936763+00:00,404,265,
lenoproxy.com,registry-absent,True,False,51.5,focused-invented-proxy,2026-08-30T20:42:51.009443+00:00,404,216,
leraproxy.com,registry-absent,True,False,51.5,focused-invented-proxy,2026-08-30T20:42:51.136031+00:00,404,218,
leriproxy.com,registry-absent,True,False,51.5,focused-invented-proxy,2026-08-30T20:42:51.315088+00:00,404,272,
leroproxy.com,registry-absent,True,False,51.5,focused-invented-proxy,2026-08-30T20:42:51.460263+00:00,404,289,
levaproxy.com,registry-absent,True,False,51.5,focused-invented-proxy,2026-08-30T20:42:51.533540+00:00,404,236,
leviproxy.com,registry-absent,True,False,51.5,focused-invented-proxy,2026-08-30T20:42:51.643653+00:00,404,221,
levoproxy.com,registry-absent,True,False,51.5,focused-invented-proxy,2026-08-30T20:42:51.840060+00:00,404,294,
lezaproxy.com,registry-absent,True,False,51.5,focused-invented-proxy,2026-08-30T20:42:51.912560+00:00,404,242,
lezoproxy.com,registry-absent,True,False,51.5,focused-invented-proxy,2026-08-30T20:42:52.050623+00:00,404,253,
lilaproxy.com,registry-absent,True,False,51.5,focused-invented-proxy,2026-08-30T20:42:52.141934+00:00,404,219,
liloproxy.com,registry-absent,True,False,51.5,focused-invented-proxy,2026-08-30T20:42:52.266204+00:00,404,220,
linaproxy.com,registry-absent,True,False,51.5,focused-invented-proxy,2026-08-30T20:42:52.438358+00:00,404,266,
linoproxy.com,registry-absent,True,False,51.5,focused-invented-proxy,2026-08-30T20:42:52.577181+00:00,404,281,
liriproxy.com,registry-absent,True,False,51.5,focused-invented-proxy,2026-08-30T20:42:52.644805+00:00,404,222,
liroproxy.com,registry-absent,True,False,51.5,focused-invented-proxy,2026-08-30T20:42:52.775310+00:00,404,229,
livaproxy.com,registered,False,True,51.5,focused-invented-proxy,2026-08-30T20:42:53.548875+00:00,200,876,
liviproxy.com,registry-absent,True,False,51.5,focused-invented-proxy,2026-08-30T20:42:53.099793+00:00,404,302,
livoproxy.com,registered,False,True,51.5,focused-invented-proxy,2026-08-30T20:42:53.141822+00:00,200,223,
lizaproxy.com,registry-absent,True,False,51.5,focused-invented-proxy,2026-08-30T20:42:53.269445+00:00,404,222,
lizoproxy.com,registry-absent,True,False,51.5,focused-invented-proxy,2026-08-30T20:42:53.477118+00:00,404,306,
lolaproxy.com,registry-absent,True,False,51.5,focused-invented-proxy,2026-08-30T20:42:53.555761+00:00,404,258,
loloproxy.com,registered,False,True,51.5,focused-invented-proxy,2026-08-30T20:42:53.641657+00:00,200,219,
lonaproxy.com,registry-absent,True,False,51.5,focused-invented-proxy,2026-08-30T20:42:53.762718+00:00,404,219,
lonoproxy.com,registry-absent,True,False,51.5,focused-invented-proxy,2026-08-30T20:42:54.020459+00:00,404,351,
loraproxy.com,registry-absent,True,False,51.5,focused-invented-proxy,2026-08-30T20:42:54.099562+00:00,404,302,
loriproxy.com,registry-absent,True,False,51.5,focused-invented-proxy,2026-08-30T20:42:54.147629+00:00,404,225,
loroproxy.com,registry-absent,True,False,51.5,focused-invented-proxy,2026-08-30T20:42:54.263814+00:00,404,217,
lovaproxy.com,registry-absent,True,False,51.5,focused-invented-proxy,2026-08-30T20:42:54.539507+00:00,404,367,
loviproxy.com,registry-absent,True,False,51.5,focused-invented-proxy,2026-08-30T20:42:54.603610+00:00,404,306,
lovoproxy.com,registry-absent,True,False,51.5,focused-invented-proxy,2026-08-30T20:42:54.671707+00:00,404,249,
lozaproxy.com,registry-absent,True,False,51.5,focused-invented-proxy,2026-08-30T20:42:54.767205+00:00,404,221,
lozoproxy.com,registry-absent,True,False,51.5,focused-invented-proxy,2026-08-30T20:42:54.989104+00:00,404,320,
lulaproxy.com,registry-absent,True,False,51.5,focused-invented-proxy,2026-08-30T20:42:55.060537+00:00,404,267,
luloproxy.com,registry-absent,True,False,51.5,focused-invented-proxy,2026-08-30T20:42:55.868742+00:00,404,949,
lunaproxy.com,registered,False,True,51.5,focused-invented-proxy,2026-08-30T20:42:55.267235+00:00,200,221,
lunoproxy.com,registry-absent,True,False,51.5,focused-invented-proxy,2026-08-30T20:42:55.390537+00:00,404,218,
luraproxy.com,registry-absent,True,False,51.5,focused-invented-proxy,2026-08-30T20:42:55.588153+00:00,404,293,
luriproxy.com,registry-absent,True,False,51.5,focused-invented-proxy,2026-08-30T20:42:55.723909+00:00,404,304,
luroproxy.com,registry-absent,True,False,51.5,focused-invented-proxy,2026-08-30T20:42:55.767482+00:00,404,220,
luvaproxy.com,registry-absent,True,False,51.5,focused-invented-proxy,2026-08-30T20:42:55.890870+00:00,404,220,
luviproxy.com,registry-absent,True,False,51.5,focused-invented-proxy,2026-08-30T20:42:56.181389+00:00,404,384,
luvoproxy.com,registry-absent,True,False,51.5,focused-invented-proxy,2026-08-30T20:42:56.181770+00:00,404,259,
luzaproxy.com,registry-absent,True,False,51.5,focused-invented-proxy,2026-08-30T20:42:56.329690+00:00,404,287,
luzoproxy.com,registry-absent,True,False,51.5,focused-invented-proxy,2026-08-30T20:42:56.389646+00:00,404,221,
malaproxy.com,registry-absent,True,False,51.5,focused-invented-proxy,2026-08-30T20:42:56.558104+00:00,404,260,
maloproxy.com,registry-absent,True,False,51.5,focused-invented-proxy,2026-08-30T20:42:56.776023+00:00,404,357,
manaproxy.com,registered,False,True,51.5,focused-invented-proxy,2026-08-30T20:42:56.768874+00:00,200,221,
manoproxy.com,registry-absent,True,False,51.5,focused-invented-proxy,2026-08-30T20:42:56.895795+00:00,404,225,
maraproxy.com,registry-absent,True,False,51.5,focused-invented-proxy,2026-08-30T20:42:57.081225+00:00,404,284,
mariproxy.com,registry-absent,True,False,51.5,focused-invented-proxy,2026-08-30T20:42:57.227672+00:00,404,305,
maroproxy.com,registry-absent,True,False,51.5,focused-invented-proxy,2026-08-30T20:42:57.297239+00:00,404,254,
mavaproxy.com,registry-absent,True,False,51.5,focused-invented-proxy,2026-08-30T20:42:57.392274+00:00,404,220,
maviproxy.com,registry-absent,True,False,51.5,focused-invented-proxy,2026-08-30T20:42:57.516549+00:00,404,218,
mavoproxy.com,registry-absent,True,False,51.5,focused-invented-proxy,2026-08-30T20:42:57.682350+00:00,404,260,
mazaproxy.com,registry-absent,True,False,51.5,focused-invented-proxy,2026-08-30T20:42:57.845062+00:00,404,297,
mazoproxy.com,registry-absent,True,False,51.5,focused-invented-proxy,2026-08-30T20:42:57.899382+00:00,404,227,
melaproxy.com,registry-absent,True,False,51.5,focused-invented-proxy,2026-08-30T20:42:58.017706+00:00,404,225,
meloproxy.com,registry-absent,True,False,51.5,focused-invented-proxy,2026-08-30T20:42:58.202138+00:00,404,279,
menaproxy.com,registry-absent,True,False,51.5,focused-invented-proxy,2026-08-30T20:42:58.346478+00:00,404,301,
menoproxy.com,registry-absent,True,False,51.5,focused-invented-proxy,2026-08-30T20:42:58.390997+00:00,404,220,
meraproxy.com,registry-absent,True,False,51.5,focused-invented-proxy,2026-08-30T20:42:58.517753+00:00,404,220,
meriproxy.com,registry-absent,True,False,51.5,focused-invented-proxy,2026-08-30T20:42:58.735284+00:00,404,313,
meroproxy.com,registry-absent,True,False,51.5,focused-invented-proxy,2026-08-30T20:42:58.814482+00:00,404,267,
mevaproxy.com,registry-absent,True,False,51.5,focused-invented-proxy,2026-08-30T20:42:58.921671+00:00,404,249,
meviproxy.com,registry-absent,True,False,51.5,focused-invented-proxy,2026-08-30T20:42:59.041707+00:00,404,244,
mevoproxy.com,registry-absent,True,False,51.5,focused-invented-proxy,2026-08-30T20:42:59.178587+00:00,404,256,
mezaproxy.com,registry-absent,True,False,51.5,focused-invented-proxy,2026-08-30T20:42:59.332726+00:00,404,285,
mezoproxy.com,registry-absent,True,False,51.5,focused-invented-proxy,2026-08-30T20:42:59.405220+00:00,404,232,
milaproxy.com,registry-absent,True,False,51.5,focused-invented-proxy,2026-08-30T20:42:59.515423+00:00,404,218,
miloproxy.com,registered,False,True,51.5,focused-invented-proxy,2026-08-30T20:42:59.711298+00:00,200,289,
minaproxy.com,registered,False,True,51.5,focused-invented-proxy,2026-08-30T20:42:59.861488+00:00,200,316,
minoproxy.com,registered,False,True,51.5,focused-invented-proxy,2026-08-30T20:42:59.921034+00:00,200,248,
miriproxy.com,registry-absent,True,False,51.5,focused-invented-proxy,2026-08-30T20:43:00.029115+00:00,404,231,
mivaproxy.com,registry-absent,True,False,51.5,focused-invented-proxy,2026-08-30T20:43:00.231334+00:00,404,309,
miviproxy.com,registry-absent,True,False,51.5,focused-invented-proxy,2026-08-30T20:43:00.380433+00:00,404,330,
mivoproxy.com,registry-absent,True,False,51.5,focused-invented-proxy,2026-08-30T20:43:00.466752+00:00,404,297,
mizaproxy.com,registry-absent,True,False,51.5,focused-invented-proxy,2026-08-30T20:43:00.531939+00:00,404,234,
mizoproxy.com,registry-absent,True,False,51.5,focused-invented-proxy,2026-08-30T20:43:00.661213+00:00,404,242,
molaproxy.com,registry-absent,True,False,51.5,focused-invented-proxy,2026-08-30T20:43:00.829577+00:00,404,282,
moloproxy.com,registry-absent,True,False,51.5,focused-invented-proxy,2026-08-30T20:43:00.969691+00:00,404,299,
monaproxy.com,registry-absent,True,False,51.5,focused-invented-proxy,2026-08-30T20:43:01.029439+00:00,404,232,
monoproxy.com,registered,False,True,51.5,focused-invented-proxy,2026-08-30T20:43:01.688782+00:00,200,768,
moraproxy.com,registry-absent,True,False,51.5,focused-invented-proxy,2026-08-30T20:43:01.358626+00:00,404,315,
moriproxy.com,registry-absent,True,False,51.5,focused-invented-proxy,2026-08-30T20:43:01.502368+00:00,404,330,
moroproxy.com,registry-absent,True,False,51.5,focused-invented-proxy,2026-08-30T20:43:01.512873+00:00,404,219,
movaproxy.com,registry-absent,True,False,51.5,focused-invented-proxy,2026-08-30T20:43:01.645304+00:00,404,223,
moviproxy.com,registry-absent,True,False,51.5,focused-invented-proxy,2026-08-30T20:43:01.801968+00:00,404,254,
movoproxy.com,registry-absent,True,False,51.5,focused-invented-proxy,2026-08-30T20:43:01.945166+00:00,404,275,
mozaproxy.com,registry-absent,True,False,51.5,focused-invented-proxy,2026-08-30T20:43:02.017098+00:00,404,219,
mozoproxy.com,registry-absent,True,False,51.5,focused-invented-proxy,2026-08-30T20:43:02.208395+00:00,404,289,
mulaproxy.com,registry-absent,True,False,51.5,focused-invented-proxy,2026-08-30T20:43:02.324297+00:00,404,278,
muloproxy.com,registry-absent,True,False,51.5,focused-invented-proxy,2026-08-30T20:43:02.475475+00:00,404,304,
munaproxy.com,registry-absent,True,False,51.5,focused-invented-proxy,2026-08-30T20:43:02.537651+00:00,404,240,
munoproxy.com,registry-absent,True,False,51.5,focused-invented-proxy,2026-08-30T20:43:02.641685+00:00,404,220,
muraproxy.com,registry-absent,True,False,51.5,focused-invented-proxy,2026-08-30T20:43:02.848836+00:00,404,301,
muriproxy.com,registry-absent,True,False,51.5,focused-invented-proxy,2026-08-30T20:43:02.922685+00:00,404,252,
muroproxy.com,registry-absent,True,False,51.5,focused-invented-proxy,2026-08-30T20:43:03.066117+00:00,404,270,
muvaproxy.com,registry-absent,True,False,51.5,focused-invented-proxy,2026-08-30T20:43:03.137634+00:00,404,217,
muviproxy.com,registry-absent,True,False,51.5,focused-invented-proxy,2026-08-30T20:43:03.374564+00:00,404,331,
muvoproxy.com,registry-absent,True,False,51.5,focused-invented-proxy,2026-08-30T20:43:03.445087+00:00,404,275,
muzaproxy.com,registry-absent,True,False,51.5,focused-invented-proxy,2026-08-30T20:43:03.598567+00:00,404,301,
muzoproxy.com,registry-absent,True,False,51.5,focused-invented-proxy,2026-08-30T20:43:03.640166+00:00,404,221,
nalaproxy.com,registry-absent,True,False,51.5,focused-invented-proxy,2026-08-30T20:43:03.766605+00:00,404,219,
naloproxy.com,registry-absent,True,False,51.5,focused-invented-proxy,2026-08-30T20:43:03.967845+00:00,404,296,
nanaproxy.com,registry-absent,True,False,51.5,focused-invented-proxy,2026-08-30T20:43:04.044354+00:00,404,249,
nanoproxy.com,registered,False,True,51.5,focused-invented-proxy,2026-08-30T20:43:04.144291+00:00,200,222,
naraproxy.com,registry-absent,True,False,51.5,focused-invented-proxy,2026-08-30T20:43:04.268786+00:00,404,221,
nariproxy.com,registry-absent,True,False,51.5,focused-invented-proxy,2026-08-30T20:43:04.423584+00:00,404,256,
naroproxy.com,registry-absent,True,False,51.5,focused-invented-proxy,2026-08-30T20:43:04.650622+00:00,404,353,
navaproxy.com,registry-absent,True,False,51.5,focused-invented-proxy,2026-08-30T20:43:04.651159+00:00,404,228,
nazaproxy.com,registry-absent,True,False,51.5,focused-invented-proxy,2026-08-30T20:43:04.771553+00:00,404,226,
nazoproxy.com,registry-absent,True,False,51.5,focused-invented-proxy,2026-08-30T20:43:04.946731+00:00,404,274,
nelaproxy.com,registry-absent,True,False,51.5,focused-invented-proxy,2026-08-30T20:43:05.092350+00:00,404,295,
neloproxy.com,registry-absent,True,False,51.5,focused-invented-proxy,2026-08-30T20:43:05.152955+00:00,404,234,
nenaproxy.com,registry-absent,True,False,51.5,focused-invented-proxy,2026-08-30T20:43:05.266195+00:00,404,222,
nenoproxy.com,registry-absent,True,False,51.5,focused-invented-proxy,2026-08-30T20:43:05.543975+00:00,404,373,
neraproxy.com,registry-absent,True,False,51.5,focused-invented-proxy,2026-08-30T20:43:05.544371+00:00,404,247,
neriproxy.com,registry-absent,True,False,51.5,focused-invented-proxy,2026-08-30T20:43:05.679167+00:00,404,259,
neroproxy.com,registry-absent,True,False,51.5,focused-invented-proxy,2026-08-30T20:43:05.768386+00:00,404,222,
neviproxy.com,registry-absent,True,False,51.5,focused-invented-proxy,2026-08-30T20:43:05.886278+00:00,404,216,
nezaproxy.com,registry-absent,True,False,51.5,focused-invented-proxy,2026-08-30T20:43:06.067667+00:00,404,270,
nezoproxy.com,registry-absent,True,False,51.5,focused-invented-proxy,2026-08-30T20:43:06.205017+00:00,404,283,
nilaproxy.com,registered,False,True,51.5,focused-invented-proxy,2026-08-30T20:43:06.267548+00:00,200,220,
niloproxy.com,registry-absent,True,False,51.5,focused-invented-proxy,2026-08-30T20:43:06.391982+00:00,404,224,
ninaproxy.com,registry-absent,True,False,51.5,focused-invented-proxy,2026-08-30T20:43:06.591474+00:00,404,294,
ninoproxy.com,registry-absent,True,False,51.5,focused-invented-proxy,2026-08-30T20:43:06.666426+00:00,404,249,
niraproxy.com,registry-absent,True,False,51.5,focused-invented-proxy,2026-08-30T20:43:06.768591+00:00,404,221,
niriproxy.com,registry-absent,True,False,51.5,focused-invented-proxy,2026-08-30T20:43:06.892211+00:00,404,223,
niroproxy.com,registry-absent,True,False,51.5,focused-invented-proxy,2026-08-30T20:43:07.044882+00:00,404,251,
nivaproxy.com,registry-absent,True,False,51.5,focused-invented-proxy,2026-08-30T20:43:07.191462+00:00,404,269,
niviproxy.com,registry-absent,True,False,51.5,focused-invented-proxy,2026-08-30T20:43:07.265793+00:00,404,220,
nizaproxy.com,registry-absent,True,False,51.5,focused-invented-proxy,2026-08-30T20:43:07.392331+00:00,404,222,
nizoproxy.com,registry-absent,True,False,51.5,focused-invented-proxy,2026-08-30T20:43:07.567575+00:00,404,270,
nolaproxy.com,registry-absent,True,False,51.5,focused-invented-proxy,2026-08-30T20:43:07.709572+00:00,404,290,
noloproxy.com,registry-absent,True,False,51.5,focused-invented-proxy,2026-08-30T20:43:07.777654+00:00,404,230,
nonaproxy.com,registry-absent,True,False,51.5,focused-invented-proxy,2026-08-30T20:43:07.889085+00:00,404,217,
nonoproxy.com,registry-absent,True,False,51.5,focused-invented-proxy,2026-08-30T20:43:08.093075+00:00,404,299,
noriproxy.com,registry-absent,True,False,51.5,focused-invented-proxy,2026-08-30T20:43:08.164427+00:00,404,242,
noroproxy.com,registry-absent,True,False,51.5,focused-invented-proxy,2026-08-30T20:43:08.303209+00:00,404,260,
novoproxy.com,registered,False,True,51.5,focused-invented-proxy,2026-08-30T20:43:08.389800+00:00,200,219,
nozaproxy.com,registry-absent,True,False,51.5,focused-invented-proxy,2026-08-30T20:43:09.045268+00:00,404,750,
nozoproxy.com,registry-absent,True,False,51.5,focused-invented-proxy,2026-08-30T20:43:08.688120+00:00,404,266,
nulaproxy.com,registry-absent,True,False,51.5,focused-invented-proxy,2026-08-30T20:43:08.824736+00:00,404,279,
nuloproxy.com,registry-absent,True,False,51.5,focused-invented-proxy,2026-08-30T20:43:08.891640+00:00,404,221,
nunaproxy.com,registry-absent,True,False,51.5,focused-invented-proxy,2026-08-30T20:43:09.017851+00:00,404,220,
nunoproxy.com,registry-absent,True,False,51.5,focused-invented-proxy,2026-08-30T20:43:09.214173+00:00,404,291,
nuraproxy.com,registry-absent,True,False,51.5,focused-invented-proxy,2026-08-30T20:43:09.353578+00:00,404,306,
nuriproxy.com,registry-absent,True,False,51.5,focused-invented-proxy,2026-08-30T20:43:09.392315+00:00,404,220,
nuroproxy.com,registry-absent,True,False,51.5,focused-invented-proxy,2026-08-30T20:43:09.516757+00:00,404,219,
nuvaproxy.com,registry-absent,True,False,51.5,focused-invented-proxy,2026-08-30T20:43:09.730519+00:00,404,309,
nuviproxy.com,registry-absent,True,False,51.5,focused-invented-proxy,2026-08-30T20:43:09.879493+00:00,404,333,
nuvoproxy.com,registry-absent,True,False,51.5,focused-invented-proxy,2026-08-30T20:43:09.891866+00:00,404,219,
nuzaproxy.com,registry-absent,True,False,51.5,focused-invented-proxy,2026-08-30T20:43:10.014322+00:00,404,221,
nuzoproxy.com,registry-absent,True,False,51.5,focused-invented-proxy,2026-08-30T20:43:10.190263+00:00,404,268,
palaproxy.com,registry-absent,True,False,51.5,focused-invented-proxy,2026-08-30T20:43:10.334585+00:00,404,287,
paloproxy.com,registry-absent,True,False,51.5,focused-invented-proxy,2026-08-30T20:43:10.398879+00:00,404,226,
panaproxy.com,registry-absent,True,False,51.5,focused-invented-proxy,2026-08-30T20:43:10.512922+00:00,404,219,
panoproxy.com,registry-absent,True,False,51.5,focused-invented-proxy,2026-08-30T20:43:10.713906+00:00,404,291,
paraproxy.com,registered,False,True,51.5,focused-invented-proxy,2026-08-30T20:43:10.852444+00:00,200,308,
pariproxy.com,registry-absent,True,False,51.5,focused-invented-proxy,2026-08-30T20:43:10.925914+00:00,404,253,
paroproxy.com,registry-absent,True,False,51.5,focused-invented-proxy,2026-08-30T20:43:11.024779+00:00,404,227,
pavaproxy.com,registry-absent,True,False,51.5,focused-invented-proxy,2026-08-30T20:43:11.237164+00:00,404,314,
paviproxy.com,registry-absent,True,False,51.5,focused-invented-proxy,2026-08-30T20:43:11.309488+00:00,404,262,
pazaproxy.com,registry-absent,True,False,51.5,focused-invented-proxy,2026-08-30T20:43:11.461706+00:00,404,291,
pazoproxy.com,registry-absent,True,False,51.5,focused-invented-proxy,2026-08-30T20:43:11.516922+00:00,404,221,
pelaproxy.com,registry-absent,True,False,51.5,focused-invented-proxy,2026-08-30T20:43:11.652881+00:00,404,230,
peloproxy.com,registry-absent,True,False,51.5,focused-invented-proxy,2026-08-30T20:43:11.834257+00:00,404,287,
penaproxy.com,registry-absent,True,False,51.5,focused-invented-proxy,2026-08-30T20:43:11.975594+00:00,404,305,
penoproxy.com,registry-absent,True,False,51.5,focused-invented-proxy,2026-08-30T20:43:12.012841+00:00,404,220,
peraproxy.com,registry-absent,True,False,51.5,focused-invented-proxy,2026-08-30T20:43:12.140602+00:00,404,218,
periproxy.com,registered,False,True,51.5,focused-invented-proxy,2026-08-30T20:43:12.352511+00:00,200,308,
peroproxy.com,registry-absent,True,False,51.5,focused-invented-proxy,2026-08-30T20:43:12.436169+00:00,404,263,
pevaproxy.com,registry-absent,True,False,51.5,focused-invented-proxy,2026-08-30T20:43:12.514725+00:00,404,221,
peviproxy.com,registry-absent,True,False,51.5,focused-invented-proxy,2026-08-30T20:43:12.647268+00:00,404,224,
pevoproxy.com,registry-absent,True,False,51.5,focused-invented-proxy,2026-08-30T20:43:12.811763+00:00,404,268,
pezaproxy.com,registry-absent,True,False,51.5,focused-invented-proxy,2026-08-30T20:43:12.951896+00:00,404,279,
pezoproxy.com,registry-absent,True,False,51.5,focused-invented-proxy,2026-08-30T20:43:13.025243+00:00,404,231,
pilaproxy.com,registry-absent,True,False,51.5,focused-invented-proxy,2026-08-30T20:43:13.150286+00:00,404,228,
piloproxy.com,registry-absent,True,False,51.5,focused-invented-proxy,2026-08-30T20:43:13.335965+00:00,404,288,
pinaproxy.com,registry-absent,True,False,51.5,focused-invented-proxy,2026-08-30T20:43:13.483036+00:00,404,310,
pinoproxy.com,registry-absent,True,False,51.5,focused-invented-proxy,2026-08-30T20:43:13.549100+00:00,404,251,
piraproxy.com,registered,False,True,51.5,focused-invented-proxy,2026-08-30T20:43:13.641041+00:00,200,218,
piriproxy.com,registry-absent,True,False,51.5,focused-invented-proxy,2026-08-30T20:43:13.764076+00:00,404,220,
piroproxy.com,registry-absent,True,False,51.5,focused-invented-proxy,2026-08-30T20:43:13.933215+00:00,404,260,
pivaproxy.com,registry-absent,True,False,51.5,focused-invented-proxy,2026-08-30T20:43:14.070653+00:00,404,273,
piviproxy.com,registry-absent,True,False,51.5,focused-invented-proxy,2026-08-30T20:43:14.143449+00:00,404,221,
pivoproxy.com,registry-absent,True,False,51.5,focused-invented-proxy,2026-08-30T20:43:14.268741+00:00,404,221,
pizaproxy.com,registry-absent,True,False,51.5,focused-invented-proxy,2026-08-30T20:43:14.456518+00:00,404,284,
pizoproxy.com,registry-absent,True,False,51.5,focused-invented-proxy,2026-08-30T20:43:14.591962+00:00,404,299,
polaproxy.com,registry-absent,True,False,51.5,focused-invented-proxy,2026-08-30T20:43:14.710608+00:00,404,288,
poloproxy.com,registry-absent,True,False,51.5,focused-invented-proxy,2026-08-30T20:43:14.766330+00:00,404,220,
ponaproxy.com,registry-absent,True,False,51.5,focused-invented-proxy,2026-08-30T20:43:14.981395+00:00,404,309,
ponoproxy.com,registry-absent,True,False,51.5,focused-invented-proxy,2026-08-30T20:43:15.054167+00:00,404,256,
poraproxy.com,registry-absent,True,False,51.5,focused-invented-proxy,2026-08-30T20:43:15.139335+00:00,404,220,
poriproxy.com,registry-absent,True,False,51.5,focused-invented-proxy,2026-08-30T20:43:15.269977+00:00,404,222,
poroproxy.com,registry-absent,True,False,51.5,focused-invented-proxy,2026-08-30T20:43:15.432735+00:00,404,263,
povaproxy.com,registry-absent,True,False,51.5,focused-invented-proxy,2026-08-30T20:43:15.577251+00:00,404,280,
poviproxy.com,registry-absent,True,False,51.5,focused-invented-proxy,2026-08-30T20:43:15.647143+00:00,404,225,
povoproxy.com,registry-absent,True,False,51.5,focused-invented-proxy,2026-08-30T20:43:15.764344+00:00,404,217,
pozaproxy.com,registry-absent,True,False,51.5,focused-invented-proxy,2026-08-30T20:43:15.957516+00:00,404,285,
pozoproxy.com,registry-absent,True,False,51.5,focused-invented-proxy,2026-08-30T20:43:16.103127+00:00,404,305,
pulaproxy.com,registry-absent,True,False,51.5,focused-invented-proxy,2026-08-30T20:43:16.167232+00:00,404,248,
puloproxy.com,registry-absent,True,False,51.5,focused-invented-proxy,2026-08-30T20:43:16.271913+00:00,404,226,
punaproxy.com,registry-absent,True,False,51.5,focused-invented-proxy,2026-08-30T20:43:16.481711+00:00,404,312,
punoproxy.com,registry-absent,True,False,51.5,focused-invented-proxy,2026-08-30T20:43:16.552916+00:00,404,255,
puraproxy.com,registry-absent,True,False,51.5,focused-invented-proxy,2026-08-30T20:43:16.691377+00:00,404,269,
puriproxy.com,registry-absent,True,False,51.5,focused-invented-proxy,2026-08-30T20:43:16.765136+00:00,404,218,
puroproxy.com,registry-absent,True,False,51.5,focused-invented-proxy,2026-08-30T20:43:16.894534+00:00,404,222,
puvaproxy.com,registry-absent,True,False,51.5,focused-invented-proxy,2026-08-30T20:43:17.076625+00:00,404,279,
puviproxy.com,registry-absent,True,False,51.5,focused-invented-proxy,2026-08-30T20:43:17.216436+00:00,404,294,
puvoproxy.com,registry-absent,True,False,51.5,focused-invented-proxy,2026-08-30T20:43:17.266089+00:00,404,218,
puzaproxy.com,registry-absent,True,False,51.5,focused-invented-proxy,2026-08-30T20:43:17.397047+00:00,404,226,
puzoproxy.com,registry-absent,True,False,51.5,focused-invented-proxy,2026-08-30T20:43:17.602323+00:00,404,305,
ralaproxy.com,registry-absent,True,False,51.5,focused-invented-proxy,2026-08-30T20:43:17.680264+00:00,404,258,
raloproxy.com,registered,False,True,51.5,focused-invented-proxy,2026-08-30T20:43:17.763711+00:00,200,219,
ranaproxy.com,registry-absent,True,False,51.5,focused-invented-proxy,2026-08-30T20:43:17.891505+00:00,404,221,
ranoproxy.com,registry-absent,True,False,51.5,focused-invented-proxy,2026-08-30T20:43:18.053881+00:00,404,258,
raraproxy.com,registry-absent,True,False,51.5,focused-invented-proxy,2026-08-30T20:43:18.197523+00:00,404,275,
rariproxy.com,registry-absent,True,False,51.5,focused-invented-proxy,2026-08-30T20:43:18.265961+00:00,404,218,
raroproxy.com,registry-absent,True,False,51.5,focused-invented-proxy,2026-08-30T20:43:18.388593+00:00,404,218,
ravaproxy.com,registry-absent,True,False,51.5,focused-invented-proxy,2026-08-30T20:43:18.578990+00:00,404,286,
raviproxy.com,registry-absent,True,False,51.5,focused-invented-proxy,2026-08-30T20:43:18.725021+00:00,404,302,
razaproxy.com,registry-absent,True,False,51.5,focused-invented-proxy,2026-08-30T20:43:18.797386+00:00,404,251,
razoproxy.com,registry-absent,True,False,51.5,focused-invented-proxy,2026-08-30T20:43:18.890344+00:00,404,220,
relaproxy.com,registry-absent,True,False,51.5,focused-invented-proxy,2026-08-30T20:43:19.103050+00:00,404,305,
reloproxy.com,registry-absent,True,False,51.5,focused-invented-proxy,2026-08-30T20:43:19.175433+00:00,404,253,
renaproxy.com,registry-absent,True,False,51.5,focused-invented-proxy,2026-08-30T20:43:19.312824+00:00,404,267,
renoproxy.com,registered,False,True,51.5,focused-invented-proxy,2026-08-30T20:43:19.392716+00:00,200,220,
reraproxy.com,registry-absent,True,False,51.5,focused-invented-proxy,2026-08-30T20:43:19.516821+00:00,404,223,
reriproxy.com,registry-absent,True,False,51.5,focused-invented-proxy,2026-08-30T20:43:19.699368+00:00,404,281,
reroproxy.com,registry-absent,True,False,51.5,focused-invented-proxy,2026-08-30T20:43:19.841414+00:00,404,297,
revaproxy.com,registry-absent,True,False,51.5,focused-invented-proxy,2026-08-30T20:43:19.894047+00:00,404,221,
reviproxy.com,registry-absent,True,False,51.5,focused-invented-proxy,2026-08-30T20:43:20.016388+00:00,404,219,
revoproxy.com,registry-absent,True,False,51.5,focused-invented-proxy,2026-08-30T20:43:20.229823+00:00,404,307,
rezaproxy.com,registry-absent,True,False,51.5,focused-invented-proxy,2026-08-30T20:43:20.303058+00:00,404,255,
rezoproxy.com,registry-absent,True,False,51.5,focused-invented-proxy,2026-08-30T20:43:20.390719+00:00,404,218,
rilaproxy.com,registry-absent,True,False,51.5,focused-invented-proxy,2026-08-30T20:43:20.517490+00:00,404,220,
riloproxy.com,registry-absent,True,False,51.5,focused-invented-proxy,2026-08-30T20:43:20.676094+00:00,404,253,
rinaproxy.com,registry-absent,True,False,51.5,focused-invented-proxy,2026-08-30T20:43:20.823791+00:00,404,278,
rinoproxy.com,registry-absent,True,False,51.5,focused-invented-proxy,2026-08-30T20:43:20.895736+00:00,404,223,
riraproxy.com,registry-absent,True,False,51.5,focused-invented-proxy,2026-08-30T20:43:21.016923+00:00,404,219,
ririproxy.com,registry-absent,True,False,51.5,focused-invented-proxy,2026-08-30T20:43:21.201443+00:00,404,282,
riroproxy.com,registry-absent,True,False,51.5,focused-invented-proxy,2026-08-30T20:43:21.373642+00:00,404,326,
riviproxy.com,registry-absent,True,False,51.5,focused-invented-proxy,2026-08-30T20:43:21.421103+00:00,404,250,
rizaproxy.com,registry-absent,True,False,51.5,focused-invented-proxy,2026-08-30T20:43:21.521372+00:00,404,228,
rizoproxy.com,registry-absent,True,False,51.5,focused-invented-proxy,2026-08-30T20:43:21.731879+00:00,404,311,
rolaproxy.com,registered,False,True,51.5,focused-invented-proxy,2026-08-30T20:43:21.804455+00:00,200,257,
roloproxy.com,registry-absent,True,False,51.5,focused-invented-proxy,2026-08-30T20:43:21.931775+00:00,404,259,
ronaproxy.com,registry-absent,True,False,51.5,focused-invented-proxy,2026-08-30T20:43:22.016229+00:00,404,219,
ronoproxy.com,registry-absent,True,False,51.5,focused-invented-proxy,2026-08-30T20:43:22.143689+00:00,404,221,
roraproxy.com,registry-absent,True,False,51.5,focused-invented-proxy,2026-08-30T20:43:22.319930+00:00,404,272,
roriproxy.com,registry-absent,True,False,51.5,focused-invented-proxy,2026-08-30T20:43:22.528467+00:00,404,358,
roroproxy.com,registry-absent,True,False,51.5,focused-invented-proxy,2026-08-30T20:43:22.517892+00:00,404,220,
roviproxy.com,registry-absent,True,False,51.5,focused-invented-proxy,2026-08-30T20:43:22.642868+00:00,404,223,
rovoproxy.com,registry-absent,True,False,51.5,focused-invented-proxy,2026-08-30T20:43:22.844227+00:00,404,297,
rozaproxy.com,registry-absent,True,False,51.5,focused-invented-proxy,2026-08-30T20:43:22.926079+00:00,404,257,
rozoproxy.com,registry-absent,True,False,51.5,focused-invented-proxy,2026-08-30T20:43:23.020259+00:00,404,223,
rulaproxy.com,registry-absent,True,False,51.5,focused-invented-proxy,2026-08-30T20:43:23.144899+00:00,404,225,
ruloproxy.com,registry-absent,True,False,51.5,focused-invented-proxy,2026-08-30T20:43:23.296706+00:00,404,249,
runaproxy.com,registry-absent,True,False,51.5,focused-invented-proxy,2026-08-30T20:43:23.446405+00:00,404,274,
runoproxy.com,registry-absent,True,False,51.5,focused-invented-proxy,2026-08-30T20:43:23.513471+00:00,404,220,
ruraproxy.com,registry-absent,True,False,51.5,focused-invented-proxy,2026-08-30T20:43:23.643618+00:00,404,221,
ruriproxy.com,registry-absent,True,False,51.5,focused-invented-proxy,2026-08-30T20:43:23.822090+00:00,404,276,
ruroproxy.com,registry-absent,True,False,51.5,focused-invented-proxy,2026-08-30T20:43:23.975973+00:00,404,303,
ruvaproxy.com,registry-absent,True,False,51.5,focused-invented-proxy,2026-08-30T20:43:24.032803+00:00,404,235,
ruviproxy.com,registry-absent,True,False,51.5,focused-invented-proxy,2026-08-30T20:43:24.146767+00:00,404,224,
ruvoproxy.com,registry-absent,True,False,51.5,focused-invented-proxy,2026-08-30T20:43:24.351780+00:00,404,306,
ruzaproxy.com,registry-absent,True,False,51.5,focused-invented-proxy,2026-08-30T20:43:24.426570+00:00,404,256,
ruzoproxy.com,registry-absent,True,False,51.5,focused-invented-proxy,2026-08-30T20:43:24.555566+00:00,404,258,
salaproxy.com,registry-absent,True,False,51.5,focused-invented-proxy,2026-08-30T20:43:24.641146+00:00,404,218,
saloproxy.com,registry-absent,True,False,51.5,focused-invented-proxy,2026-08-30T20:43:24.767180+00:00,404,219,
sanaproxy.com,registry-absent,True,False,51.5,focused-invented-proxy,2026-08-30T20:43:24.949609+00:00,404,279,
sanoproxy.com,registry-absent,True,False,51.5,focused-invented-proxy,2026-08-30T20:43:25.084063+00:00,404,288,
saraproxy.com,registry-absent,True,False,51.5,focused-invented-proxy,2026-08-30T20:43:25.138588+00:00,404,219,
sariproxy.com,registry-absent,True,False,51.5,focused-invented-proxy,2026-08-30T20:43:25.272568+00:00,404,225,
saroproxy.com,registry-absent,True,False,51.5,focused-invented-proxy,2026-08-30T20:43:25.466647+00:00,404,297,
savaproxy.com,registry-absent,True,False,51.5,focused-invented-proxy,2026-08-30T20:43:25.541969+00:00,404,246,
saviproxy.com,registry-absent,True,False,51.5,focused-invented-proxy,2026-08-30T20:43:25.641454+00:00,404,219,
savoproxy.com,registry-absent,True,False,51.5,focused-invented-proxy,2026-08-30T20:43:25.764807+00:00,404,222,
sazaproxy.com,registry-absent,True,False,51.5,focused-invented-proxy,2026-08-30T20:43:25.982155+00:00,404,310,
sazoproxy.com,registry-absent,True,False,51.5,focused-invented-proxy,2026-08-30T20:43:26.066855+00:00,404,269,
selaproxy.com,registry-absent,True,False,51.5,focused-invented-proxy,2026-08-30T20:43:26.137816+00:00,404,219,
seloproxy.com,registry-absent,True,False,51.5,focused-invented-proxy,2026-08-30T20:43:26.265597+00:00,404,219,
senaproxy.com,registry-absent,True,False,51.5,focused-invented-proxy,2026-08-30T20:43:26.443361+00:00,404,271,
senoproxy.com,registry-absent,True,False,51.5,focused-invented-proxy,2026-08-30T20:43:26.659472+00:00,404,366,
seraproxy.com,registry-absent,True,False,51.5,focused-invented-proxy,2026-08-30T20:43:26.654875+00:00,404,235,
seriproxy.com,registry-absent,True,False,51.5,focused-invented-proxy,2026-08-30T20:43:26.770467+00:00,404,223,
seroproxy.com,registry-absent,True,False,51.5,focused-invented-proxy,2026-08-30T20:43:26.967450+00:00,404,297,
sevaproxy.com,registry-absent,True,False,51.5,focused-invented-proxy,2026-08-30T20:43:27.039097+00:00,404,241,
seviproxy.com,registry-absent,True,False,51.5,focused-invented-proxy,2026-08-30T20:43:27.179869+00:00,404,260,
sevoproxy.com,registry-absent,True,False,51.5,focused-invented-proxy,2026-08-30T20:43:27.269750+00:00,404,224,
sezaproxy.com,registry-absent,True,False,51.5,focused-invented-proxy,2026-08-30T20:43:27.390620+00:00,404,220,
sezoproxy.com,registry-absent,True,False,51.5,focused-invented-proxy,2026-08-30T20:43:27.564898+00:00,404,272,
silaproxy.com,registry-absent,True,False,51.5,focused-invented-proxy,2026-08-30T20:43:27.706455+00:00,404,284,
siloproxy.com,registry-absent,True,False,51.5,focused-invented-proxy,2026-08-30T20:43:27.765065+00:00,404,222,
sinaproxy.com,registry-absent,True,False,51.5,focused-invented-proxy,2026-08-30T20:43:27.891762+00:00,404,220,
sinoproxy.com,registered,False,True,51.5,focused-invented-proxy,2026-08-30T20:43:28.095362+00:00,200,302,
siraproxy.com,registry-absent,True,False,51.5,focused-invented-proxy,2026-08-30T20:43:28.222923+00:00,404,303,
siriproxy.com,registered,False,True,51.5,focused-invented-proxy,2026-08-30T20:43:28.275407+00:00,200,228,
siroproxy.com,registry-absent,True,False,51.5,focused-invented-proxy,2026-08-30T20:43:28.394868+00:00,404,222,
sivaproxy.com,registry-absent,True,False,51.5,focused-invented-proxy,2026-08-30T20:43:28.606647+00:00,404,311,
siviproxy.com,registry-absent,True,False,51.5,focused-invented-proxy,2026-08-30T20:43:28.686236+00:00,404,263,
sizaproxy.com,registry-absent,True,False,51.5,focused-invented-proxy,2026-08-30T20:43:28.766240+00:00,404,218,
sizoproxy.com,registry-absent,True,False,51.5,focused-invented-proxy,2026-08-30T20:43:28.891244+00:00,404,221,
solaproxy.com,registry-absent,True,False,51.5,focused-invented-proxy,2026-08-30T20:43:29.064581+00:00,404,271,
soloproxy.com,registered,False,True,51.5,focused-invented-proxy,2026-08-30T20:43:29.213733+00:00,200,294,
sonaproxy.com,registry-absent,True,False,51.5,focused-invented-proxy,2026-08-30T20:43:29.274311+00:00,404,226,
sonoproxy.com,registry-absent,True,False,51.5,focused-invented-proxy,2026-08-30T20:43:29.393169+00:00,404,222,
soriproxy.com,registry-absent,True,False,51.5,focused-invented-proxy,2026-08-30T20:43:29.589251+00:00,404,292,
soroproxy.com,registry-absent,True,False,51.5,focused-invented-proxy,2026-08-30T20:43:29.727217+00:00,404,308,
sovaproxy.com,registry-absent,True,False,51.5,focused-invented-proxy,2026-08-30T20:43:29.799486+00:00,404,252,
soviproxy.com,registry-absent,True,False,51.5,focused-invented-proxy,2026-08-30T20:43:29.892858+00:00,404,220,
sovoproxy.com,registry-absent,True,False,51.5,focused-invented-proxy,2026-08-30T20:43:30.017093+00:00,404,220,
sozaproxy.com,registry-absent,True,False,51.5,focused-invented-proxy,2026-08-30T20:43:30.182863+00:00,404,260,
sozoproxy.com,registry-absent,True,False,51.5,focused-invented-proxy,2026-08-30T20:43:30.322516+00:00,404,275,
sulaproxy.com,registry-absent,True,False,51.5,focused-invented-proxy,2026-08-30T20:43:30.393004+00:00,404,220,
suloproxy.com,registry-absent,True,False,51.5,focused-invented-proxy,2026-08-30T20:43:30.512600+00:00,404,219,
sunaproxy.com,registry-absent,True,False,51.5,focused-invented-proxy,2026-08-30T20:43:30.714885+00:00,404,292,
sunoproxy.com,registry-absent,True,False,51.5,focused-invented-proxy,2026-08-30T20:43:30.856771+00:00,404,309,
suraproxy.com,registry-absent,True,False,51.5,focused-invented-proxy,2026-08-30T20:43:30.890188+00:00,404,219,
suriproxy.com,registry-absent,True,False,51.5,focused-invented-proxy,2026-08-30T20:43:31.017823+00:00,404,220,
suroproxy.com,registry-absent,True,False,51.5,focused-invented-proxy,2026-08-30T20:43:31.225827+00:00,404,306,
suvaproxy.com,registry-absent,True,False,51.5,focused-invented-proxy,2026-08-30T20:43:31.306268+00:00,404,263,
suviproxy.com,registry-absent,True,False,51.5,focused-invented-proxy,2026-08-30T20:43:31.392907+00:00,404,220,
suvoproxy.com,registry-absent,True,False,51.5,focused-invented-proxy,2026-08-30T20:43:31.517133+00:00,404,219,
suzaproxy.com,registry-absent,True,False,51.5,focused-invented-proxy,2026-08-30T20:43:31.688163+00:00,404,269,
suzoproxy.com,registry-absent,True,False,51.5,focused-invented-proxy,2026-08-30T20:43:31.839787+00:00,404,293,
talaproxy.com,registry-absent,True,False,51.5,focused-invented-proxy,2026-08-30T20:43:31.904145+00:00,404,231,
taloproxy.com,registry-absent,True,False,51.5,focused-invented-proxy,2026-08-30T20:43:32.022054+00:00,404,224,
tanaproxy.com,registry-absent,True,False,51.5,focused-invented-proxy,2026-08-30T20:43:32.211392+00:00,404,292,
tanoproxy.com,registry-absent,True,False,51.5,focused-invented-proxy,2026-08-30T20:43:32.359565+00:00,404,312,
taraproxy.com,registry-absent,True,False,51.5,focused-invented-proxy,2026-08-30T20:43:32.999690+00:00,404,828,
tariproxy.com,registry-absent,True,False,51.5,focused-invented-proxy,2026-08-30T20:43:32.516287+00:00,404,219,
taroproxy.com,registry-absent,True,False,51.5,focused-invented-proxy,2026-08-30T20:43:32.643885+00:00,404,221,
tavaproxy.com,registry-absent,True,False,51.5,focused-invented-proxy,2026-08-30T20:43:32.805916+00:00,404,258,
tavoproxy.com,registry-absent,True,False,51.5,focused-invented-proxy,2026-08-30T20:43:32.942053+00:00,404,270,
tazaproxy.com,registry-absent,True,False,51.5,focused-invented-proxy,2026-08-30T20:43:33.023031+00:00,404,225,
tazoproxy.com,registry-absent,True,False,51.5,focused-invented-proxy,2026-08-30T20:43:33.141414+00:00,404,219,
telaproxy.com,registry-absent,True,False,51.5,focused-invented-proxy,2026-08-30T20:43:33.330783+00:00,404,283,
teloproxy.com,registry-absent,True,False,51.5,focused-invented-proxy,2026-08-30T20:43:33.468060+00:00,404,300,
tenaproxy.com,registry-absent,True,False,51.5,focused-invented-proxy,2026-08-30T20:43:33.511904+00:00,404,219,
tenoproxy.com,registry-absent,True,False,51.5,focused-invented-proxy,2026-08-30T20:43:33.643822+00:00,404,221,
teraproxy.com,registered,False,True,51.5,focused-invented-proxy,2026-08-30T20:43:34.446981+00:00,200,899,
teriproxy.com,registry-absent,True,False,51.5,focused-invented-proxy,2026-08-30T20:43:33.927417+00:00,404,255,
teviproxy.com,registry-absent,True,False,51.5,focused-invented-proxy,2026-08-30T20:43:34.015917+00:00,404,218,
tevoproxy.com,registry-absent,True,False,51.5,focused-invented-proxy,2026-08-30T20:43:34.139194+00:00,404,218,
tezaproxy.com,registry-absent,True,False,51.5,focused-invented-proxy,2026-08-30T20:43:34.307414+00:00,404,260,
tezoproxy.com,registry-absent,True,False,51.5,focused-invented-proxy,2026-08-30T20:43:34.453418+00:00,404,281,
tilaproxy.com,registry-absent,True,False,51.5,focused-invented-proxy,2026-08-30T20:43:34.524595+00:00,404,227,
tiloproxy.com,registry-absent,True,False,51.5,focused-invented-proxy,2026-08-30T20:43:34.637976+00:00,404,218,
tinaproxy.com,registry-absent,True,False,51.5,focused-invented-proxy,2026-08-30T20:43:34.831408+00:00,404,285,
tinoproxy.com,registered,False,True,51.5,focused-invented-proxy,2026-08-30T20:43:35.046942+00:00,200,374,
tiraproxy.com,registry-absent,True,False,51.5,focused-invented-proxy,2026-08-30T20:43:35.039434+00:00,404,242,
tiriproxy.com,registry-absent,True,False,51.5,focused-invented-proxy,2026-08-30T20:43:35.210008+00:00,404,287,
tiroproxy.com,registry-absent,True,False,51.5,focused-invented-proxy,2026-08-30T20:43:35.355485+00:00,404,310,
tivaproxy.com,registry-absent,True,False,51.5,focused-invented-proxy,2026-08-30T20:43:35.427049+00:00,404,256,
tiviproxy.com,registry-absent,True,False,51.5,focused-invented-proxy,2026-08-30T20:43:35.565500+00:00,404,268,
tivoproxy.com,registry-absent,True,False,51.5,focused-invented-proxy,2026-08-30T20:43:35.637584+00:00,404,218,
tizaproxy.com,registry-absent,True,False,51.5,focused-invented-proxy,2026-08-30T20:43:35.774080+00:00,404,226,
tizoproxy.com,registry-absent,True,False,51.5,focused-invented-proxy,2026-08-30T20:43:35.951320+00:00,404,279,
tolaproxy.com,registry-absent,True,False,51.5,focused-invented-proxy,2026-08-30T20:43:36.086549+00:00,404,290,
toloproxy.com,registry-absent,True,False,51.5,focused-invented-proxy,2026-08-30T20:43:36.144365+00:00,404,222,
tonaproxy.com,registry-absent,True,False,51.5,focused-invented-proxy,2026-08-30T20:43:36.268541+00:00,404,221,
tonoproxy.com,registry-absent,True,False,51.5,focused-invented-proxy,2026-08-30T20:43:36.552683+00:00,404,383,
toraproxy.com,registry-absent,True,False,51.5,focused-invented-proxy,2026-08-30T20:43:36.553393+00:00,404,256,
toriproxy.com,registered,False,True,51.5,focused-invented-proxy,2026-08-30T20:43:36.651824+00:00,200,229,
toroproxy.com,registry-absent,True,False,51.5,focused-invented-proxy,2026-08-30T20:43:36.770793+00:00,404,223,
tovaproxy.com,registry-absent,True,False,51.5,focused-invented-proxy,2026-08-30T20:43:36.928456+00:00,404,256,
toviproxy.com,registry-absent,True,False,51.5,focused-invented-proxy,2026-08-30T20:43:37.072173+00:00,404,274,
tovoproxy.com,registry-absent,True,False,51.5,focused-invented-proxy,2026-08-30T20:43:37.143635+00:00,404,221,
airveil.com,registered,False,True,47.5,curated,2026-08-30T20:12:21.954359+00:00,200,,
arcveil.com,registered,False,True,47.5,curated,2026-08-30T20:12:23.250090+00:00,200,,
zenveil.com,registered,False,True,47.5,curated,2026-08-30T20:36:44.503632+00:00,200,250,
aeroveil.com,registered,False,True,46.15,curated,2026-08-30T20:12:21.252227+00:00,200,,
aircloak.com,registered,False,True,46.15,curated,2026-08-30T20:12:22.334225+00:00,200,,
airvault.com,registered,False,True,46.15,curated,2026-08-30T20:12:22.284948+00:00,200,,
arcroute.com,registered,False,True,46.15,curated,2026-08-30T20:12:22.786463+00:00,200,,
arcvault.com,registered,False,True,46.15,curated,2026-08-30T20:12:22.217579+00:00,200,,
auraveil.com,registered,False,True,46.15,curated,2026-08-30T20:12:24.486143+00:00,200,,
everveil.com,registered,False,True,46.15,curated,2026-08-30T20:17:58.972697+00:00,200,,
fluxveil.com,registered,False,True,46.15,curated,2026-08-30T20:18:33.064941+00:00,200,,
haloveil.com,registered,False,True,46.15,curated,2026-08-30T20:19:22.687880+00:00,200,,
hushveil.com,registered,False,True,46.15,curated,2026-08-30T20:36:33.498414+00:00,200,242,
lumaveil.com,registered,False,True,46.15,curated,2026-08-30T20:36:35.204494+00:00,200,201,
mistveil.com,registered,False,True,46.15,curated,2026-08-30T20:36:36.705803+00:00,200,202,
novaveil.com,registered,False,True,46.15,curated,2026-08-30T20:36:37.708956+00:00,200,206,
roamveil.com,registered,False,True,46.15,curated,2026-08-30T20:36:40.837259+00:00,200,207,
trueveil.com,registered,False,True,46.15,curated,2026-08-30T20:36:42.876359+00:00,200,249,
veilpath.com,registered,False,True,46.15,curated,2026-08-30T20:36:47.126740+00:00,200,248,
veloveil.com,registered,False,True,46.15,curated,2026-08-30T20:36:43.576638+00:00,200,197,
zencloak.com,registered,False,True,46.15,curated,2026-08-30T20:36:44.705214+00:00,200,203,
zenrelay.com,registered,False,True,46.15,curated,2026-08-30T20:36:45.032571+00:00,200,277,
zenroute.com,registered,False,True,46.15,curated,2026-08-30T20:36:44.902711+00:00,200,276,
zenvault.com,registered,False,True,46.15,curated,2026-08-30T20:36:44.581497+00:00,200,201,
aerocloak.com,registered,False,True,44.8,curated,2026-08-30T20:12:21.634787+00:00,200,,
aerovault.com,registered,False,True,44.8,curated,2026-08-30T20:12:21.635080+00:00,200,,
auracloak.com,registered,False,True,44.8,curated,2026-08-30T20:12:23.087427+00:00,200,,
auraroute.com,registered,False,True,44.8,curated,2026-08-30T20:12:23.611515+00:00,200,,
auravault.com,registered,False,True,44.8,curated,2026-08-30T20:12:23.180026+00:00,200,,
blinkveil.com,registry-absent,True,False,44.8,curated,2026-08-30T20:14:35.724835+00:00,404,,
clearveil.com,registered,False,True,44.8,curated,2026-08-30T20:15:59.021199+00:00,200,,
cloudveil.com,registered,False,True,44.8,curated,2026-08-30T20:16:28.183018+00:00,200,,
driftveil.com,registered,False,True,44.8,curated,2026-08-30T20:17:03.688440+00:00,200,,
emberveil.com,registered,False,True,44.8,curated,2026-08-30T20:17:32.922152+00:00,200,,
evercloak.com,registered,False,True,44.8,curated,2026-08-30T20:18:17.853223+00:00,200,,
evervault.com,registered,False,True,44.8,curated,2026-08-30T20:18:06.952805+00:00,200,,
fluxcloak.com,registered,False,True,44.8,curated,2026-08-30T20:18:41.000922+00:00,200,,
fluxrelay.com,registered,False,True,44.8,curated,2026-08-30T20:18:44.471622+00:00,200,,
fluxroute.com,registered,False,True,44.8,curated,2026-08-30T20:18:48.317564+00:00,200,,
fluxvault.com,registered,False,True,44.8,curated,2026-08-30T20:18:37.426482+00:00,200,,
glideveil.com,registered,False,True,44.8,curated,2026-08-30T20:19:09.541240+00:00,200,,
halocloak.com,registry-absent,True,False,44.8,curated,2026-08-30T20:36:32.778462+00:00,404,275,
halorelay.com,registry-absent,True,False,44.8,curated,2026-08-30T20:36:33.368953+00:00,404,242,
haloroute.com,registered,False,True,44.8,curated,2026-08-30T20:36:33.204091+00:00,200,198,
halovault.com,registered,False,True,44.8,curated,2026-08-30T20:36:32.461463+00:00,200,208,
hushcloak.com,registry-absent,True,False,44.8,curated,2026-08-30T20:36:33.720318+00:00,404,217,
hushrelay.com,registered,False,True,44.8,curated,2026-08-30T20:36:33.603793+00:00,200,223,
hushroute.com,registered,False,True,44.8,curated,2026-08-30T20:36:34.037563+00:00,200,284,
hushvault.com,registered,False,True,44.8,curated,2026-08-30T20:36:33.901192+00:00,200,272,
ivoryveil.com,registered,False,True,44.8,curated,2026-08-30T20:36:34.705353+00:00,200,199,
lumacloak.com,registry-absent,True,False,44.8,curated,2026-08-30T20:36:36.338961+00:00,404,709,
lumarelay.com,registered,False,True,44.8,curated,2026-08-30T20:36:36.330796+00:00,200,204,
lumavault.com,registered,False,True,44.8,curated,2026-08-30T20:36:35.401658+00:00,200,271,
lunaroute.com,registered,False,True,44.8,curated,2026-08-30T20:36:35.704903+00:00,200,201,
mistcloak.com,registered,False,True,44.8,curated,2026-08-30T20:36:36.515838+00:00,200,262,
mistrelay.com,registry-absent,True,False,44.8,curated,2026-08-30T20:36:36.639326+00:00,404,258,
mistroute.com,registered,False,True,44.8,curated,2026-08-30T20:36:37.039755+00:00,200,284,
mistvault.com,registered,False,True,44.8,curated,2026-08-30T20:36:37.228227+00:00,200,350,
novacloak.com,registered,False,True,44.8,curated,2026-08-30T20:36:37.496861+00:00,200,244,
novarelay.com,registered,False,True,44.8,curated,2026-08-30T20:36:38.218628+00:00,200,216,
novaroute.com,registered,False,True,44.8,curated,2026-08-30T20:36:38.021568+00:00,200,268,
novavault.com,registered,False,True,44.8,curated,2026-08-30T20:36:37.693970+00:00,200,314,
orbitveil.com,registered,False,True,44.8,curated,2026-08-30T20:36:38.333769+00:00,200,203,
quietveil.com,registered,False,True,44.8,curated,2026-08-30T20:36:40.118881+00:00,200,239,
roamcloak.com,registered,False,True,44.8,curated,2026-08-30T20:36:40.776504+00:00,200,271,
roamrelay.com,registered,False,True,44.8,curated,2026-08-30T20:36:41.077817+00:00,200,201,
roamroute.com,registered,False,True,44.8,curated,2026-08-30T20:36:41.466608+00:00,200,712,
roamvault.com,registered,False,True,44.8,curated,2026-08-30T20:36:40.642759+00:00,200,262,
swiftveil.com,registered,False,True,44.8,curated,2026-08-30T20:36:41.692887+00:00,200,315,
truecloak.com,registered,False,True,44.8,curated,2026-08-30T20:36:42.739296+00:00,200,235,
truerelay.com,registered,False,True,44.8,curated,2026-08-30T20:36:42.955868+00:00,200,202,
trueroute.com,registered,False,True,44.8,curated,2026-08-30T20:36:42.578613+00:00,200,200,
truevault.com,registered,False,True,44.8,curated,2026-08-30T20:36:43.084246+00:00,200,203,
vaultlane.com,registered,False,True,44.8,curated,2026-08-30T20:36:47.331483+00:00,200,201,
veilroute.com,registered,False,True,44.8,curated,2026-08-30T20:36:47.203875+00:00,200,201,
velocloak.com,registry-absent,True,False,44.8,curated,2026-08-30T20:36:43.400765+00:00,404,271,
velorelay.com,registry-absent,True,False,44.8,curated,2026-08-30T20:36:43.983247+00:00,404,228,
veloroute.com,registered,False,True,44.8,curated,2026-08-30T20:36:44.083789+00:00,200,206,
velovault.com,registered,False,True,44.8,curated,2026-08-30T20:36:43.264259+00:00,200,258,
zenshield.com,registered,False,True,44.8,curated,2026-08-30T20:36:45.201296+00:00,200,199,
arcdash.com,registered,False,True,43.5,curated,2026-08-30T20:12:22.446746+00:00,200,,
arclane.com,registered,False,True,43.5,curated,2026-08-30T20:12:23.354243+00:00,200,,
arcnest.com,registered,False,True,43.5,curated,2026-08-30T20:12:22.919539+00:00,200,,
ciphora.com,registered,False,True,43.5,curated,2026-08-30T20:15:28.629059+00:00,200,,
zenlane.com,registered,False,True,43.5,curated,2026-08-30T20:36:45.084939+00:00,200,204,
arcprivate.com,registered,False,True,43.45,curated,2026-08-30T20:36:45.494562+00:00,200,238,
blinkcloak.com,registry-absent,True,False,43.45,curated,2026-08-30T20:14:43.840854+00:00,404,,
blinkroute.com,registered,False,True,43.45,curated,2026-08-30T20:14:49.281001+00:00,200,,
blinkvault.com,registered,False,True,43.45,curated,2026-08-30T20:14:40.421458+00:00,200,,
brightveil.com,registered,False,True,43.45,curated,2026-08-30T20:15:07.284799+00:00,200,,
cipherveil.com,registered,False,True,43.45,curated,2026-08-30T20:15:43.222895+00:00,200,,
clearcloak.com,registered,False,True,43.45,curated,2026-08-30T20:16:13.358732+00:00,200,,
clearvault.com,registered,False,True,43.45,curated,2026-08-30T20:16:09.278224+00:00,200,,
cloakroute.com,registered,False,True,43.45,curated,2026-08-30T20:36:46.086686+00:00,200,706,
cloudcloak.com,registered,False,True,43.45,curated,2026-08-30T20:16:40.689891+00:00,200,,
cloudrelay.com,registered,False,True,43.45,curated,2026-08-30T20:16:59.328684+00:00,200,,
cloudroute.com,registered,False,True,43.45,curated,2026-08-30T20:16:44.079676+00:00,200,,
cloudvault.com,registered,False,True,43.45,curated,2026-08-30T20:16:36.444283+00:00,200,,
driftcloak.com,registry-absent,True,False,43.45,curated,2026-08-30T20:17:14.319759+00:00,404,,
driftrelay.com,registered,False,True,43.45,curated,2026-08-30T20:17:22.624104+00:00,200,,
driftroute.com,registered,False,True,43.45,curated,2026-08-30T20:17:17.989941+00:00,200,,
driftvault.com,registered,False,True,43.45,curated,2026-08-30T20:17:07.239458+00:00,200,,
embercloak.com,registered,False,True,43.45,curated,2026-08-30T20:17:40.379714+00:00,200,,
embervault.com,registered,False,True,43.45,curated,2026-08-30T20:17:43.948648+00:00,200,,
evershield.com,registered,False,True,43.45,curated,2026-08-30T20:18:14.066453+00:00,200,,
fluxshield.com,registered,False,True,43.45,curated,2026-08-30T20:19:06.085091+00:00,200,,
glidecloak.com,registry-absent,True,False,43.45,curated,2026-08-30T20:19:02.705651+00:00,404,,
gliderelay.com,registered,False,True,43.45,curated,2026-08-30T20:19:26.879920+00:00,200,,
glideroute.com,registered,False,True,43.45,curated,2026-08-30T20:19:18.943444+00:00,200,,
glidevault.com,registered,False,True,43.45,curated,2026-08-30T20:18:59.273105+00:00,200,,
haloshield.com,registered,False,True,43.45,curated,2026-08-30T20:36:33.079340+00:00,200,199,
hushshield.com,registered,False,True,43.45,curated,2026-08-30T20:36:34.221294+00:00,200,216,
ivorycloak.com,registry-absent,True,False,43.45,curated,2026-08-30T20:36:34.877042+00:00,404,249,
ivoryrelay.com,registered,False,True,43.45,curated,2026-08-30T20:36:35.078658+00:00,200,200,
ivoryroute.com,registered,False,True,43.45,curated,2026-08-30T20:36:35.011159+00:00,200,260,
ivoryvault.com,registered,False,True,43.45,curated,2026-08-30T20:36:34.597056+00:00,200,216,
lumashield.com,registered,False,True,43.45,curated,2026-08-30T20:36:35.990605+00:00,200,236,
mistshield.com,registered,False,True,43.45,curated,2026-08-30T20:36:37.332967+00:00,200,204,
novashield.com,registered,False,True,43.45,curated,2026-08-30T20:36:38.546033+00:00,200,290,
orbitcloak.com,registry-absent,True,False,43.45,curated,2026-08-30T20:36:38.739134+00:00,404,235,
orbitrelay.com,registered,False,True,43.45,curated,2026-08-30T20:36:39.262259+00:00,200,259,
orbitroute.com,registered,False,True,43.45,curated,2026-08-30T20:36:38.948866+00:00,200,196,
orbitvault.com,registered,False,True,43.45,curated,2026-08-30T20:36:38.610984+00:00,200,230,
privyroute.com,registered,False,True,43.45,curated,2026-08-30T20:36:46.410825+00:00,200,280,
quietcloak.com,registered,False,True,43.45,curated,2026-08-30T20:36:39.791651+00:00,200,287,
quietrelay.com,registered,False,True,43.45,curated,2026-08-30T20:36:39.659901+00:00,200,279,
quietroute.com,registered,False,True,43.45,curated,2026-08-30T20:36:39.828992+00:00,200,201,
quietvault.com,registered,False,True,43.45,curated,2026-08-30T20:36:39.953767+00:00,200,200,
roamshield.com,registered,False,True,43.45,curated,2026-08-30T20:36:41.361855+00:00,200,233,
shieldlane.com,registered,False,True,43.45,curated,2026-08-30T20:36:46.604519+00:00,200,224,
swiftcloak.com,registered,False,True,43.45,curated,2026-08-30T20:36:41.760566+00:00,200,257,
swiftrelay.com,registered,False,True,43.45,curated,2026-08-30T20:36:42.280903+00:00,200,275,
swiftroute.com,registered,False,True,43.45,curated,2026-08-30T20:36:41.891731+00:00,200,264,
swiftvault.com,registered,False,True,43.45,curated,2026-08-30T20:36:41.452847+00:00,200,199,
trueshield.com,registered,False,True,43.45,curated,2026-08-30T20:36:43.453545+00:00,200,200,
veloshield.com,registered,False,True,43.45,curated,2026-08-30T20:36:44.739369+00:00,200,733,
arccloak.com,registry-absent,True,False,43.15,curated,2026-08-30T20:12:22.153146+00:00,404,,
veillink.com,registered,False,True,43.15,curated,2026-08-30T20:36:46.999636+00:00,200,246,
aerolane.com,registered,False,True,42.15,curated,2026-08-30T20:12:22.042901+00:00,200,,
airhaven.com,registered,False,True,42.15,curated,2026-08-30T20:12:21.974387+00:00,200,,
airyveil.com,registered,False,True,42.15,semantic,2026-08-30T20:37:41.222748+00:00,200,218,
arcdrift.com,registered,False,True,42.15,curated,2026-08-30T20:12:22.736382+00:00,200,,
arcrelay.com,registered,False,True,42.15,semantic,2026-08-30T20:37:42.055537+00:00,200,300,
auragate.com,registered,False,True,42.15,curated,2026-08-30T20:12:24.054142+00:00,200,,
auralane.com,registered,False,True,42.15,curated,2026-08-30T20:12:23.939908+00:00,200,,
calmveil.com,registered,False,True,42.15,semantic,2026-08-30T20:37:51.253828+00:00,200,748,
everlane.com,registered,False,True,42.15,curated,2026-08-30T20:18:10.674480+00:00,200,,
fluxlane.com,registered,False,True,42.15,curated,2026-08-30T20:18:52.089626+00:00,200,,
halolane.com,registered,False,True,42.15,curated,2026-08-30T20:36:32.911447+00:00,200,280,
hushlane.com,registered,False,True,42.15,curated,2026-08-30T20:36:34.096493+00:00,200,218,
hushpath.com,registered,False,True,42.15,curated,2026-08-30T20:36:45.886205+00:00,200,258,
lumalane.com,registered,False,True,42.15,curated,2026-08-30T20:36:36.122471+00:00,200,246,
mistlane.com,registered,False,True,42.15,curated,2026-08-30T20:36:36.830838+00:00,200,202,
mistpath.com,registered,False,True,42.15,curated,2026-08-30T20:36:46.021344+00:00,200,269,
novalane.com,registered,False,True,42.15,curated,2026-08-30T20:36:37.828386+00:00,200,200,
roamlane.com,registered,False,True,42.15,curated,2026-08-30T20:36:40.456101+00:00,200,203,
truelane.com,registered,False,True,42.15,curated,2026-08-30T20:36:42.455038+00:00,200,201,
velolane.com,registered,False,True,42.15,curated,2026-08-30T20:36:43.916808+00:00,200,290,
zenhaven.com,registered,False,True,42.15,curated,2026-08-30T20:36:45.360943+00:00,200,234,
everrelay.com,registered,False,True,41.8,curated,2026-08-30T20:18:28.944512+00:00,200,,
everroute.com,registered,False,True,41.8,curated,2026-08-30T20:18:25.571443+00:00,200,,
arcbay.com,registered,False,True,40.85,semantic,2026-08-30T20:37:41.721549+00:00,200,217,
archop.com,registered,False,True,40.85,semantic,2026-08-30T20:37:42.508019+00:00,200,253,
aerorelay.com,registered,False,True,40.8,semantic,2026-08-30T20:37:38.095203+00:00,200,217,
aeroroute.com,registered,False,True,40.8,semantic,2026-08-30T20:37:38.384747+00:00,200,256,
airycloak.com,registry-absent,True,False,40.8,semantic,2026-08-30T20:37:39.047143+00:00,404,294,
airyrelay.com,registry-absent,True,False,40.8,semantic,2026-08-30T20:37:40.555000+00:00,404,300,
airyroute.com,registry-absent,True,False,40.8,semantic,2026-08-30T20:37:40.622174+00:00,404,244,
airyvault.com,registry-absent,True,False,40.8,semantic,2026-08-30T20:37:40.844243+00:00,404,213,
arcshield.com,registered,False,True,40.8,semantic,2026-08-30T20:37:43.031762+00:00,200,278,
auradrift.com,registered,False,True,40.8,curated,2026-08-30T20:12:23.493162+00:00,200,,
aurahaven.com,registered,False,True,40.8,curated,2026-08-30T20:14:32.356716+00:00,200,,
aurarelay.com,registered,False,True,40.8,semantic,2026-08-30T20:37:44.344431+00:00,200,217,
blinklane.com,registered,False,True,40.8,curated,2026-08-30T20:14:52.829676+00:00,200,,
calmcloak.com,registry-absent,True,False,40.8,semantic,2026-08-30T20:37:49.220732+00:00,404,215,
calmrelay.com,registered,False,True,40.8,semantic,2026-08-30T20:37:50.058171+00:00,200,304,
calmroute.com,registered,False,True,40.8,semantic,2026-08-30T20:37:50.094507+00:00,200,216,
calmvault.com,registered,False,True,40.8,semantic,2026-08-30T20:37:50.598346+00:00,200,220,
cipherbay.com,registered,False,True,40.8,curated,2026-08-30T20:15:32.058052+00:00,200,,
clearlane.com,registered,False,True,40.8,curated,2026-08-30T20:16:05.848506+00:00,200,,
cloudlane.com,registered,False,True,40.8,curated,2026-08-30T20:16:47.830151+00:00,200,,
driftlane.com,registered,False,True,40.8,curated,2026-08-30T20:17:10.868560+00:00,200,,
emberlane.com,registered,False,True,40.8,curated,2026-08-30T20:17:36.972333+00:00,200,,
everhaven.com,registered,False,True,40.8,curated,2026-08-30T20:18:21.276002+00:00,200,,
fastcloak.com,registered,False,True,40.8,semantic,2026-08-30T20:38:03.849608+00:00,200,223,
fastrelay.com,registered,False,True,40.8,semantic,2026-08-30T20:38:05.577388+00:00,200,825,
fastroute.com,registered,False,True,40.8,semantic,2026-08-30T20:38:05.647369+00:00,200,270,
fastvault.com,registered,False,True,40.8,semantic,2026-08-30T20:38:05.261382+00:00,200,256,
fluxhaven.com,registered,False,True,40.8,curated,2026-08-30T20:18:55.890938+00:00,200,,
glidelane.com,registered,False,True,40.8,curated,2026-08-30T20:19:12.918092+00:00,200,,
halohaven.com,registered,False,True,40.8,curated,2026-08-30T20:36:32.973291+00:00,200,222,
ivorylane.com,registered,False,True,40.8,curated,2026-08-30T20:36:34.499813+00:00,200,247,
lumahaven.com,registered,False,True,40.8,curated,2026-08-30T20:36:36.207051+00:00,200,202,
misthaven.com,registered,False,True,40.8,curated,2026-08-30T20:36:37.204542+00:00,200,200,
novahaven.com,registered,False,True,40.8,curated,2026-08-30T20:36:38.154265+00:00,200,278,
orbitlane.com,registered,False,True,40.8,curated,2026-08-30T20:36:39.330612+00:00,200,201,
quietlane.com,registered,False,True,40.8,curated,2026-08-30T20:36:39.453782+00:00,200,202,
quietpath.com,registered,False,True,40.8,curated,2026-08-30T20:36:46.708496+00:00,200,204,
roamhaven.com,registered,False,True,40.8,curated,2026-08-30T20:36:41.232382+00:00,200,229,
safeorbit.com,registered,False,True,40.8,curated,2026-08-30T20:36:46.207683+00:00,200,202,
swiftlane.com,registered,False,True,40.8,curated,2026-08-30T20:36:42.090349+00:00,200,210,
truehaven.com,registered,False,True,40.8,curated,2026-08-30T20:36:43.855070+00:00,200,349,
velohaven.com,registered,False,True,40.8,curated,2026-08-30T20:36:44.377202+00:00,200,249,
clearrelay.com,registered,False,True,40.45,curated,2026-08-30T20:16:20.907956+00:00,200,,
clearroute.com,registered,False,True,40.45,curated,2026-08-30T20:16:16.869400+00:00,200,,
emberrelay.com,registered,False,True,40.45,curated,2026-08-30T20:17:52.183162+00:00,200,,
emberroute.com,registered,False,True,40.45,curated,2026-08-30T20:17:48.601340+00:00,200,,
aerobay.com,registered,False,True,39.5,semantic,2026-08-30T20:37:37.265261+00:00,200,261,
aerohop.com,registered,False,True,39.5,semantic,2026-08-30T20:37:37.479070+00:00,200,227,
airybay.com,registered,False,True,39.5,semantic,2026-08-30T20:37:39.437256+00:00,200,309,
airyhop.com,registry-absent,True,False,39.5,semantic,2026-08-30T20:37:40.099879+00:00,404,219,
arcgate.com,registered,False,True,39.5,semantic,2026-08-30T20:37:41.848487+00:00,200,217,
arclink.com,registered,False,True,39.5,semantic,2026-08-30T20:37:42.128239+00:00,200,251,
arcmesh.com,registered,False,True,39.5,semantic,2026-08-30T20:37:42.223791+00:00,200,218,
arcpath.com,registered,False,True,39.5,semantic,2026-08-30T20:37:42.343994+00:00,200,215,
arcwave.com,registered,False,True,39.5,semantic,2026-08-30T20:37:43.345392+00:00,200,218,
arcwing.com,registered,False,True,39.5,semantic,2026-08-30T20:37:43.241054+00:00,200,237,
arcwire.com,registered,False,True,39.5,semantic,2026-08-30T20:37:43.176163+00:00,200,296,
aurabay.com,registered,False,True,39.5,semantic,2026-08-30T20:37:43.556523+00:00,200,303,
aurahop.com,registered,False,True,39.5,semantic,2026-08-30T20:37:43.627249+00:00,200,248,
calmbay.com,registered,False,True,39.5,semantic,2026-08-30T20:37:48.599828+00:00,200,221,
calmhop.com,registered,False,True,39.5,semantic,2026-08-30T20:37:49.097626+00:00,200,216,
everbay.com,registered,False,True,39.5,semantic,2026-08-30T20:38:02.220852+00:00,200,216,
everhop.com,registered,False,True,39.5,semantic,2026-08-30T20:38:02.502956+00:00,200,250,
fastbay.com,registered,False,True,39.5,semantic,2026-08-30T20:38:03.553243+00:00,200,299,
fasthop.com,registered,False,True,39.5,semantic,2026-08-30T20:38:04.845457+00:00,200,217,
aeroshield.com,registered,False,True,39.45,semantic,2026-08-30T20:37:38.224772+00:00,200,221,
airyshield.com,registry-absent,True,False,39.45,semantic,2026-08-30T20:37:41.004104+00:00,404,252,
aurashield.com,registered,False,True,39.45,semantic,2026-08-30T20:37:44.471585+00:00,200,220,
blinkhaven.com,registered,False,True,39.45,curated,2026-08-30T20:14:56.275237+00:00,200,,
blinkrelay.com,registered,False,True,39.45,semantic,2026-08-30T20:37:45.800703+00:00,200,295,
brightlane.com,registered,False,True,39.45,curated,2026-08-30T20:15:17.470437+00:00,200,,
calmshield.com,registered,False,True,39.45,semantic,2026-08-30T20:37:50.375069+00:00,200,244,
cipherlane.com,registered,False,True,39.45,curated,2026-08-30T20:15:39.558761+00:00,200,,
ciphernest.com,registered,False,True,39.45,curated,2026-08-30T20:15:47.003664+00:00,200,,
cipherpath.com,registered,False,True,39.45,curated,2026-08-30T20:15:50.608080+00:00,200,,
cipherwave.com,registered,False,True,39.45,curated,2026-08-30T20:16:02.474468+00:00,200,,
clearhaven.com,registered,False,True,39.45,curated,2026-08-30T20:16:24.719777+00:00,200,,
cloudhaven.com,registered,False,True,39.45,curated,2026-08-30T20:16:55.946238+00:00,200,,
covertlane.com,registered,False,True,39.45,curated,2026-08-30T20:36:46.086982+00:00,200,206,
covertveil.com,registered,False,True,39.45,semantic,2026-08-30T20:37:58.111825+00:00,200,233,
drifthaven.com,registered,False,True,39.45,curated,2026-08-30T20:17:26.130771+00:00,200,,
emberhaven.com,registered,False,True,39.45,curated,2026-08-30T20:17:55.586714+00:00,200,,
fastshield.com,registered,False,True,39.45,semantic,2026-08-30T20:38:05.471767+00:00,200,218,
glidehaven.com,registered,False,True,39.45,curated,2026-08-30T20:36:32.461607+00:00,200,336,
ivoryhaven.com,registered,False,True,39.45,curated,2026-08-30T20:36:35.536093+00:00,200,283,
orbithaven.com,registered,False,True,39.45,curated,2026-08-30T20:36:39.136274+00:00,200,258,
quiethaven.com,registered,False,True,39.45,curated,2026-08-30T20:36:40.250572+00:00,200,247,
swifthaven.com,registered,False,True,39.45,curated,2026-08-30T20:36:41.958145+00:00,200,204,
blinkshield.com,registered,False,True,39.1,curated,2026-08-30T20:14:59.728954+00:00,200,,
brightcloak.com,registry-absent,True,False,39.1,curated,2026-08-30T20:15:14.099196+00:00,404,,
brightrelay.com,registered,False,True,39.1,curated,2026-08-30T20:15:35.683897+00:00,200,,
brightroute.com,registered,False,True,39.1,curated,2026-08-30T20:15:21.239616+00:00,200,,
brightvault.com,registered,False,True,39.1,curated,2026-08-30T20:15:10.646701+00:00,200,,
ciphervault.com,registered,False,True,39.1,curated,2026-08-30T20:15:54.860009+00:00,200,,
cloudshield.com,registered,False,True,39.1,curated,2026-08-30T20:16:52.522585+00:00,200,,
driftshield.com,registered,False,True,39.1,curated,2026-08-30T20:17:29.509257+00:00,200,,
embershield.com,registered,False,True,39.1,curated,2026-08-30T20:18:03.116865+00:00,200,,
glideshield.com,registered,False,True,39.1,curated,2026-08-30T20:36:32.584757+00:00,200,204,
ivoryshield.com,registered,False,True,39.1,curated,2026-08-30T20:36:35.589917+00:00,200,209,
orbitshield.com,registered,False,True,39.1,curated,2026-08-30T20:36:38.834684+00:00,200,206,
quietshield.com,registered,False,True,39.1,curated,2026-08-30T20:36:40.327885+00:00,200,201,
swiftshield.com,registered,False,True,39.1,curated,2026-08-30T20:36:42.410302+00:00,200,282,
aeriba.com,registry-absent,True,False,38.85,invented,2026-08-30T20:36:47.520337+00:00,404,260,
aerica.com,registered,False,True,38.85,invented,2026-08-30T20:36:47.646803+00:00,200,267,
aerida.com,registered,False,True,38.85,invented,2026-08-30T20:36:47.828871+00:00,200,201,
aerido.com,registered,False,True,38.85,invented,2026-08-30T20:36:51.328677+00:00,200,198,
aerifa.com,registry-absent,True,False,38.85,invented,2026-08-30T20:36:48.038746+00:00,404,285,
aerigo.com,registered,False,True,38.85,invented,2026-08-30T20:36:47.708828+00:00,200,203,
aerika.com,registered,False,True,38.85,invented,2026-08-30T20:36:48.115801+00:00,200,237,
aeriko.com,registered,False,True,38.85,invented,2026-08-30T20:36:48.203192+00:00,200,197,
aerila.com,registered,False,True,38.85,invented,2026-08-30T20:36:48.831403+00:00,200,703,
aerili.com,registry-absent,True,False,38.85,invented,2026-08-30T20:36:51.261013+00:00,404,257,
aerilo.com,registered,False,True,38.85,invented,2026-08-30T20:36:48.508500+00:00,200,255,
aerima.com,registered,False,True,38.85,invented,2026-08-30T20:36:48.705951+00:00,200,202,
aerimi.com,registered,False,True,38.85,invented,2026-08-30T20:36:51.128977+00:00,200,248,
aerimo.com,registered,False,True,38.85,invented,2026-08-30T20:36:49.031165+00:00,200,277,
aerina.com,registered,False,True,38.85,invented,2026-08-30T20:36:48.641665+00:00,200,262,
aerini.com,registry-absent,True,False,38.85,invented,2026-08-30T20:36:50.830313+00:00,404,202,
aerino.com,registered,False,True,38.85,invented,2026-08-30T20:36:48.831646+00:00,200,200,
aeripa.com,registry-absent,True,False,38.85,invented,2026-08-30T20:36:49.162271+00:00,404,281,
aeripo.com,registry-absent,True,False,38.85,invented,2026-08-30T20:36:49.454070+00:00,404,201,
aerira.com,registered,False,True,38.85,invented,2026-08-30T20:36:49.622575+00:00,200,244,
aeriri.com,registry-absent,True,False,38.85,invented,2026-08-30T20:36:50.739470+00:00,404,234,
aeriro.com,registry-absent,True,False,38.85,invented,2026-08-30T20:36:49.829628+00:00,404,201,
aerisa.com,registered,False,True,38.85,invented,2026-08-30T20:36:49.755012+00:00,200,249,
aeriso.com,registered,False,True,38.85,invented,2026-08-30T20:36:49.222256+00:00,200,217,
aerita.com,registered,False,True,38.85,invented,2026-08-30T20:36:49.335259+00:00,200,207,
aerito.com,registered,False,True,38.85,invented,2026-08-30T20:36:50.453386+00:00,200,197,
aeriva.com,registered,False,True,38.85,invented,2026-08-30T20:36:49.968197+00:00,200,212,
aerivi.com,registered,False,True,38.85,invented,2026-08-30T20:36:50.954073+00:00,200,198,
aerivo.com,registered,False,True,38.85,invented,2026-08-30T20:36:50.671541+00:00,200,291,
aeriya.com,registered,False,True,38.85,invented,2026-08-30T20:36:50.147112+00:00,200,266,
aeriyo.com,registered,False,True,38.85,invented,2026-08-30T20:36:50.327691+00:00,200,199,
aeriza.com,registered,False,True,38.85,invented,2026-08-30T20:36:50.272852+00:00,200,269,
airoba.com,registered,False,True,38.85,invented,2026-08-30T20:36:51.848441+00:00,200,220,
airoca.com,registered,False,True,38.85,invented,2026-08-30T20:36:52.243124+00:00,200,238,
airoda.com,registered,False,True,38.85,invented,2026-08-30T20:36:52.452577+00:00,200,199,
airodo.com,registered,False,True,38.85,invented,2026-08-30T20:36:55.390178+00:00,200,259,
airofa.com,registered,False,True,38.85,invented,2026-08-30T20:36:52.369965+00:00,200,242,
airogo.com,registered,False,True,38.85,invented,2026-08-30T20:36:52.894858+00:00,200,266,
airoka.com,registered,False,True,38.85,invented,2026-08-30T20:36:52.766356+00:00,200,263,
airoko.com,registered,False,True,38.85,invented,2026-08-30T20:36:52.581728+00:00,200,202,
airola.com,registered,False,True,38.85,invented,2026-08-30T20:36:52.952097+00:00,200,199,
airoli.com,registered,False,True,38.85,invented,2026-08-30T20:36:55.511765+00:00,200,259,
airolo.com,registered,False,True,38.85,invented,2026-08-30T20:36:53.288543+00:00,200,284,
airoma.com,registered,False,True,38.85,invented,2026-08-30T20:36:53.086565+00:00,200,205,
airomi.com,registered,False,True,38.85,invented,2026-08-30T20:36:55.578064+00:00,200,199,
airomo.com,registered,False,True,38.85,invented,2026-08-30T20:36:53.356255+00:00,200,228,
airona.com,registered,False,True,38.85,invented,2026-08-30T20:36:53.578147+00:00,200,198,
aironi.com,registered,False,True,38.85,invented,2026-08-30T20:36:55.704997+00:00,200,199,
airono.com,registered,False,True,38.85,invented,2026-08-30T20:36:53.452388+00:00,200,198,
airopa.com,registered,False,True,38.85,invented,2026-08-30T20:36:53.817385+00:00,200,311,
airopo.com,registered,False,True,38.85,invented,2026-08-30T20:36:53.948139+00:00,200,319,
airora.com,registered,False,True,38.85,invented,2026-08-30T20:36:54.273502+00:00,200,270,
airori.com,registered,False,True,38.85,invented,2026-08-30T20:36:56.039652+00:00,200,288,
airoro.com,registered,False,True,38.85,invented,2026-08-30T20:36:53.955767+00:00,200,204,
airosa.com,registered,False,True,38.85,invented,2026-08-30T20:36:54.405663+00:00,200,275,
airoso.com,registered,False,True,38.85,invented,2026-08-30T20:36:54.085491+00:00,200,206,
airota.com,registered,False,True,38.85,invented,2026-08-30T20:36:54.469040+00:00,200,217,
airoto.com,registered,False,True,38.85,invented,2026-08-30T20:36:54.585638+00:00,200,207,
airova.com,registered,False,True,38.85,invented,2026-08-30T20:36:54.799180+00:00,200,293,
airovi.com,registered,False,True,38.85,invented,2026-08-30T20:36:55.912684+00:00,200,284,
airovo.com,registered,False,True,38.85,invented,2026-08-30T20:36:55.080355+00:00,200,199,
airoya.com,registered,False,True,38.85,invented,2026-08-30T20:36:54.864741+00:00,200,235,
airoyo.com,registered,False,True,38.85,invented,2026-08-30T20:36:54.991855+00:00,200,238,
airoza.com,registered,False,True,38.85,invented,2026-08-30T20:36:55.205959+00:00,200,201,
altiba.com,registered,False,True,38.85,invented,2026-08-30T20:36:56.581706+00:00,200,200,
altica.com,registered,False,True,38.85,invented,2026-08-30T20:36:57.029550+00:00,200,276,
altida.com,registered,False,True,38.85,invented,2026-08-30T20:36:57.204611+00:00,200,201,
altido.com,registered,False,True,38.85,invented,2026-08-30T20:37:00.167691+00:00,200,289,
altifa.com,registered,False,True,38.85,invented,2026-08-30T20:36:57.085554+00:00,200,204,
altigo.com,registered,False,True,38.85,invented,2026-08-30T20:36:56.895982+00:00,200,265,
altika.com,registered,False,True,38.85,invented,2026-08-30T20:36:57.484788+00:00,200,230,
altiko.com,registered,False,True,38.85,invented,2026-08-30T20:36:57.329451+00:00,200,201,
altila.com,registered,False,True,38.85,invented,2026-08-30T20:36:57.826203+00:00,200,197,
altili.com,registered,False,True,38.85,invented,2026-08-30T20:37:00.040719+00:00,200,286,
altilo.com,registered,False,True,38.85,invented,2026-08-30T20:36:57.699965+00:00,200,198,
altima.com,registered,False,True,38.85,invented,2026-08-30T20:36:57.673986+00:00,200,296,
altimi.com,registered,False,True,38.85,invented,2026-08-30T20:37:00.632059+00:00,200,252,
altimo.com,registered,False,True,38.85,invented,2026-08-30T20:36:58.011790+00:00,200,258,
altina.com,registered,False,True,38.85,invented,2026-08-30T20:36:58.134962+00:00,200,255,
altini.com,registered,False,True,38.85,invented,2026-08-30T20:37:00.233290+00:00,200,229,
altino.com,registered,False,True,38.85,invented,2026-08-30T20:36:58.204507+00:00,200,199,
altipa.com,registered,False,True,38.85,invented,2026-08-30T20:36:58.328331+00:00,200,202,
altipo.com,registered,False,True,38.85,invented,2026-08-30T20:36:58.533971+00:00,200,279,
altira.com,registered,False,True,38.85,invented,2026-08-30T20:36:58.708351+00:00,200,202,
altiri.com,registered,False,True,38.85,invented,2026-08-30T20:37:00.453030+00:00,200,200,
altiro.com,registered,False,True,38.85,invented,2026-08-30T20:36:58.659795+00:00,200,281,
altisa.com,registered,False,True,38.85,invented,2026-08-30T20:36:58.828787+00:00,200,200,
altiso.com,registered,False,True,38.85,invented,2026-08-30T20:36:58.993128+00:00,200,238,
altita.com,registered,False,True,38.85,invented,2026-08-30T20:36:59.130365+00:00,200,250,
altito.com,registered,False,True,38.85,invented,2026-08-30T20:36:59.205848+00:00,200,199,
altiva.com,registered,False,True,38.85,invented,2026-08-30T20:36:59.518062+00:00,200,262,
altivi.com,registered,False,True,38.85,invented,2026-08-30T20:37:00.324129+00:00,200,197,
altivo.com,registered,False,True,38.85,invented,2026-08-30T20:36:59.330467+00:00,200,200,
altiya.com,registered,False,True,38.85,invented,2026-08-30T20:36:59.833261+00:00,200,202,
altiyo.com,registry-absent,True,False,38.85,invented,2026-08-30T20:37:00.218353+00:00,404,712,
altiza.com,registered,False,True,38.85,invented,2026-08-30T20:36:59.650933+00:00,200,271,
anviba.com,registered,False,True,38.85,invented,2026-08-30T20:37:01.156387+00:00,200,275,
anvica.com,registered,False,True,38.85,invented,2026-08-30T20:37:01.453530+00:00,200,202,
anvida.com,registered,False,True,38.85,invented,2026-08-30T20:37:01.747656+00:00,200,242,
anvido.com,registered,False,True,38.85,invented,2026-08-30T20:37:04.893108+00:00,200,263,
anvifa.com,registry-absent,True,False,38.85,invented,2026-08-30T20:37:01.613447+00:00,404,233,
anvigo.com,registered,False,True,38.85,invented,2026-08-30T20:37:01.827899+00:00,200,199,
anvika.com,registered,False,True,38.85,invented,2026-08-30T20:37:01.951908+00:00,200,199,
anviko.com,registered,False,True,38.85,invented,2026-08-30T20:37:02.138542+00:00,200,259,
anvila.com,registered,False,True,38.85,invented,2026-08-30T20:37:02.663223+00:00,200,283,
anvili.com,registered,False,True,38.85,invented,2026-08-30T20:37:04.458045+00:00,200,205,
anvilo.com,registered,False,True,38.85,invented,2026-08-30T20:37:02.452513+00:00,200,200,
anvima.com,registered,False,True,38.85,invented,2026-08-30T20:37:02.332207+00:00,200,206,
anvimi.com,registered,False,True,38.85,invented,2026-08-30T20:37:04.580171+00:00,200,200,
anvimo.com,registered,False,True,38.85,invented,2026-08-30T20:37:02.272420+00:00,200,266,
anvina.com,registered,False,True,38.85,invented,2026-08-30T20:37:02.855951+00:00,200,225,
anvini.com,registered,False,True,38.85,invented,2026-08-30T20:37:04.960596+00:00,200,205,
anvino.com,registered,False,True,38.85,invented,2026-08-30T20:37:02.729398+00:00,200,228,
anvipa.com,registered,False,True,38.85,invented,2026-08-30T20:37:03.015461+00:00,200,262,
anvipo.com,registry-absent,True,False,38.85,invented,2026-08-30T20:37:03.078755+00:00,404,200,
anvira.com,registered,False,True,38.85,invented,2026-08-30T20:37:03.963431+00:00,200,832,
anviri.com,registered,False,True,38.85,invented,2026-08-30T20:37:05.075346+00:00,200,197,
anviro.com,registered,False,True,38.85,invented,2026-08-30T20:37:03.253615+00:00,200,250,
anvisa.com,registered,False,True,38.85,invented,2026-08-30T20:37:03.581427+00:00,200,202,
anviso.com,registered,False,True,38.85,invented,2026-08-30T20:37:03.450064+00:00,200,197,
anvita.com,registered,False,True,38.85,invented,2026-08-30T20:37:03.903007+00:00,200,272,
anvito.com,registered,False,True,38.85,invented,2026-08-30T20:37:03.958095+00:00,200,205,
anviva.com,registered,False,True,38.85,invented,2026-08-30T20:37:03.785150+00:00,200,279,
anvivi.com,registered,False,True,38.85,invented,2026-08-30T20:37:05.578901+00:00,200,201,
anvivo.com,registered,False,True,38.85,invented,2026-08-30T20:37:04.078651+00:00,200,201,
anviya.com,registered,False,True,38.85,invented,2026-08-30T20:37:04.374036+00:00,200,246,
anviyo.com,registry-absent,True,False,38.85,invented,2026-08-30T20:37:04.240106+00:00,404,237,
anviza.com,registered,False,True,38.85,invented,2026-08-30T20:37:05.413031+00:00,200,910,
arcaba.com,registered,False,True,38.85,invented,2026-08-30T20:37:06.002314+00:00,200,249,
arcaca.com,registered,False,True,38.85,invented,2026-08-30T20:37:06.079858+00:00,200,201,
arcada.com,registered,False,True,38.85,invented,2026-08-30T20:37:06.527964+00:00,200,275,
arcado.com,registered,False,True,38.85,invented,2026-08-30T20:37:09.209075+00:00,200,331,
arcafa.com,registered,False,True,38.85,invented,2026-08-30T20:37:06.205103+00:00,200,200,
arcago.com,registered,False,True,38.85,invented,2026-08-30T20:37:06.399058+00:00,200,273,
arcaka.com,registry-absent,True,False,38.85,invented,2026-08-30T20:37:06.579844+00:00,404,200,
arcako.com,registry-absent,True,False,38.85,invented,2026-08-30T20:37:06.990959+00:00,404,238,
arcala.com,registered,False,True,38.85,invented,2026-08-30T20:37:06.707292+00:00,200,204,
arcali.com,registered,False,True,38.85,invented,2026-08-30T20:37:09.611381+00:00,200,231,
arcalo.com,registered,False,True,38.85,invented,2026-08-30T20:37:07.085054+00:00,200,204,
arcama.com,registered,False,True,38.85,invented,2026-08-30T20:37:06.916412+00:00,200,288,
arcami.com,registered,False,True,38.85,invented,2026-08-30T20:37:09.545602+00:00,200,290,
arcamo.com,registered,False,True,38.85,invented,2026-08-30T20:37:07.208942+00:00,200,202,
arcana.com,registered,False,True,38.85,invented,2026-08-30T20:37:07.382465+00:00,200,256,
arcani.com,registered,False,True,38.85,invented,2026-08-30T20:37:09.208860+00:00,200,205,
arcano.com,registered,False,True,38.85,invented,2026-08-30T20:37:07.584450+00:00,200,204,
arcapa.com,registered,False,True,38.85,invented,2026-08-30T20:37:07.709851+00:00,200,204,
arcapo.com,registered,False,True,38.85,invented,2026-08-30T20:37:07.906653+00:00,200,278,
arcara.com,registered,False,True,38.85,invented,2026-08-30T20:37:07.517841+00:00,200,265,
arcari.com,registered,False,True,38.85,invented,2026-08-30T20:37:09.706419+00:00,200,201,
arcaro.com,registered,False,True,38.85,invented,2026-08-30T20:37:08.037965+00:00,200,284,
arcasa.com,registered,False,True,38.85,invented,2026-08-30T20:37:08.101515+00:00,200,223,
arcaso.com,registered,False,True,38.85,invented,2026-08-30T20:37:08.494763+00:00,200,240,
arcata.com,registered,False,True,38.85,invented,2026-08-30T20:37:08.226438+00:00,200,221,
arcato.com,registered,False,True,38.85,invented,2026-08-30T20:37:08.327073+00:00,200,200,
arcava.com,registered,False,True,38.85,invented,2026-08-30T20:37:08.622004+00:00,200,241,
arcavi.com,registered,False,True,38.85,invented,2026-08-30T20:37:09.830509+00:00,200,202,
arcavo.com,registered,False,True,38.85,invented,2026-08-30T20:37:08.715040+00:00,200,209,
arcaya.com,registered,False,True,38.85,invented,2026-08-30T20:37:08.831374+00:00,200,203,
arcayo.com,registered,False,True,38.85,invented,2026-08-30T20:37:09.020986+00:00,200,268,
arcaza.com,registered,False,True,38.85,invented,2026-08-30T20:37:09.333128+00:00,200,203,
arioba.com,registered,False,True,38.85,invented,2026-08-30T20:37:10.725157+00:00,200,222,
arioca.com,registered,False,True,38.85,invented,2026-08-30T20:37:10.954566+00:00,200,201,
arioda.com,registered,False,True,38.85,invented,2026-08-30T20:37:10.661028+00:00,200,281,
ariodo.com,registry-absent,True,False,38.85,invented,2026-08-30T20:37:13.747301+00:00,404,244,
ariofa.com,registry-absent,True,False,38.85,invented,2026-08-30T20:37:11.119794+00:00,404,241,
ariogo.com,registered,False,True,38.85,invented,2026-08-30T20:37:10.832670+00:00,200,204,
arioka.com,registered,False,True,38.85,invented,2026-08-30T20:37:11.246080+00:00,200,243,
arioko.com,registered,False,True,38.85,invented,2026-08-30T20:37:11.328059+00:00,200,202,
ariola.com,registered,False,True,38.85,invented,2026-08-30T20:37:11.767780+00:00,200,262,
arioli.com,registered,False,True,38.85,invented,2026-08-30T20:37:13.867733+00:00,200,239,
ariolo.com,registered,False,True,38.85,invented,2026-08-30T20:37:11.451297+00:00,200,199,
arioma.com,registered,False,True,38.85,invented,2026-08-30T20:37:11.834445+00:00,200,206,
ariomi.com,registered,False,True,38.85,invented,2026-08-30T20:37:14.081764+00:00,200,203,
ariomo.com,registry-absent,True,False,38.85,invented,2026-08-30T20:37:11.641878+00:00,404,261,
ariona.com,registered,False,True,38.85,invented,2026-08-30T20:37:12.167488+00:00,200,287,
arioni.com,registered,False,True,38.85,invented,2026-08-30T20:37:14.262796+00:00,200,257,
ariono.com,registered,False,True,38.85,invented,2026-08-30T20:37:11.959085+00:00,200,205,
ariopa.com,registered,False,True,38.85,invented,2026-08-30T20:37:12.455240+00:00,200,203,
ariopo.com,registry-absent,True,False,38.85,invented,2026-08-30T20:37:12.291598+00:00,404,285,
ariora.com,registered,False,True,38.85,invented,2026-08-30T20:37:12.332132+00:00,200,204,
ariori.com,registered,False,True,38.85,invented,2026-08-30T20:37:14.456011+00:00,200,202,
arioro.com,registry-absent,True,False,38.85,invented,2026-08-30T20:37:12.624321+00:00,404,245,
ariosa.com,registered,False,True,38.85,invented,2026-08-30T20:37:12.828913+00:00,200,200,
arioso.com,registered,False,True,38.85,invented,2026-08-30T20:37:12.762973+00:00,200,257,
ariota.com,registered,False,True,38.85,invented,2026-08-30T20:37:12.960407+00:00,200,206,
arioto.com,registered,False,True,38.85,invented,2026-08-30T20:37:13.339521+00:00,200,209,
ariova.com,registered,False,True,38.85,invented,2026-08-30T20:37:13.148266+00:00,200,270,
ariovi.com,registered,False,True,38.85,invented,2026-08-30T20:37:14.787626+00:00,200,282,
ariovo.com,registered,False,True,38.85,invented,2026-08-30T20:37:13.283514+00:00,200,278,
arioya.com,registry-absent,True,False,38.85,invented,2026-08-30T20:37:14.092462+00:00,404,714,
arioyo.com,registry-absent,True,False,38.85,invented,2026-08-30T20:37:13.956771+00:00,404,202,
arioza.com,registered,False,True,38.85,invented,2026-08-30T20:37:13.457357+00:00,200,204,
arviba.com,registered,False,True,38.85,invented,2026-08-30T20:37:15.458780+00:00,200,203,
arvica.com,registered,False,True,38.85,invented,2026-08-30T20:37:16.135355+00:00,200,756,
arvida.com,registered,False,True,38.85,invented,2026-08-30T20:37:15.082740+00:00,200,204,
arvido.com,registered,False,True,38.85,invented,2026-08-30T20:37:18.011019+00:00,200,257,
arvifa.com,registry-absent,True,False,38.85,invented,2026-08-30T20:37:15.244650+00:00,404,239,
arvigo.com,registered,False,True,38.85,invented,2026-08-30T20:37:16.099080+00:00,200,220,
arvika.com,registered,False,True,38.85,invented,2026-08-30T20:37:16.435907+00:00,200,307,
arviko.com,registered,False,True,38.85,invented,2026-08-30T20:37:16.592777+00:00,200,964,
arvila.com,registered,False,True,38.85,invented,2026-08-30T20:37:16.292560+00:00,200,288,
arvili.com,registered,False,True,38.85,invented,2026-08-30T20:37:18.606288+00:00,200,227,
arvilo.com,registered,False,True,38.85,invented,2026-08-30T20:37:15.981032+00:00,200,227,
arvima.com,registered,False,True,38.85,invented,2026-08-30T20:37:15.770024+00:00,200,268,
arvimi.com,registry-absent,True,False,38.85,invented,2026-08-30T20:37:19.126170+00:00,404,246,
arvimo.com,registered,False,True,38.85,invented,2026-08-30T20:37:16.508738+00:00,200,253,
arvina.com,registered,False,True,38.85,invented,2026-08-30T20:37:16.890174+00:00,200,259,
arvini.com,registered,False,True,38.85,invented,2026-08-30T20:37:19.348891+00:00,200,220,
arvino.com,registered,False,True,38.85,invented,2026-08-30T20:37:16.721978+00:00,200,219,
arvipa.com,registered,False,True,38.85,invented,2026-08-30T20:37:17.098480+00:00,200,220,
arvipo.com,registered,False,True,38.85,invented,2026-08-30T20:37:16.596167+00:00,200,218,
arvira.com,registered,False,True,38.85,invented,2026-08-30T20:37:17.027009+00:00,200,272,
arviri.com,registry-absent,True,False,38.85,invented,2026-08-30T20:37:18.916910+00:00,404,286,
arviro.com,registered,False,True,38.85,invented,2026-08-30T20:37:17.223987+00:00,200,222,
arvisa.com,registered,False,True,38.85,invented,2026-08-30T20:37:18.252178+00:00,200,749,
arviso.com,registered,False,True,38.85,invented,2026-08-30T20:37:17.934650+00:00,200,305,
arvita.com,registered,False,True,38.85,invented,2026-08-30T20:37:17.415008+00:00,200,284,
arvito.com,registered,False,True,38.85,invented,2026-08-30T20:37:17.598104+00:00,200,217,
arviva.com,registered,False,True,38.85,invented,2026-08-30T20:37:17.552052+00:00,200,297,
arvivi.com,registered,False,True,38.85,invented,2026-08-30T20:37:19.229101+00:00,200,223,
arvivo.com,registered,False,True,38.85,invented,2026-08-30T20:37:18.391546+00:00,200,265,
arviya.com,registered,False,True,38.85,invented,2026-08-30T20:37:18.098242+00:00,200,220,
arviyo.com,registered,False,True,38.85,invented,2026-08-30T20:37:18.535150+00:00,200,282,
arviza.com,registered,False,True,38.85,invented,2026-08-30T20:37:18.222237+00:00,200,219,
auriba.com,registered,False,True,38.85,invented,2026-08-30T20:37:19.860567+00:00,200,229,
aurica.com,registered,False,True,38.85,invented,2026-08-30T20:37:20.035840+00:00,200,280,
aurida.com,registered,False,True,38.85,invented,2026-08-30T20:37:19.662264+00:00,200,283,
aurido.com,registered,False,True,38.85,invented,2026-08-30T20:37:23.182686+00:00,200,304,
aurifa.com,registered,False,True,38.85,invented,2026-08-30T20:37:20.223054+00:00,200,219,
aurigo.com,registered,False,True,38.85,invented,2026-08-30T20:37:21.151182+00:00,200,897,
aurika.com,registered,False,True,38.85,invented,2026-08-30T20:37:20.631479+00:00,200,253,
auriko.com,registered,False,True,38.85,invented,2026-08-30T20:37:20.349324+00:00,200,219,
aurila.com,registered,False,True,38.85,invented,2026-08-30T20:37:20.719055+00:00,200,216,
aurili.com,registered,False,True,38.85,invented,2026-08-30T20:37:23.636168+00:00,200,257,
aurilo.com,registered,False,True,38.85,invented,2026-08-30T20:37:20.850252+00:00,200,222,
aurima.com,registered,False,True,38.85,invented,2026-08-30T20:37:21.343510+00:00,200,217,
aurimi.com,registered,False,True,38.85,invented,2026-08-30T20:37:23.259568+00:00,200,253,
aurimo.com,registered,False,True,38.85,invented,2026-08-30T20:37:21.609605+00:00,200,356,
aurina.com,registered,False,True,38.85,invented,2026-08-30T20:37:21.221638+00:00,200,216,
aurini.com,registered,False,True,38.85,invented,2026-08-30T20:37:23.476080+00:00,200,222,
aurino.com,registered,False,True,38.85,invented,2026-08-30T20:37:21.156294+00:00,200,278,
auripa.com,registered,False,True,38.85,invented,2026-08-30T20:37:21.011586+00:00,200,258,
auripo.com,registry-absent,True,False,38.85,invented,2026-08-30T20:37:21.680833+00:00,404,301,
aurira.com,registered,False,True,38.85,invented,2026-08-30T20:37:22.277824+00:00,200,275,
auriri.com,registered,False,True,38.85,invented,2026-08-30T20:37:23.349012+00:00,200,219,
auriro.com,registered,False,True,38.85,invented,2026-08-30T20:37:22.133783+00:00,200,254,
aurisa.com,registered,False,True,38.85,invented,2026-08-30T20:37:22.061027+00:00,200,306,
auriso.com,registered,False,True,38.85,invented,2026-08-30T20:37:22.373151+00:00,200,745,
aurita.com,registered,False,True,38.85,invented,2026-08-30T20:37:21.745959+00:00,200,242,
aurito.com,registered,False,True,38.85,invented,2026-08-30T20:37:22.357075+00:00,200,224,
auriva.com,registered,False,True,38.85,invented,2026-08-30T20:37:22.470896+00:00,200,219,
aurivi.com,registered,False,True,38.85,invented,2026-08-30T20:37:23.853904+00:00,200,223,
aurivo.com,registered,False,True,38.85,invented,2026-08-30T20:37:22.806731+00:00,200,301,
auriya.com,registered,False,True,38.85,invented,2026-08-30T20:37:22.655076+00:00,200,274,
auriyo.com,registry-absent,True,False,38.85,invented,2026-08-30T20:37:22.849320+00:00,404,221,
auriza.com,registered,False,True,38.85,invented,2026-08-30T20:37:22.992975+00:00,200,231,
avioba.com,registry-absent,True,False,38.85,invented,2026-08-30T20:37:24.683040+00:00,404,303,
avioca.com,registered,False,True,38.85,invented,2026-08-30T20:37:24.479527+00:00,200,227,
avioda.com,registered,False,True,38.85,invented,2026-08-30T20:37:24.961702+00:00,200,334,
aviodo.com,registered,False,True,38.85,invented,2026-08-30T20:37:28.423870+00:00,200,295,
aviofa.com,registry-absent,True,False,38.85,invented,2026-08-30T20:37:25.045365+00:00,404,291,
aviogo.com,registered,False,True,38.85,invented,2026-08-30T20:37:25.109405+00:00,200,228,
avioka.com,registered,False,True,38.85,invented,2026-08-30T20:37:24.754897+00:00,200,251,
avioko.com,registry-absent,True,False,38.85,invented,2026-08-30T20:37:25.276799+00:00,404,272,
aviola.com,registered,False,True,38.85,invented,2026-08-30T20:37:25.418854+00:00,200,289,
avioli.com,registered,False,True,38.85,invented,2026-08-30T20:37:27.725821+00:00,200,220,
aviolo.com,registered,False,True,38.85,invented,2026-08-30T20:37:25.471179+00:00,200,219,
avioma.com,registered,False,True,38.85,invented,2026-08-30T20:37:25.601127+00:00,200,223,
aviomi.com,registered,False,True,38.85,invented,2026-08-30T20:37:27.900823+00:00,200,270,
aviomo.com,registered,False,True,38.85,invented,2026-08-30T20:37:26.107419+00:00,200,229,
aviona.com,registered,False,True,38.85,invented,2026-08-30T20:37:25.979301+00:00,200,224,
avioni.com,registered,False,True,38.85,invented,2026-08-30T20:37:28.222611+00:00,200,219,
aviono.com,registered,False,True,38.85,invented,2026-08-30T20:37:25.807176+00:00,200,302,
aviopa.com,registry-absent,True,False,38.85,invented,2026-08-30T20:37:25.879265+00:00,404,248,
aviopo.com,registry-absent,True,False,38.85,invented,2026-08-30T20:37:26.401953+00:00,404,274,
aviora.com,registered,False,True,38.85,invented,2026-08-30T20:37:26.779580+00:00,200,275,
aviori.com,registered,False,True,38.85,invented,2026-08-30T20:37:28.107733+00:00,200,352,
avioro.com,registered,False,True,38.85,invented,2026-08-30T20:37:26.255477+00:00,200,250,
aviosa.com,registered,False,True,38.85,invented,2026-08-30T20:37:26.468495+00:00,200,216,
avioso.com,registered,False,True,38.85,invented,2026-08-30T20:37:26.925965+00:00,200,297,
aviota.com,registered,False,True,38.85,invented,2026-08-30T20:37:26.597740+00:00,200,217,
avioto.com,registered,False,True,38.85,invented,2026-08-30T20:37:26.990279+00:00,200,237,
aviova.com,registered,False,True,38.85,invented,2026-08-30T20:37:27.379096+00:00,200,253,
aviovi.com,registered,False,True,38.85,invented,2026-08-30T20:37:28.099138+00:00,200,219,
aviovo.com,registered,False,True,38.85,invented,2026-08-30T20:37:27.097668+00:00,200,219,
avioya.com,registry-absent,True,False,38.85,invented,2026-08-30T20:37:27.515839+00:00,404,261,
avioyo.com,registry-absent,True,False,38.85,invented,2026-08-30T20:37:27.305389+00:00,404,299,
avioza.com,registered,False,True,38.85,invented,2026-08-30T20:37:27.595242+00:00,200,216,
avraba.com,registered,False,True,38.85,invented,2026-08-30T20:37:28.878430+00:00,200,375,
avraca.com,registry-absent,True,False,38.85,invented,2026-08-30T20:37:29.548432+00:00,404,292,
avrada.com,registered,False,True,38.85,invented,2026-08-30T20:37:29.291104+00:00,200,288,
avrado.com,registered,False,True,38.85,invented,2026-08-30T20:37:32.547296+00:00,200,292,
avrafa.com,registered,False,True,38.85,invented,2026-08-30T20:37:29.402053+00:00,200,274,
avrago.com,registered,False,True,38.85,invented,2026-08-30T20:37:30.161542+00:00,200,783,
avraka.com,registered,False,True,38.85,invented,2026-08-30T20:37:29.725268+00:00,200,219,
avrako.com,registry-absent,True,False,38.85,invented,2026-08-30T20:37:29.925259+00:00,404,297,
avrala.com,registered,False,True,38.85,invented,2026-08-30T20:37:30.228495+00:00,200,223,
avrali.com,registered,False,True,38.85,invented,2026-08-30T20:37:32.912623+00:00,200,286,
avralo.com,registered,False,True,38.85,invented,2026-08-30T20:37:30.067574+00:00,200,314,
avrama.com,registered,False,True,38.85,invented,2026-08-30T20:37:30.133912+00:00,200,256,
avrami.com,registered,False,True,38.85,invented,2026-08-30T20:37:32.618166+00:00,200,238,
avramo.com,registered,False,True,38.85,invented,2026-08-30T20:37:30.347136+00:00,200,219,
avrana.com,registered,False,True,38.85,invented,2026-08-30T20:37:30.659363+00:00,200,280,
avrani.com,registered,False,True,38.85,invented,2026-08-30T20:37:32.344040+00:00,200,216,
avrano.com,registered,False,True,38.85,invented,2026-08-30T20:37:30.521387+00:00,200,266,
avrapa.com,registry-absent,True,False,38.85,invented,2026-08-30T20:37:31.274938+00:00,404,770,
avrapo.com,registry-absent,True,False,38.85,invented,2026-08-30T20:37:31.188321+00:00,404,307,
avrara.com,registered,False,True,38.85,invented,2026-08-30T20:37:31.046590+00:00,200,292,
avrari.com,registry-absent,True,False,38.85,invented,2026-08-30T20:37:32.761120+00:00,404,256,
avraro.com,registry-absent,True,False,38.85,invented,2026-08-30T20:37:31.349503+00:00,404,218,
avrasa.com,registered,False,True,38.85,invented,2026-08-30T20:37:31.223653+00:00,200,218,
avraso.com,registry-absent,True,False,38.85,invented,2026-08-30T20:37:30.846949+00:00,404,220,
avrata.com,registry-absent,True,False,38.85,invented,2026-08-30T20:37:31.498395+00:00,404,247,
avrato.com,registered,False,True,38.85,invented,2026-08-30T20:37:31.724090+00:00,200,218,
avrava.com,registered,False,True,38.85,invented,2026-08-30T20:37:31.850815+00:00,200,220,
avravi.com,registry-absent,True,False,38.85,invented,2026-08-30T20:37:32.971569+00:00,404,217,
avravo.com,registry-absent,True,False,38.85,invented,2026-08-30T20:37:31.711466+00:00,404,334,
avraya.com,registered,False,True,38.85,invented,2026-08-30T20:37:32.022960+00:00,200,269,
avrayo.com,registered,False,True,38.85,invented,2026-08-30T20:37:32.166811+00:00,200,288,
avraza.com,registry-absent,True,False,38.85,invented,2026-08-30T20:37:32.232217+00:00,404,226,
brioba.com,registry-absent,True,False,38.85,invented,2026-08-30T20:37:33.972507+00:00,404,217,
brioca.com,registered,False,True,38.85,invented,2026-08-30T20:37:34.263075+00:00,200,260,
brioda.com,registered,False,True,38.85,invented,2026-08-30T20:37:33.805762+00:00,200,300,
briofa.com,registry-absent,True,False,38.85,invented,2026-08-30T20:37:34.346439+00:00,404,217,
briogo.com,registered,False,True,38.85,invented,2026-08-30T20:37:34.119428+00:00,200,240,
brioka.com,registered,False,True,38.85,invented,2026-08-30T20:37:33.847371+00:00,200,219,
brioko.com,registered,False,True,38.85,invented,2026-08-30T20:37:34.857738+00:00,200,229,
briola.com,registered,False,True,38.85,invented,2026-08-30T20:37:34.716280+00:00,200,338,
briolo.com,registered,False,True,38.85,invented,2026-08-30T20:37:34.967634+00:00,200,216,
brioma.com,registered,False,True,38.85,invented,2026-08-30T20:37:34.471001+00:00,200,218,
briomo.com,registered,False,True,38.85,invented,2026-08-30T20:37:35.169570+00:00,200,290,
briona.com,registered,False,True,38.85,invented,2026-08-30T20:37:34.786068+00:00,200,281,
briono.com,registered,False,True,38.85,invented,2026-08-30T20:37:35.595362+00:00,200,215,
briopa.com,registry-absent,True,False,38.85,invented,2026-08-30T20:37:35.898212+00:00,404,267,
briopo.com,registry-absent,True,False,38.85,invented,2026-08-30T20:37:35.308152+00:00,404,305,
briora.com,registered,False,True,38.85,invented,2026-08-30T20:37:35.469003+00:00,200,216,
brioro.com,registered,False,True,38.85,invented,2026-08-30T20:37:35.763189+00:00,200,260,
briosa.com,registered,False,True,38.85,invented,2026-08-30T20:37:35.377624+00:00,200,246,
brioso.com,registered,False,True,38.85,invented,2026-08-30T20:37:36.470103+00:00,200,215,
briota.com,registered,False,True,38.85,invented,2026-08-30T20:37:36.426282+00:00,200,298,
brioto.com,registered,False,True,38.85,invented,2026-08-30T20:37:35.969042+00:00,200,217,
briova.com,registered,False,True,38.85,invented,2026-08-30T20:37:36.599065+00:00,200,221,
briovo.com,registered,False,True,38.85,invented,2026-08-30T20:37:36.287250+00:00,200,284,
brioya.com,registered,False,True,38.85,invented,2026-08-30T20:37:36.100471+00:00,200,220,
brioyo.com,registered,False,True,38.85,invented,2026-08-30T20:37:37.097923+00:00,200,220,
brioza.com,registered,False,True,38.85,invented,2026-08-30T20:37:36.973505+00:00,200,218,
arlovpn.com,registry-absent,True,False,38.5,explicit-vpn,2026-08-30T20:38:06.763212+00:00,404,883,
cyrovpn.com,registry-absent,True,False,38.5,explicit-vpn,2026-08-30T20:38:08.269961+00:00,404,264,
firavpn.com,registry-absent,True,False,38.5,explicit-vpn,2026-08-30T20:38:10.166035+00:00,404,286,
jovivpn.com,registry-absent,True,False,38.5,explicit-vpn,2026-08-30T20:38:10.891280+00:00,404,263,
kivovpn.com,registered,False,True,38.5,explicit-vpn,2026-08-30T20:38:11.555722+00:00,200,302,
qivovpn.com,registry-absent,True,False,38.5,explicit-vpn,2026-08-30T20:38:14.288958+00:00,404,285,
rivovpn.com,registered,False,True,38.5,explicit-vpn,2026-08-30T20:38:15.157179+00:00,200,279,
sivovpn.com,registry-absent,True,False,38.5,explicit-vpn,2026-08-30T20:38:15.348530+00:00,404,217,
vyrovpn.com,registry-absent,True,False,38.5,explicit-vpn,2026-08-30T20:38:17.882207+00:00,404,751,
aerodash.com,registered,False,True,38.15,semantic,2026-08-30T20:37:36.882454+00:00,200,253,
aerogate.com,registered,False,True,38.15,semantic,2026-08-30T20:37:36.807118+00:00,200,306,
aerolink.com,registered,False,True,38.15,semantic,2026-08-30T20:37:37.789773+00:00,200,287,
aeromesh.com,registered,False,True,38.15,semantic,2026-08-30T20:37:37.997958+00:00,200,245,
aeronest.com,registered,False,True,38.15,semantic,2026-08-30T20:37:37.596510+00:00,200,216,
aeropath.com,registered,False,True,38.15,semantic,2026-08-30T20:37:37.937705+00:00,200,309,
aerowave.com,registered,False,True,38.15,semantic,2026-08-30T20:37:38.596852+00:00,200,219,
aerowing.com,registered,False,True,38.15,semantic,2026-08-30T20:37:38.909683+00:00,200,280,
aerowire.com,registered,False,True,38.15,semantic,2026-08-30T20:37:39.221730+00:00,200,218,
airydash.com,registry-absent,True,False,38.15,semantic,2026-08-30T20:37:39.593822+00:00,404,215,
airygate.com,registry-absent,True,False,38.15,semantic,2026-08-30T20:37:39.508721+00:00,404,253,
airylane.com,registry-absent,True,False,38.15,semantic,2026-08-30T20:37:39.886267+00:00,404,257,
airylink.com,registry-absent,True,False,38.15,semantic,2026-08-30T20:37:40.747137+00:00,404,744,
airymesh.com,registry-absent,True,False,38.15,semantic,2026-08-30T20:37:40.029270+00:00,404,273,
airynest.com,registered,False,True,38.15,semantic,2026-08-30T20:37:39.723395+00:00,200,219,
airypath.com,registry-absent,True,False,38.15,semantic,2026-08-30T20:37:40.410518+00:00,404,283,
airywave.com,registered,False,True,38.15,semantic,2026-08-30T20:37:41.886695+00:00,200,760,
airywing.com,registered,False,True,38.15,semantic,2026-08-30T20:37:41.668314+00:00,200,289,
airywire.com,registry-absent,True,False,38.15,semantic,2026-08-30T20:37:41.528712+00:00,404,275,
archaven.com,registered,False,True,38.15,semantic,2026-08-30T20:37:42.654008+00:00,200,276,
auradash.com,registered,False,True,38.15,semantic,2026-08-30T20:37:43.849218+00:00,200,221,
auralink.com,registered,False,True,38.15,semantic,2026-08-30T20:37:44.153975+00:00,200,276,
auramesh.com,registered,False,True,38.15,semantic,2026-08-30T20:37:43.767569+00:00,200,262,
auranest.com,registered,False,True,38.15,semantic,2026-08-30T20:37:44.082474+00:00,200,329,
aurapath.com,registered,False,True,38.15,semantic,2026-08-30T20:37:44.294378+00:00,200,290,
aurawave.com,registered,False,True,38.15,semantic,2026-08-30T20:37:44.918341+00:00,200,287,
aurawing.com,registered,False,True,38.15,semantic,2026-08-30T20:37:45.276313+00:00,200,271,
aurawire.com,registered,False,True,38.15,semantic,2026-08-30T20:37:45.131065+00:00,200,251,
blinkbay.com,registered,False,True,38.15,semantic,2026-08-30T20:37:45.472526+00:00,200,218,
blinkhop.com,registry-absent,True,False,38.15,semantic,2026-08-30T20:37:45.655810+00:00,404,277,
calmdash.com,registered,False,True,38.15,semantic,2026-08-30T20:37:48.800122+00:00,200,294,
calmgate.com,registered,False,True,38.15,semantic,2026-08-30T20:37:49.079926+00:00,200,326,
calmlane.com,registered,False,True,38.15,semantic,2026-08-30T20:37:49.394022+00:00,200,263,
calmlink.com,registered,False,True,38.15,semantic,2026-08-30T20:37:49.920136+00:00,200,289,
calmnest.com,registered,False,True,38.15,semantic,2026-08-30T20:37:49.720109+00:00,200,217,
calmpath.com,registered,False,True,38.15,semantic,2026-08-30T20:37:49.533767+00:00,200,280,
calmwave.com,registered,False,True,38.15,semantic,2026-08-30T20:37:50.897014+00:00,200,268,
calmwing.com,registered,False,True,38.15,semantic,2026-08-30T20:37:51.040302+00:00,200,285,
calmwire.com,registered,False,True,38.15,semantic,2026-08-30T20:37:51.103236+00:00,200,225,
clearbay.com,registered,False,True,38.15,semantic,2026-08-30T20:37:53.060148+00:00,200,307,
clearhop.com,registered,False,True,38.15,semantic,2026-08-30T20:37:53.138117+00:00,200,260,
cloudbay.com,registered,False,True,38.15,semantic,2026-08-30T20:37:54.708386+00:00,200,328,
cloudhop.com,registered,False,True,38.15,semantic,2026-08-30T20:37:54.849630+00:00,200,221,
driftbay.com,registered,False,True,38.15,semantic,2026-08-30T20:37:58.760885+00:00,200,255,
drifthop.com,registry-absent,True,False,38.15,semantic,2026-08-30T20:37:59.095229+00:00,404,216,
emberbay.com,registered,False,True,38.15,semantic,2026-08-30T20:38:00.406345+00:00,200,275,
emberhop.com,registered,False,True,38.15,semantic,2026-08-30T20:38:00.721532+00:00,200,218,
everdash.com,registered,False,True,38.15,semantic,2026-08-30T20:38:02.955429+00:00,200,824,
evergate.com,registered,False,True,38.15,semantic,2026-08-30T20:38:02.683400+00:00,200,802,
everlink.com,registered,False,True,38.15,semantic,2026-08-30T20:38:02.640817+00:00,200,261,
evermesh.com,registered,False,True,38.15,semantic,2026-08-30T20:38:02.052036+00:00,200,296,
evernest.com,registered,False,True,38.15,semantic,2026-08-30T20:38:02.719395+00:00,200,215,
everpath.com,registered,False,True,38.15,semantic,2026-08-30T20:38:02.847572+00:00,200,216,
everwave.com,registered,False,True,38.15,semantic,2026-08-30T20:38:03.169060+00:00,200,291,
everwing.com,registered,False,True,38.15,semantic,2026-08-30T20:38:03.225601+00:00,200,220,
everwire.com,registered,False,True,38.15,semantic,2026-08-30T20:38:03.623408+00:00,200,245,
fastdash.com,registered,False,True,38.15,semantic,2026-08-30T20:38:03.721579+00:00,200,218,
fastgate.com,registered,False,True,38.15,semantic,2026-08-30T20:38:04.005177+00:00,200,253,
fastlane.com,registered,False,True,38.15,semantic,2026-08-30T20:38:04.223069+00:00,200,220,
fastlink.com,registered,False,True,38.15,semantic,2026-08-30T20:38:04.529182+00:00,200,273,
fastmesh.com,registered,False,True,38.15,semantic,2026-08-30T20:38:04.414825+00:00,200,286,
fastnest.com,registered,False,True,38.15,semantic,2026-08-30T20:38:04.739018+00:00,200,236,
fastpath.com,registered,False,True,38.15,semantic,2026-08-30T20:38:04.673909+00:00,200,293,
hushhaven.com,registered,False,True,37.8,curated,2026-08-30T20:36:34.426771+00:00,200,299,
brightshield.com,registered,False,True,37.75,curated,2026-08-30T20:15:24.813005+00:00,200,,
aerilux.com,registered,False,True,37.5,invented,2026-08-30T20:36:51.451850+00:00,200,198,
aerinix.com,registry-absent,True,False,37.5,invented,2026-08-30T20:36:51.653076+00:00,404,273,
aeririo.com,registry-absent,True,False,37.5,invented,2026-08-30T20:36:52.077870+00:00,404,200,
aerivia.com,registered,False,True,37.5,invented,2026-08-30T20:36:51.786719+00:00,200,284,
aerizen.com,registered,False,True,37.5,invented,2026-08-30T20:36:51.955042+00:00,200,201,
airolux.com,registered,False,True,37.5,invented,2026-08-30T20:36:56.204664+00:00,200,199,
aironix.com,registered,False,True,37.5,invented,2026-08-30T20:36:56.503939+00:00,200,251,
airorio.com,registry-absent,True,False,37.5,invented,2026-08-30T20:36:56.704944+00:00,404,199,
airovia.com,registered,False,True,37.5,invented,2026-08-30T20:36:56.370946+00:00,200,241,
airozen.com,registered,False,True,37.5,invented,2026-08-30T20:36:56.079528+00:00,200,200,
altilux.com,registered,False,True,37.5,invented,2026-08-30T20:37:00.951573+00:00,200,198,
altinix.com,registered,False,True,37.5,invented,2026-08-30T20:37:00.828269+00:00,200,200,
altirio.com,registry-absent,True,False,37.5,invented,2026-08-30T20:37:01.283176+00:00,404,277,
altivia.com,registered,False,True,37.5,invented,2026-08-30T20:37:00.755474+00:00,200,249,
altizen.com,registered,False,True,37.5,invented,2026-08-30T20:37:01.332829+00:00,200,206,
anvilux.com,registered,False,True,37.5,invented,2026-08-30T20:37:05.413287+00:00,200,287,
anvinix.com,registry-absent,True,False,37.5,invented,2026-08-30T20:37:05.698670+00:00,404,195,
anvirio.com,registry-absent,True,False,37.5,invented,2026-08-30T20:37:05.874056+00:00,404,243,
anvivia.com,registered,False,True,37.5,invented,2026-08-30T20:37:05.481188+00:00,200,226,
anvizen.com,registered,False,True,37.5,invented,2026-08-30T20:37:05.283649+00:00,200,280,
arcalux.com,registered,False,True,37.5,invented,2026-08-30T20:37:10.003854+00:00,200,251,
arcanix.com,registered,False,True,37.5,invented,2026-08-30T20:37:10.139757+00:00,200,260,
arcario.com,registered,False,True,37.5,invented,2026-08-30T20:37:10.527604+00:00,200,272,
arcavia.com,registered,False,True,37.5,invented,2026-08-30T20:37:10.210056+00:00,200,204,
arcazen.com,registered,False,True,37.5,invented,2026-08-30T20:37:10.336705+00:00,200,207,
ariolux.com,registry-absent,True,False,37.5,invented,2026-08-30T20:37:14.578663+00:00,404,200,
arionix.com,registered,False,True,37.5,invented,2026-08-30T20:37:14.916081+00:00,200,288,
ariorio.com,registered,False,True,37.5,invented,2026-08-30T20:37:15.382024+00:00,200,253,
ariovia.com,registry-absent,True,False,37.5,invented,2026-08-30T20:37:14.957620+00:00,404,202,
ariozen.com,registry-absent,True,False,37.5,invented,2026-08-30T20:37:14.393230+00:00,404,262,
arvilux.com,registry-absent,True,False,37.5,invented,2026-08-30T20:37:18.718099+00:00,404,217,
arvinix.com,registry-absent,True,False,37.5,invented,2026-08-30T20:37:19.554889+00:00,404,303,
arvirio.com,registry-absent,True,False,37.5,invented,2026-08-30T20:37:19.734196+00:00,404,229,
arvivia.com,registered,False,True,37.5,invented,2026-08-30T20:37:20.177559+00:00,200,298,
arvizen.com,registered,False,True,37.5,invented,2026-08-30T20:37:19.061713+00:00,200,309,
aurilux.com,registered,False,True,37.5,invented,2026-08-30T20:37:23.971248+00:00,200,217,
aurinix.com,registered,False,True,37.5,invented,2026-08-30T20:37:24.158232+00:00,200,280,
auririo.com,registered,False,True,37.5,invented,2026-08-30T20:37:24.369581+00:00,200,241,
aurivia.com,registered,False,True,37.5,invented,2026-08-30T20:37:24.302076+00:00,200,297,
aurizen.com,registered,False,True,37.5,invented,2026-08-30T20:37:23.779630+00:00,200,274,
aviolux.com,registered,False,True,37.5,invented,2026-08-30T20:37:28.878750+00:00,200,249,
avionix.com,registered,False,True,37.5,invented,2026-08-30T20:37:29.029158+00:00,200,276,
aviorio.com,registered,False,True,37.5,invented,2026-08-30T20:37:28.498374+00:00,200,245,
aviovia.com,registered,False,True,37.5,invented,2026-08-30T20:37:29.096020+00:00,200,219,
aviozen.com,registered,False,True,37.5,invented,2026-08-30T20:37:28.600475+00:00,200,220,
avralux.com,registered,False,True,37.5,invented,2026-08-30T20:37:33.348951+00:00,200,217,
avranix.com,registry-absent,True,False,37.5,invented,2026-08-30T20:37:33.280070+00:00,404,275,
avrario.com,registry-absent,True,False,37.5,invented,2026-08-30T20:37:33.664750+00:00,404,286,
avravia.com,registry-absent,True,False,37.5,invented,2026-08-30T20:37:33.141902+00:00,404,263,
avrazen.com,registered,False,True,37.5,invented,2026-08-30T20:37:33.470896+00:00,200,217,
aeriovpn.com,registry-absent,True,False,37.15,explicit-vpn,2026-08-30T20:38:05.788203+00:00,404,285,
airlovpn.com,registry-absent,True,False,37.15,explicit-vpn,2026-08-30T20:38:05.967986+00:00,404,216,
alviovpn.com,registry-absent,True,False,37.15,explicit-vpn,2026-08-30T20:38:05.845844+00:00,404,217,
arivovpn.com,registry-absent,True,False,37.15,explicit-vpn,2026-08-30T20:38:06.346765+00:00,404,218,
arviavpn.com,registry-absent,True,False,37.15,explicit-vpn,2026-08-30T20:38:06.246415+00:00,404,241,
auriovpn.com,registry-absent,True,False,37.15,explicit-vpn,2026-08-30T20:38:07.294241+00:00,404,291,
aurvovpn.com,registry-absent,True,False,37.15,explicit-vpn,2026-08-30T20:38:07.887215+00:00,404,259,
avelovpn.com,registered,False,True,37.15,explicit-vpn,2026-08-30T20:38:06.628643+00:00,200,251,
avenovpn.com,registry-absent,True,False,37.15,explicit-vpn,2026-08-30T20:38:06.474176+00:00,404,219,
averovpn.com,registry-absent,True,False,37.15,explicit-vpn,2026-08-30T20:38:06.770658+00:00,404,266,
avirovpn.com,registry-absent,True,False,37.15,explicit-vpn,2026-08-30T20:38:06.849951+00:00,404,219,
avoravpn.com,registry-absent,True,False,37.15,explicit-vpn,2026-08-30T20:38:07.149587+00:00,404,271,
avriovpn.com,registry-absent,True,False,37.15,explicit-vpn,2026-08-30T20:38:06.969011+00:00,404,215,
beliovpn.com,registry-absent,True,False,37.15,explicit-vpn,2026-08-30T20:38:07.673662+00:00,404,294,
belvavpn.com,registry-absent,True,False,37.15,explicit-vpn,2026-08-30T20:38:07.360566+00:00,404,233,
brivovpn.com,registry-absent,True,False,37.15,explicit-vpn,2026-08-30T20:38:07.744492+00:00,404,241,
cariovpn.com,registry-absent,True,False,37.15,explicit-vpn,2026-08-30T20:38:07.470930+00:00,404,218,
ceriovpn.com,registry-absent,True,False,37.15,explicit-vpn,2026-08-30T20:38:07.977745+00:00,404,221,
cervavpn.com,registry-absent,True,False,37.15,explicit-vpn,2026-08-30T20:38:08.474623+00:00,404,219,
dariovpn.com,registry-absent,True,False,37.15,explicit-vpn,2026-08-30T20:38:08.408774+00:00,404,277,
darvavpn.com,registry-absent,True,False,37.15,explicit-vpn,2026-08-30T20:38:08.598929+00:00,404,220,
deliovpn.com,registry-absent,True,False,37.15,explicit-vpn,2026-08-30T20:38:08.935621+00:00,404,308,
dervovpn.com,registry-absent,True,False,37.15,explicit-vpn,2026-08-30T20:38:09.097790+00:00,404,219,
elarovpn.com,registry-absent,True,False,37.15,explicit-vpn,2026-08-30T20:38:08.972263+00:00,404,217,
elviovpn.com,registry-absent,True,False,37.15,explicit-vpn,2026-08-30T20:38:08.863096+00:00,404,358,
enarovpn.com,registry-absent,True,False,37.15,explicit-vpn,2026-08-30T20:38:09.394328+00:00,404,263,
enviovpn.com,registry-absent,True,False,37.15,explicit-vpn,2026-08-30T20:38:09.249198+00:00,404,245,
evanovpn.com,registry-absent,True,False,37.15,explicit-vpn,2026-08-30T20:38:09.770763+00:00,404,267,
evirovpn.com,registry-absent,True,False,37.15,explicit-vpn,2026-08-30T20:38:10.150294+00:00,404,772,
faliovpn.com,registry-absent,True,False,37.15,explicit-vpn,2026-08-30T20:38:09.914766+00:00,404,286,
fervovpn.com,registry-absent,True,False,37.15,explicit-vpn,2026-08-30T20:38:09.983236+00:00,404,231,
fivravpn.com,registry-absent,True,False,37.15,explicit-vpn,2026-08-30T20:38:09.471958+00:00,404,218,
haliovpn.com,registry-absent,True,False,37.15,explicit-vpn,2026-08-30T20:38:10.725952+00:00,404,221,
halvovpn.com,registry-absent,True,False,37.15,explicit-vpn,2026-08-30T20:38:10.369744+00:00,404,243,
ilarovpn.com,registry-absent,True,False,37.15,explicit-vpn,2026-08-30T20:38:10.595497+00:00,404,217,
ilviovpn.com,registry-absent,True,False,37.15,explicit-vpn,2026-08-30T20:38:10.297733+00:00,404,293,
kariovpn.com,registry-absent,True,False,37.15,explicit-vpn,2026-08-30T20:38:10.507273+00:00,404,256,
kelvovpn.com,registry-absent,True,False,37.15,explicit-vpn,2026-08-30T20:38:11.599350+00:00,404,219,
lariovpn.com,registry-absent,True,False,37.15,explicit-vpn,2026-08-30T20:38:11.106732+00:00,404,228,
lenvovpn.com,registry-absent,True,False,37.15,explicit-vpn,2026-08-30T20:38:11.417545+00:00,404,287,
lioravpn.com,registry-absent,True,False,37.15,explicit-vpn,2026-08-30T20:38:11.031761+00:00,404,278,
lirvovpn.com,registry-absent,True,False,37.15,explicit-vpn,2026-08-30T20:38:11.222974+00:00,404,218,
lumiovpn.com,registered,False,True,37.15,explicit-vpn,2026-08-30T20:38:12.222313+00:00,200,218,
lumvovpn.com,registry-absent,True,False,37.15,explicit-vpn,2026-08-30T20:38:11.722250+00:00,404,219,
marvovpn.com,registry-absent,True,False,37.15,explicit-vpn,2026-08-30T20:38:12.016434+00:00,404,264,
meliovpn.com,registered,False,True,37.15,explicit-vpn,2026-08-30T20:38:12.097577+00:00,200,218,
meriovpn.com,registry-absent,True,False,37.15,explicit-vpn,2026-08-30T20:38:12.392068+00:00,404,264,
mirvovpn.com,registry-absent,True,False,37.15,explicit-vpn,2026-08-30T20:38:11.934505+00:00,404,307,
naviovpn.com,registry-absent,True,False,37.15,explicit-vpn,2026-08-30T20:38:12.601590+00:00,404,223,
navrovpn.com,registered,False,True,37.15,explicit-vpn,2026-08-30T20:38:13.064388+00:00,200,309,
neliovpn.com,registry-absent,True,False,37.15,explicit-vpn,2026-08-30T20:38:13.129858+00:00,404,250,
nervovpn.com,registry-absent,True,False,37.15,explicit-vpn,2026-08-30T20:38:12.536962+00:00,404,281,
neviovpn.com,registry-absent,True,False,37.15,explicit-vpn,2026-08-30T20:38:12.725994+00:00,404,222,
nexiovpn.com,registry-absent,True,False,37.15,explicit-vpn,2026-08-30T20:38:12.916389+00:00,404,285,
nexvovpn.com,registry-absent,True,False,37.15,explicit-vpn,2026-08-30T20:38:13.347016+00:00,404,217,
niviovpn.com,registry-absent,True,False,37.15,explicit-vpn,2026-08-30T20:38:13.722630+00:00,404,219,
norvavpn.com,registry-absent,True,False,37.15,explicit-vpn,2026-08-30T20:38:13.582296+00:00,404,327,
noviovpn.com,registry-absent,True,False,37.15,explicit-vpn,2026-08-30T20:38:13.655358+00:00,404,276,
nyviovpn.com,registry-absent,True,False,37.15,explicit-vpn,2026-08-30T20:38:13.849741+00:00,404,221,
orviovpn.com,registry-absent,True,False,37.15,explicit-vpn,2026-08-30T20:38:14.346635+00:00,404,216,
paviovpn.com,registry-absent,True,False,37.15,explicit-vpn,2026-08-30T20:38:14.037063+00:00,404,284,
qariovpn.com,registry-absent,True,False,37.15,explicit-vpn,2026-08-30T20:38:14.177041+00:00,404,299,
raviovpn.com,registry-absent,True,False,37.15,explicit-vpn,2026-08-30T20:38:14.564783+00:00,404,308,
relvovpn.com,registry-absent,True,False,37.15,explicit-vpn,2026-08-30T20:38:14.635638+00:00,404,256,
reviovpn.com,registry-absent,True,False,37.15,explicit-vpn,2026-08-30T20:38:14.723604+00:00,404,217,
ruviovpn.com,registry-absent,True,False,37.15,explicit-vpn,2026-08-30T20:38:14.849091+00:00,404,219,
saviovpn.com,registry-absent,True,False,37.15,explicit-vpn,2026-08-30T20:38:15.013243+00:00,404,260,
selvovpn.com,registry-absent,True,False,37.15,explicit-vpn,2026-08-30T20:38:15.229057+00:00,404,223,
solvavpn.com,registry-absent,True,False,37.15,explicit-vpn,2026-08-30T20:38:15.538573+00:00,404,285,
soriovpn.com,registry-absent,True,False,37.15,explicit-vpn,2026-08-30T20:38:16.062966+00:00,404,307,
talvovpn.com,registry-absent,True,False,37.15,explicit-vpn,2026-08-30T20:38:15.847031+00:00,404,216,
tariovpn.com,registry-absent,True,False,37.15,explicit-vpn,2026-08-30T20:38:16.134001+00:00,404,254,
tervovpn.com,registry-absent,True,False,37.15,explicit-vpn,2026-08-30T20:38:15.748170+00:00,404,242,
teviovpn.com,registry-absent,True,False,37.15,explicit-vpn,2026-08-30T20:38:15.684099+00:00,404,304,
trivovpn.com,registry-absent,True,False,37.15,explicit-vpn,2026-08-30T20:38:16.347086+00:00,404,217,
ulviovpn.com,registry-absent,True,False,37.15,explicit-vpn,2026-08-30T20:38:16.660507+00:00,404,281,
variovpn.com,registry-absent,True,False,37.15,explicit-vpn,2026-08-30T20:38:16.274885+00:00,404,271,
veliovpn.com,registry-absent,True,False,37.15,explicit-vpn,2026-08-30T20:38:16.472580+00:00,404,218,
velvovpn.com,registry-absent,True,False,37.15,explicit-vpn,2026-08-30T20:38:16.806151+00:00,404,303,
veriovpn.com,registry-absent,True,False,37.15,explicit-vpn,2026-08-30T20:38:16.846102+00:00,404,218,
viarovpn.com,registry-absent,True,False,37.15,explicit-vpn,2026-08-30T20:38:16.971106+00:00,404,218,
viriovpn.com,registry-absent,True,False,37.15,explicit-vpn,2026-08-30T20:38:17.182848+00:00,404,305,
voliovpn.com,registry-absent,True,False,37.15,explicit-vpn,2026-08-30T20:38:17.470942+00:00,404,217,
voriavpn.com,registry-absent,True,False,37.15,explicit-vpn,2026-08-30T20:38:17.255558+00:00,404,250,
xaliovpn.com,registry-absent,True,False,37.15,explicit-vpn,2026-08-30T20:38:17.635795+00:00,404,257,
xeviovpn.com,registry-absent,True,False,37.15,explicit-vpn,2026-08-30T20:38:17.972709+00:00,404,220,
yariovpn.com,registry-absent,True,False,37.15,explicit-vpn,2026-08-30T20:38:17.780898+00:00,404,277,
zariovpn.com,registry-absent,True,False,37.15,explicit-vpn,2026-08-30T20:38:17.847139+00:00,404,219,
zelvovpn.com,registry-absent,True,False,37.15,explicit-vpn,2026-08-30T20:38:18.310652+00:00,404,304,
zeviovpn.com,registered,False,True,37.15,explicit-vpn,2026-08-30T20:38:18.755310+00:00,200,250,
zoriovpn.com,registry-absent,True,False,37.15,explicit-vpn,2026-08-30T20:38:18.478365+00:00,404,226,
aerohaven.com,registered,False,True,36.8,semantic,2026-08-30T20:37:37.478937+00:00,200,348,
airyhaven.com,registered,False,True,36.8,semantic,2026-08-30T20:37:39.095595+00:00,200,217,
arcsphere.com,registered,False,True,36.8,semantic,2026-08-30T20:37:42.720715+00:00,200,217,
blinkdash.com,registered,False,True,36.8,semantic,2026-08-30T20:37:45.347441+00:00,200,218,
blinkgate.com,registered,False,True,36.8,semantic,2026-08-30T20:37:44.978092+00:00,200,224,
blinklink.com,registered,False,True,36.8,semantic,2026-08-30T20:37:46.982522+00:00,200,853,
blinkmesh.com,registered,False,True,36.8,semantic,2026-08-30T20:37:45.869400+00:00,200,238,
blinknest.com,registered,False,True,36.8,semantic,2026-08-30T20:37:45.970619+00:00,200,217,
blinkpath.com,registered,False,True,36.8,semantic,2026-08-30T20:37:46.248960+00:00,200,370,
blinkwave.com,registered,False,True,36.8,semantic,2026-08-30T20:37:46.475407+00:00,200,222,
blinkwing.com,registered,False,True,36.8,semantic,2026-08-30T20:37:46.594312+00:00,200,216,
blinkwire.com,registered,False,True,36.8,semantic,2026-08-30T20:37:46.772032+00:00,200,269,
brightbay.com,registered,False,True,36.8,semantic,2026-08-30T20:37:46.914173+00:00,200,286,
brighthop.com,registered,False,True,36.8,semantic,2026-08-30T20:37:47.298825+00:00,200,296,
calmhaven.com,registered,False,True,36.8,semantic,2026-08-30T20:37:48.873096+00:00,200,246,
cipherhop.com,registered,False,True,36.8,semantic,2026-08-30T20:37:52.017985+00:00,200,262,
cleardash.com,registered,False,True,36.8,semantic,2026-08-30T20:37:53.224079+00:00,200,221,
cleargate.com,registered,False,True,36.8,semantic,2026-08-30T20:37:53.352558+00:00,200,221,
clearlink.com,registered,False,True,36.8,semantic,2026-08-30T20:37:53.666004+00:00,200,286,
clearmesh.com,registered,False,True,36.8,semantic,2026-08-30T20:37:53.519670+00:00,200,267,
clearnest.com,registered,False,True,36.8,semantic,2026-08-30T20:37:53.728120+00:00,200,223,
clearpath.com,registered,False,True,36.8,semantic,2026-08-30T20:37:54.345301+00:00,200,217,
clearwave.com,registered,False,True,36.8,semantic,2026-08-30T20:37:54.259738+00:00,200,254,
clearwing.com,registered,False,True,36.8,semantic,2026-08-30T20:37:54.183577+00:00,200,306,
clearwire.com,registered,False,True,36.8,semantic,2026-08-30T20:37:54.471115+00:00,200,216,
cloudgate.com,registered,False,True,36.8,semantic,2026-08-30T20:37:54.981230+00:00,200,227,
cloudlink.com,registered,False,True,36.8,semantic,2026-08-30T20:37:54.780230+00:00,200,277,
cloudmesh.com,registered,False,True,36.8,semantic,2026-08-30T20:37:55.162881+00:00,200,281,
cloudnest.com,registered,False,True,36.8,semantic,2026-08-30T20:37:55.851919+00:00,200,221,
cloudpath.com,registered,False,True,36.8,semantic,2026-08-30T20:37:55.412919+00:00,200,286,
cloudwave.com,registered,False,True,36.8,semantic,2026-08-30T20:37:55.471982+00:00,200,218,
cloudwing.com,registered,False,True,36.8,semantic,2026-08-30T20:37:55.976046+00:00,200,222,
cloudwire.com,registered,False,True,36.8,semantic,2026-08-30T20:37:56.475131+00:00,200,219,
covertbay.com,registered,False,True,36.8,semantic,2026-08-30T20:37:56.139918+00:00,200,259,
coverthop.com,registry-absent,True,False,36.8,semantic,2026-08-30T20:37:56.875125+00:00,404,247,
driftdash.com,registered,False,True,36.8,semantic,2026-08-30T20:37:58.474629+00:00,200,220,
driftgate.com,registered,False,True,36.8,semantic,2026-08-30T20:37:58.594805+00:00,200,215,
driftlink.com,registered,False,True,36.8,semantic,2026-08-30T20:37:59.499096+00:00,200,245,
driftmesh.com,registered,False,True,36.8,semantic,2026-08-30T20:37:59.879729+00:00,200,249,
driftnest.com,registered,False,True,36.8,semantic,2026-08-30T20:37:59.428823+00:00,200,301,
driftpath.com,registered,False,True,36.8,semantic,2026-08-30T20:37:59.596657+00:00,200,217,
driftwave.com,registered,False,True,36.8,semantic,2026-08-30T20:37:59.719964+00:00,200,215,
driftwing.com,registered,False,True,36.8,semantic,2026-08-30T20:38:00.089756+00:00,200,335,
driftwire.com,registered,False,True,36.8,semantic,2026-08-30T20:38:00.093339+00:00,200,216,
emberdash.com,registered,False,True,36.8,semantic,2026-08-30T20:38:00.598045+00:00,200,217,
embergate.com,registered,False,True,36.8,semantic,2026-08-30T20:38:00.545349+00:00,200,292,
emberlink.com,registered,False,True,36.8,semantic,2026-08-30T20:38:01.093003+00:00,200,215,
embermesh.com,registered,False,True,36.8,semantic,2026-08-30T20:38:01.002516+00:00,200,249,
embernest.com,registered,False,True,36.8,semantic,2026-08-30T20:38:00.931319+00:00,200,302,
emberpath.com,registered,False,True,36.8,semantic,2026-08-30T20:38:01.906595+00:00,200,276,
emberwave.com,registered,False,True,36.8,semantic,2026-08-30T20:38:01.599950+00:00,200,220,
emberwing.com,registered,False,True,36.8,semantic,2026-08-30T20:38:01.532166+00:00,200,276,
emberwire.com,registered,False,True,36.8,semantic,2026-08-30T20:38:01.382543+00:00,200,253,
fasthaven.com,registered,False,True,36.8,semantic,2026-08-30T20:38:04.151210+00:00,200,271,
hiddenlane.com,registered,False,True,36.45,curated,2026-08-30T20:36:45.708721+00:00,200,203,
cirovavpn.com,registry-absent,True,False,35.8,explicit-vpn,2026-08-30T20:38:08.098338+00:00,404,220,
nexoravpn.com,registered,False,True,35.8,explicit-vpn,2026-08-30T20:38:13.220307+00:00,200,218,
zenviovpn.com,registry-absent,True,False,35.8,explicit-vpn,2026-08-30T20:38:18.160886+00:00,404,283,
aerosphere.com,registered,False,True,35.45,semantic,2026-08-30T20:37:38.524543+00:00,200,270,
airysphere.com,registry-absent,True,False,35.45,semantic,2026-08-30T20:37:40.726936+00:00,404,223,
aurasphere.com,registered,False,True,35.45,semantic,2026-08-30T20:37:44.676630+00:00,200,297,
brightdash.com,registered,False,True,35.45,semantic,2026-08-30T20:37:46.969412+00:00,200,215,
brightgate.com,registered,False,True,35.45,semantic,2026-08-30T20:37:47.098919+00:00,200,221,
brightlink.com,registered,False,True,35.45,semantic,2026-08-30T20:37:47.472868+00:00,200,220,
brightmesh.com,registered,False,True,35.45,semantic,2026-08-30T20:37:47.595446+00:00,200,216,
brightnest.com,registered,False,True,35.45,semantic,2026-08-30T20:37:47.752545+00:00,200,248,
brightpath.com,registered,False,True,35.45,semantic,2026-08-30T20:37:47.899274+00:00,200,268,
brightwave.com,registered,False,True,35.45,semantic,2026-08-30T20:37:48.488644+00:00,200,235,
brightwing.com,registered,False,True,35.45,semantic,2026-08-30T20:37:48.095544+00:00,200,216,
brightwire.com,registered,False,True,35.45,semantic,2026-08-30T20:37:48.426936+00:00,200,297,
calmsphere.com,registered,False,True,35.45,semantic,2026-08-30T20:37:50.218250+00:00,200,215,
cipherdash.com,registered,False,True,35.45,semantic,2026-08-30T20:37:51.421706+00:00,200,292,
ciphergate.com,registered,False,True,35.45,semantic,2026-08-30T20:37:51.494136+00:00,200,240,
cipherlink.com,registered,False,True,35.45,semantic,2026-08-30T20:37:52.161440+00:00,200,283,
ciphermesh.com,registered,False,True,35.45,semantic,2026-08-30T20:37:51.845655+00:00,200,218,
cipherwing.com,registered,False,True,35.45,semantic,2026-08-30T20:37:52.682777+00:00,200,302,
cipherwire.com,registered,False,True,35.45,semantic,2026-08-30T20:37:52.851811+00:00,200,222,
covertdash.com,registry-absent,True,False,35.45,semantic,2026-08-30T20:37:56.286625+00:00,404,281,
covertgate.com,registry-absent,True,False,35.45,semantic,2026-08-30T20:37:56.664082+00:00,404,285,
covertlink.com,registered,False,True,35.45,semantic,2026-08-30T20:37:57.473295+00:00,200,220,
covertmesh.com,registry-absent,True,False,35.45,semantic,2026-08-30T20:37:57.093017+00:00,404,214,
covertnest.com,registered,False,True,35.45,semantic,2026-08-30T20:37:56.971257+00:00,200,218,
covertpath.com,registered,False,True,35.45,semantic,2026-08-30T20:37:57.261443+00:00,200,256,
covertwave.com,registered,False,True,35.45,semantic,2026-08-30T20:37:58.379908+00:00,200,249,
covertwing.com,registry-absent,True,False,35.45,semantic,2026-08-30T20:37:58.972356+00:00,404,220,
covertwire.com,registered,False,True,35.45,semantic,2026-08-30T20:37:58.905828+00:00,200,278,
eversphere.com,registered,False,True,35.45,semantic,2026-08-30T20:38:03.348681+00:00,200,218,
fastsphere.com,registered,False,True,35.45,semantic,2026-08-30T20:38:05.124203+00:00,200,245,
calmmesh.com,registered,False,True,35.15,semantic,2026-08-30T20:37:49.597229+00:00,200,216,
ciphercloak.com,registered,False,True,35.1,semantic,2026-08-30T20:37:51.220625+00:00,200,218,
clearshield.com,registered,False,True,35.1,semantic,2026-08-30T20:37:54.112430+00:00,200,358,
clearsphere.com,registered,False,True,35.1,curated,2026-08-30T20:16:31.935698+00:00,200,,
covertcloak.com,registry-absent,True,False,35.1,semantic,2026-08-30T20:37:56.351130+00:00,404,222,
covertrelay.com,registered,False,True,35.1,semantic,2026-08-30T20:37:57.396456+00:00,200,266,
covertroute.com,registry-absent,True,False,35.1,semantic,2026-08-30T20:37:58.308820+00:00,404,297,
covertvault.com,registered,False,True,35.1,semantic,2026-08-30T20:37:57.978216+00:00,200,225,
securedrift.com,registered,False,True,35.1,curated,2026-08-30T20:36:46.538398+00:00,200,286,
stealthlane.com,registered,False,True,35.1,curated,2026-08-30T20:36:46.831298+00:00,200,202,
veloravpn.com,registered,False,True,34.8,explicit-vpn,2026-08-30T20:12:20.974835+00:00,200,,
arctunnel.com,registered,False,True,33.8,semantic,2026-08-30T20:37:42.844958+00:00,200,215,
clouddash.com,registered,False,True,33.8,semantic,2026-08-30T20:37:55.303186+00:00,200,298,
ciphershield.com,registered,False,True,33.75,semantic,2026-08-30T20:37:52.348684+00:00,200,221,
covertshield.com,registered,False,True,33.75,semantic,2026-08-30T20:37:57.925057+00:00,200,297,
bala.com,registered,False,True,33.55,invented-fill,2026-08-30T20:38:18.684537+00:00,200,303,
balo.com,registered,False,True,33.55,invented-fill,2026-08-30T20:38:18.369127+00:00,200,238,
bana.com,registered,False,True,33.55,invented-fill,2026-08-30T20:38:18.898309+00:00,200,267,
bano.com,registered,False,True,33.55,invented-fill,2026-08-30T20:38:18.972724+00:00,200,220,
bara.com,registered,False,True,33.55,invented-fill,2026-08-30T20:38:19.281678+00:00,200,276,
baro.com,registered,False,True,33.55,invented-fill,2026-08-30T20:38:19.102123+00:00,200,221,
bava.com,registered,False,True,33.55,invented-fill,2026-08-30T20:38:19.418022+00:00,200,287,
bavo.com,registered,False,True,33.55,invented-fill,2026-08-30T20:38:19.475238+00:00,200,224,
bela.com,registered,False,True,33.55,invented-fill,2026-08-30T20:38:19.972927+00:00,200,219,
belo.com,registered,False,True,33.55,invented-fill,2026-08-30T20:38:19.879919+00:00,200,249,
bena.com,registered,False,True,33.55,invented-fill,2026-08-30T20:38:20.097576+00:00,200,218,
beno.com,registered,False,True,33.55,invented-fill,2026-08-30T20:38:20.256701+00:00,200,250,
bera.com,registered,False,True,33.55,invented-fill,2026-08-30T20:38:20.404754+00:00,200,273,
bero.com,registered,False,True,33.55,invented-fill,2026-08-30T20:38:20.476146+00:00,200,222,
beva.com,registered,False,True,33.55,invented-fill,2026-08-30T20:38:20.595848+00:00,200,217,
bevo.com,registered,False,True,33.55,invented-fill,2026-08-30T20:38:20.781713+00:00,200,278,
bila.com,registered,False,True,33.55,invented-fill,2026-08-30T20:38:21.163714+00:00,200,286,
bilo.com,registered,False,True,33.55,invented-fill,2026-08-30T20:38:21.305932+00:00,200,303,
bina.com,registered,False,True,33.55,invented-fill,2026-08-30T20:38:21.377410+00:00,200,249,
bino.com,registered,False,True,33.55,invented-fill,2026-08-30T20:38:21.594456+00:00,200,216,
bira.com,registered,False,True,33.55,invented-fill,2026-08-30T20:38:21.723926+00:00,200,219,
biro.com,registered,False,True,33.55,invented-fill,2026-08-30T20:38:21.583647+00:00,200,328,
biva.com,registered,False,True,33.55,invented-fill,2026-08-30T20:38:21.902192+00:00,200,274,
bivo.com,registered,False,True,33.55,invented-fill,2026-08-30T20:38:22.047260+00:00,200,295,
bola.com,registered,False,True,33.55,invented-fill,2026-08-30T20:38:22.429514+00:00,200,300,
bolo.com,registered,False,True,33.55,invented-fill,2026-08-30T20:38:22.502313+00:00,200,249,
bona.com,registered,False,True,33.55,invented-fill,2026-08-30T20:38:22.597194+00:00,200,219,
bono.com,registered,False,True,33.55,invented-fill,2026-08-30T20:38:22.723541+00:00,200,219,
bora.com,registered,False,True,33.55,invented-fill,2026-08-30T20:38:22.878692+00:00,200,250,
boro.com,registered,False,True,33.55,invented-fill,2026-08-30T20:38:23.098884+00:00,200,221,
bova.com,registered,False,True,33.55,invented-fill,2026-08-30T20:38:23.222798+00:00,200,221,
bovo.com,registered,False,True,33.55,invented-fill,2026-08-30T20:38:23.023564+00:00,200,270,
bula.com,registered,False,True,33.55,invented-fill,2026-08-30T20:38:23.928653+00:00,200,301,
bulo.com,registered,False,True,33.55,invented-fill,2026-08-30T20:38:24.000796+00:00,200,248,
buna.com,registered,False,True,33.55,invented-fill,2026-08-30T20:38:23.727913+00:00,200,225,
buno.com,registered,False,True,33.55,invented-fill,2026-08-30T20:38:23.611023+00:00,200,233,
bura.com,registered,False,True,33.55,invented-fill,2026-08-30T20:38:24.136481+00:00,200,258,
buro.com,registered,False,True,33.55,invented-fill,2026-08-30T20:38:24.220515+00:00,200,218,
buva.com,registered,False,True,33.55,invented-fill,2026-08-30T20:38:24.346170+00:00,200,218,
aerotunnel.com,registered,False,True,32.45,semantic,2026-08-30T20:37:38.720337+00:00,200,217,
airytunnel.com,registry-absent,True,False,32.45,semantic,2026-08-30T20:37:41.147688+00:00,404,268,
auratunnel.com,registered,False,True,32.45,semantic,2026-08-30T20:37:44.751884+00:00,200,249,
calmtunnel.com,registry-absent,True,False,32.45,semantic,2026-08-30T20:37:50.526248+00:00,404,273,
evertunnel.com,registry-absent,True,False,32.45,semantic,2026-08-30T20:38:03.029778+00:00,404,277,
fasttunnel.com,registered,False,True,32.45,semantic,2026-08-30T20:38:05.346187+00:00,200,218,
bario.com,registered,False,True,32.2,invented-fill,2026-08-30T20:38:19.805444+00:00,200,301,
bavia.com,registered,False,True,32.2,invented-fill,2026-08-30T20:38:19.595922+00:00,200,216,
berio.com,registered,False,True,32.2,invented-fill,2026-08-30T20:38:20.990242+00:00,200,236,
bevia.com,registered,False,True,32.2,invented-fill,2026-08-30T20:38:20.930496+00:00,200,299,
birio.com,registered,False,True,32.2,invented-fill,2026-08-30T20:38:22.223919+00:00,200,218,
bivia.com,registered,False,True,32.2,invented-fill,2026-08-30T20:38:22.096666+00:00,200,219,
borio.com,registered,False,True,32.2,invented-fill,2026-08-30T20:38:23.550836+00:00,200,295,
bovia.com,registered,False,True,32.2,invented-fill,2026-08-30T20:38:23.403649+00:00,200,272,
blinktunnel.com,registered,False,True,32.1,curated,2026-08-30T20:15:03.883393+00:00,200,,
cipherrelay.com,registered,False,True,32.1,semantic,2026-08-30T20:37:52.230591+00:00,200,226,
cipherroute.com,registered,False,True,32.1,semantic,2026-08-30T20:37:51.721047+00:00,200,216,
blinksphere.com,registered,False,True,31.1,semantic,2026-08-30T20:37:46.248856+00:00,200,244,
brighthaven.com,registered,False,True,31.1,semantic,2026-08-30T20:37:47.381152+00:00,200,251,
cipherhaven.com,registered,False,True,31.1,semantic,2026-08-30T20:37:51.630136+00:00,200,252,
cloudsphere.com,registered,False,True,31.1,semantic,2026-08-30T20:37:55.764098+00:00,200,260,
coverthaven.com,registered,False,True,31.1,semantic,2026-08-30T20:37:56.807431+00:00,200,306,
driftsphere.com,registered,False,True,31.1,semantic,2026-08-30T20:37:59.286244+00:00,200,284,
embersphere.com,registered,False,True,31.1,semantic,2026-08-30T20:38:01.223398+00:00,200,218,
brightsphere.com,registered,False,True,29.75,semantic,2026-08-30T20:37:47.975036+00:00,200,220,
ciphersphere.com,registered,False,True,29.75,semantic,2026-08-30T20:37:52.539974+00:00,200,287,
covertsphere.com,registry-absent,True,False,29.75,semantic,2026-08-30T20:37:57.599402+00:00,404,221,
cleartunnel.com,registered,False,True,28.1,semantic,2026-08-30T20:37:53.850901+00:00,200,223,
cloudtunnel.com,registered,False,True,28.1,semantic,2026-08-30T20:37:55.688969+00:00,200,309,
drifttunnel.com,registry-absent,True,False,28.1,semantic,2026-08-30T20:38:00.223067+00:00,404,217,
embertunnel.com,registered,False,True,28.1,semantic,2026-08-30T20:38:02.266646+00:00,200,762,
brighttunnel.com,registered,False,True,26.75,semantic,2026-08-30T20:37:48.275223+00:00,200,270,
ciphertunnel.com,registered,False,True,26.75,semantic,2026-08-30T20:37:52.722274+00:00,200,219,
coverttunnel.com,registry-absent,True,False,26.75,semantic,2026-08-30T20:37:57.786133+00:00,404,281,
